pr_number,title,repository,repository_full,state,author,created_at,updated_at,closed_at,comments_count,labels,label_count,days_open,url,body_length,year_month,year,month,quarter,is_merged,is_closed,is_open
1,test,getground-candidate-task,jeremychia/getground-candidate-task,merged,jeremychia,2023-05-22 18:46:04+00:00,2023-05-22 18:46:18+00:00,2023-05-22 18:46:18+00:00,0,,0,0,https://github.com/jeremychia/getground-candidate-task/pull/1,0,2023-05,2023,5,Q2 2023,True,False,False
10957,Documentation additions for set-up guide (dbvisualiser.md),warehouse-jobs,vinted/warehouse-jobs,merged,jeremychia,2023-08-17 09:30:49+00:00,2023-08-30 08:15:54+00:00,2023-08-30 08:15:53+00:00,0,,0,12,https://github.com/vinted/warehouse-jobs/pull/10957,73,2023-08,2023,8,Q3 2023,True,False,False
10969,Documentation additions - set-up for DBeaver,warehouse-jobs,vinted/warehouse-jobs,merged,jeremychia,2023-08-17 12:49:49+00:00,2023-08-21 13:00:06+00:00,2023-08-18 08:44:51+00:00,3,,0,0,https://github.com/vinted/warehouse-jobs/pull/10969,454,2023-08,2023,8,Q3 2023,True,False,False
11013,Fix to image rendering on Documentation Guide,warehouse-jobs,vinted/warehouse-jobs,merged,jeremychia,2023-08-21 13:03:01+00:00,2023-08-22 06:52:26+00:00,2023-08-22 06:52:25+00:00,2,,0,0,https://github.com/vinted/warehouse-jobs/pull/11013,93,2023-08,2023,8,Q3 2023,True,False,False
11030,Add Email Verification dimensions into the User,warehouse-jobs,vinted/warehouse-jobs,merged,jeremychia,2023-08-22 15:45:25+00:00,2023-08-31 15:30:37+00:00,2023-08-31 13:40:27+00:00,6,,0,8,https://github.com/vinted/warehouse-jobs/pull/11030,424,2023-08,2023,8,Q3 2023,True,False,False
11123,Add documentation in ItemDimensions,warehouse-jobs,vinted/warehouse-jobs,merged,jeremychia,2023-08-29 13:10:13+00:00,2023-08-29 14:26:45+00:00,2023-08-29 14:26:44+00:00,1,,0,0,https://github.com/vinted/warehouse-jobs/pull/11123,526,2023-08,2023,8,Q3 2023,True,False,False
2013,Adding new dimensions to views for User Register and Registration Verification,lookml,vinted/lookml,merged,jeremychia,2023-08-30 15:44:06+00:00,2023-09-01 14:17:33+00:00,2023-09-01 14:17:31+00:00,1,,0,1,https://github.com/vinted/lookml/pull/2013,436,2023-08,2023,8,Q3 2023,True,False,False
2016,New measures in item_upload_feedback_batch_view,lookml,vinted/lookml,merged,jeremychia,2023-08-31 11:34:00+00:00,2023-08-31 11:39:25+00:00,2023-08-31 11:39:24+00:00,0,,0,0,https://github.com/vinted/lookml/pull/2016,174,2023-08,2023,8,Q3 2023,True,False,False
2019,Correction of measure types in item_upload_feedback_batch_view,lookml,vinted/lookml,merged,jeremychia,2023-08-31 12:59:18+00:00,2023-08-31 13:12:02+00:00,2023-08-31 13:12:01+00:00,0,,0,0,https://github.com/vinted/lookml/pull/2019,84,2023-08,2023,8,Q3 2023,True,False,False
11159,Remove offending test issues from CucumberTest,warehouse-jobs,vinted/warehouse-jobs,merged,jeremychia,2023-08-31 14:45:49+00:00,2023-08-31 15:41:40+00:00,2023-08-31 15:29:08+00:00,1,,0,0,https://github.com/vinted/warehouse-jobs/pull/11159,102,2023-08,2023,8,Q3 2023,True,False,False
11161,Remove ignore from EmailVerificationDimension test,warehouse-jobs,vinted/warehouse-jobs,merged,jeremychia,2023-08-31 16:00:55+00:00,2023-09-01 07:38:36+00:00,2023-09-01 07:38:35+00:00,1,,0,0,https://github.com/vinted/warehouse-jobs/pull/11161,151,2023-08,2023,8,Q3 2023,True,False,False
2023,Add earliest and latest local date for ItemUploadFeedbacks,lookml,vinted/lookml,merged,jeremychia,2023-09-01 08:43:09+00:00,2023-09-05 06:52:53+00:00,2023-09-05 06:52:52+00:00,0,,0,3,https://github.com/vinted/lookml/pull/2023,70,2023-09,2023,9,Q3 2023,True,False,False
2041,Expose braze custom events report,lookml,vinted/lookml,closed,jeremychia,2023-09-06 14:09:46+00:00,2023-09-06 14:18:59+00:00,2023-09-06 14:18:59+00:00,0,,0,0,https://github.com/vinted/lookml/pull/2041,267,2023-09,2023,9,Q3 2023,False,True,False
11313,Adds listingFactCols to list for readability,warehouse-jobs,vinted/warehouse-jobs,closed,jeremychia,2023-09-12 09:54:40+00:00,2023-09-12 18:01:40+00:00,2023-09-12 18:01:40+00:00,2,,0,0,https://github.com/vinted/warehouse-jobs/pull/11313,95,2023-09,2023,9,Q3 2023,False,True,False
11334,Adding HighValueFashionUserDimensions,warehouse-jobs,vinted/warehouse-jobs,merged,jeremychia,2023-09-13 10:05:30+00:00,2023-09-22 14:18:30+00:00,2023-09-22 14:18:29+00:00,4,,0,9,https://github.com/vinted/warehouse-jobs/pull/11334,571,2023-09,2023,9,Q3 2023,True,False,False
2086,Expose HighValueFashion dimensions to Looker (Archived),lookml,vinted/lookml,closed,jeremychia,2023-09-18 19:16:37+00:00,2023-09-18 19:21:09+00:00,2023-09-18 19:20:50+00:00,1,,0,0,https://github.com/vinted/lookml/pull/2086,156,2023-09,2023,9,Q3 2023,False,True,False
2087,Expose HighValueFashion dimensions,lookml,vinted/lookml,merged,jeremychia,2023-09-18 19:20:38+00:00,2023-09-25 14:24:32+00:00,2023-09-25 14:24:30+00:00,0,,0,6,https://github.com/vinted/lookml/pull/2087,156,2023-09,2023,9,Q3 2023,True,False,False
2108,Reformatting Impala Query Profiles,lookml,vinted/lookml,merged,jeremychia,2023-09-22 09:43:24+00:00,2023-09-25 06:31:34+00:00,2023-09-25 06:31:33+00:00,0,,0,2,https://github.com/vinted/lookml/pull/2108,263,2023-09,2023,9,Q3 2023,True,False,False
11486,Join HVF User Dimensions on User All Dims,warehouse-jobs,vinted/warehouse-jobs,merged,jeremychia,2023-09-22 14:51:34+00:00,2023-09-25 09:46:27+00:00,2023-09-25 09:46:26+00:00,4,,0,2,https://github.com/vinted/warehouse-jobs/pull/11486,121,2023-09,2023,9,Q3 2023,True,False,False
11497,chore: test - ignore,warehouse-jobs,vinted/warehouse-jobs,closed,jeremychia,2023-09-25 11:18:18+00:00,2023-09-25 11:54:38+00:00,2023-09-25 11:54:38+00:00,1,,0,0,https://github.com/vinted/warehouse-jobs/pull/11497,14,2023-09,2023,9,Q3 2023,False,True,False
11504,Update required version of business monitoring tools for MonetisationMetrics,warehouse-jobs,vinted/warehouse-jobs,merged,jeremychia,2023-09-26 07:04:35+00:00,2023-09-26 07:36:21+00:00,2023-09-26 07:36:20+00:00,1,,0,0,https://github.com/vinted/warehouse-jobs/pull/11504,90,2023-09,2023,9,Q3 2023,True,False,False
2119,Enhancements to HVF Dimensions,lookml,vinted/lookml,merged,jeremychia,2023-09-26 12:51:41+00:00,2023-09-26 13:41:01+00:00,2023-09-26 13:41:00+00:00,0,,0,0,https://github.com/vinted/lookml/pull/2119,62,2023-09,2023,9,Q3 2023,True,False,False
2140,Join HVF User dimensions to Listings,lookml,vinted/lookml,merged,jeremychia,2023-10-02 14:00:30+00:00,2023-10-04 06:43:32+00:00,2023-10-04 06:43:31+00:00,0,,0,1,https://github.com/vinted/lookml/pull/2140,168,2023-10,2023,10,Q4 2023,True,False,False
2147,Change table calculations in Item Sale ,lookml,vinted/lookml,merged,jeremychia,2023-10-04 10:35:30+00:00,2023-10-04 12:53:05+00:00,2023-10-04 12:53:04+00:00,0,,0,0,https://github.com/vinted/lookml/pull/2147,733,2023-10,2023,10,Q4 2023,True,False,False
2148,Optimisation: add dimensions and measures in Items Sale,lookml,vinted/lookml,merged,jeremychia,2023-10-04 14:54:56+00:00,2023-10-05 07:23:16+00:00,2023-10-05 07:19:15+00:00,0,,0,0,https://github.com/vinted/lookml/pull/2148,1323,2023-10,2023,10,Q4 2023,True,False,False
11626,Replace dependencies on Catalog Information with CatalogsDimensions,warehouse-jobs,vinted/warehouse-jobs,merged,jeremychia,2023-10-05 08:11:39+00:00,2023-10-06 08:23:06+00:00,2023-10-05 13:14:04+00:00,5,,0,0,https://github.com/vinted/warehouse-jobs/pull/11626,510,2023-10,2023,10,Q4 2023,True,False,False
11632,Move transformation for HVF category to CatalogsDimension,warehouse-jobs,vinted/warehouse-jobs,closed,jeremychia,2023-10-05 12:00:12+00:00,2023-10-06 08:42:18+00:00,2023-10-06 08:42:17+00:00,5,,0,0,https://github.com/vinted/warehouse-jobs/pull/11632,281,2023-10,2023,10,Q4 2023,False,True,False
2155,Fix label name item_sale,lookml,vinted/lookml,merged,jeremychia,2023-10-05 13:47:09+00:00,2023-10-10 06:56:48+00:00,2023-10-10 06:56:47+00:00,0,,0,4,https://github.com/vinted/lookml/pull/2155,30,2023-10,2023,10,Q4 2023,True,False,False
11646,Add dimensions.catalogs to user_items_hourly_module,warehouse-jobs,vinted/warehouse-jobs,merged,jeremychia,2023-10-06 06:51:11+00:00,2023-10-06 08:22:40+00:00,2023-10-06 07:03:38+00:00,1,,0,0,https://github.com/vinted/warehouse-jobs/pull/11646,611,2023-10,2023,10,Q4 2023,True,False,False
11649,Move transformation for HVF category to CatalogsDimension,warehouse-jobs,vinted/warehouse-jobs,merged,jeremychia,2023-10-06 08:41:47+00:00,2023-10-06 09:04:25+00:00,2023-10-06 09:04:24+00:00,1,,0,0,https://github.com/vinted/warehouse-jobs/pull/11649,281,2023-10,2023,10,Q4 2023,True,False,False
11670,Replace Catalogs dependency in UserListingsDominantCategoryBatchView,warehouse-jobs,vinted/warehouse-jobs,merged,jeremychia,2023-10-09 11:31:39+00:00,2023-10-10 08:18:14+00:00,2023-10-10 08:18:13+00:00,2,,0,0,https://github.com/vinted/warehouse-jobs/pull/11670,762,2023-10,2023,10,Q4 2023,True,False,False
11687,Batch view for Offline Verification Item Sales,warehouse-jobs,vinted/warehouse-jobs,merged,jeremychia,2023-10-10 06:05:02+00:00,2023-10-10 16:57:56+00:00,2023-10-10 16:52:19+00:00,8,,0,0,https://github.com/vinted/warehouse-jobs/pull/11687,315,2023-10,2023,10,Q4 2023,True,False,False
2180,Expose offline_verification_item_sale_weekly_data,lookml,vinted/lookml,merged,jeremychia,2023-10-10 17:19:52+00:00,2023-10-11 06:48:33+00:00,2023-10-11 06:48:32+00:00,0,,0,0,https://github.com/vinted/lookml/pull/2180,280,2023-10,2023,10,Q4 2023,True,False,False
11714,Amend HAOV Item Sale Batch View,warehouse-jobs,vinted/warehouse-jobs,merged,jeremychia,2023-10-11 06:38:53+00:00,2023-10-11 08:52:26+00:00,2023-10-11 08:52:25+00:00,2,,0,0,https://github.com/vinted/warehouse-jobs/pull/11714,794,2023-10,2023,10,Q4 2023,True,False,False
2181,"Amendments to batch view HOAV - brand, local date",lookml,vinted/lookml,merged,jeremychia,2023-10-11 08:47:54+00:00,2023-10-11 09:29:14+00:00,2023-10-11 09:29:13+00:00,0,,0,0,https://github.com/vinted/lookml/pull/2181,182,2023-10,2023,10,Q4 2023,True,False,False
11727,Batch view for Offline Verification Listings,warehouse-jobs,vinted/warehouse-jobs,merged,jeremychia,2023-10-11 12:59:16+00:00,2023-10-12 09:22:21+00:00,2023-10-12 09:22:20+00:00,6,,0,0,https://github.com/vinted/warehouse-jobs/pull/11727,311,2023-10,2023,10,Q4 2023,True,False,False
2182,Expose offline_verification_listing_daily_data,lookml,vinted/lookml,merged,jeremychia,2023-10-11 14:44:34+00:00,2023-10-12 14:41:21+00:00,2023-10-12 14:41:20+00:00,0,,0,0,https://github.com/vinted/lookml/pull/2182,280,2023-10,2023,10,Q4 2023,True,False,False
11735,Add cucumber test to ItemSale HOAV Batch View,warehouse-jobs,vinted/warehouse-jobs,merged,jeremychia,2023-10-12 08:40:36+00:00,2023-10-12 09:22:22+00:00,2023-10-12 09:22:20+00:00,1,,0,0,https://github.com/vinted/warehouse-jobs/pull/11735,105,2023-10,2023,10,Q4 2023,True,False,False
11745,Cucumber test for offline verification eligibility status,warehouse-jobs,vinted/warehouse-jobs,merged,jeremychia,2023-10-12 14:28:51+00:00,2023-10-12 15:18:47+00:00,2023-10-12 15:18:46+00:00,1,,0,0,https://github.com/vinted/warehouse-jobs/pull/11745,957,2023-10,2023,10,Q4 2023,True,False,False
2188,Adds sale-buy country code,lookml,vinted/lookml,merged,jeremychia,2023-10-13 07:06:39+00:00,2023-10-13 10:49:47+00:00,2023-10-13 10:49:46+00:00,0,,0,0,https://github.com/vinted/lookml/pull/2188,140,2023-10,2023,10,Q4 2023,True,False,False
11765,Replace is_banned filter with Suspicious user filters in HAOV Batch Views,warehouse-jobs,vinted/warehouse-jobs,merged,jeremychia,2023-10-13 13:29:53+00:00,2023-10-27 10:08:08+00:00,2023-10-27 10:08:07+00:00,10,,0,13,https://github.com/vinted/warehouse-jobs/pull/11765,460,2023-10,2023,10,Q4 2023,True,False,False
2212,Change name of table + update documentation,lookml,vinted/lookml,merged,jeremychia,2023-10-24 11:14:31+00:00,2023-10-30 11:19:56+00:00,2023-10-30 11:19:56+00:00,0,,0,6,https://github.com/vinted/lookml/pull/2212,234,2023-10,2023,10,Q4 2023,True,False,False
11903,Adding price groups based on EUR spot rates in ItemDimension,warehouse-jobs,vinted/warehouse-jobs,merged,jeremychia,2023-10-24 13:10:08+00:00,2023-10-26 08:22:12+00:00,2023-10-26 08:22:11+00:00,13,,0,1,https://github.com/vinted/warehouse-jobs/pull/11903,850,2023-10,2023,10,Q4 2023,True,False,False
11939,Introduce HVF Items Dimension,warehouse-jobs,vinted/warehouse-jobs,merged,jeremychia,2023-10-25 14:46:56+00:00,2023-11-03 13:35:54+00:00,2023-11-03 13:35:53+00:00,9,,0,8,https://github.com/vinted/warehouse-jobs/pull/11939,582,2023-10,2023,10,Q4 2023,True,False,False
11949,Adds currency translations in ItemImportedDimension + cucumberTest,warehouse-jobs,vinted/warehouse-jobs,merged,jeremychia,2023-10-26 10:22:30+00:00,2023-10-30 12:17:24+00:00,2023-10-30 12:17:23+00:00,13,,0,4,https://github.com/vinted/warehouse-jobs/pull/11949,1229,2023-10,2023,10,Q4 2023,True,False,False
2230,Change reference to listing_price_eur_fixed,lookml,vinted/lookml,closed,jeremychia,2023-10-26 14:32:30+00:00,2024-11-24 11:49:13+00:00,2023-10-31 07:58:16+00:00,2,,0,4,https://github.com/vinted/lookml/pull/2230,477,2023-10,2023,10,Q4 2023,False,True,False
11977,Offline Verification Dimensions additions,warehouse-jobs,vinted/warehouse-jobs,merged,jeremychia,2023-10-27 10:53:55+00:00,2023-10-30 11:06:16+00:00,2023-10-30 11:06:15+00:00,6,,0,3,https://github.com/vinted/warehouse-jobs/pull/11977,513,2023-10,2023,10,Q4 2023,True,False,False
2240,Adds dimension+count for is_offline_verification_eligible_at_listing_creation,lookml,vinted/lookml,merged,jeremychia,2023-10-30 11:37:49+00:00,2023-10-31 08:38:26+00:00,2023-10-31 08:38:25+00:00,2,,0,0,https://github.com/vinted/lookml/pull/2240,300,2023-10,2023,10,Q4 2023,True,False,False
12013,Fix package weight fact,warehouse-jobs,vinted/warehouse-jobs,merged,jeremychia,2023-10-31 07:49:52+00:00,2023-10-31 11:28:44+00:00,2023-10-31 11:28:43+00:00,4,,0,0,https://github.com/vinted/warehouse-jobs/pull/12013,263,2023-10,2023,10,Q4 2023,True,False,False
2242,Expose price group dimensions to ListingFact,lookml,vinted/lookml,merged,jeremychia,2023-10-31 09:18:18+00:00,2023-11-01 09:37:17+00:00,2023-11-01 09:37:16+00:00,1,,0,1,https://github.com/vinted/lookml/pull/2242,851,2023-10,2023,10,Q4 2023,True,False,False
2243,Expose HVF Listing status dimensions,lookml,vinted/lookml,merged,jeremychia,2023-10-31 13:42:02+00:00,2023-11-06 10:10:11+00:00,2023-11-06 10:10:10+00:00,1,,0,5,https://github.com/vinted/lookml/pull/2243,268,2023-10,2023,10,Q4 2023,True,False,False
2246,Add new HVF+HOAV to ItemSale Looks,lookml,vinted/lookml,merged,jeremychia,2023-11-01 09:12:21+00:00,2023-11-06 10:17:38+00:00,2023-11-06 10:17:37+00:00,1,,0,5,https://github.com/vinted/lookml/pull/2246,519,2023-11,2023,11,Q4 2023,True,False,False
12041,Fix date format in ItemImportedDimension,warehouse-jobs,vinted/warehouse-jobs,merged,jeremychia,2023-11-02 15:13:44+00:00,2023-11-02 16:28:20+00:00,2023-11-02 16:28:19+00:00,1,,0,0,https://github.com/vinted/warehouse-jobs/pull/12041,870,2023-11,2023,11,Q4 2023,True,False,False
2249,Hiding Fixed EUR Listing Price Groups in Listings,lookml,vinted/lookml,merged,jeremychia,2023-11-03 10:56:19+00:00,2023-11-03 11:00:25+00:00,2023-11-03 11:00:24+00:00,0,,0,0,https://github.com/vinted/lookml/pull/2249,209,2023-11,2023,11,Q4 2023,True,False,False
2252,Adds HVF Dimensions in Item Sales Incl. Non Escrow,lookml,vinted/lookml,merged,jeremychia,2023-11-06 10:26:28+00:00,2023-11-06 14:37:00+00:00,2023-11-06 14:36:59+00:00,0,,0,0,https://github.com/vinted/lookml/pull/2252,285,2023-11,2023,11,Q4 2023,True,False,False
12074,Coalesce false in ItemDimension,warehouse-jobs,vinted/warehouse-jobs,merged,jeremychia,2023-11-06 12:56:55+00:00,2023-11-06 16:05:06+00:00,2023-11-06 16:05:05+00:00,1,,0,0,https://github.com/vinted/warehouse-jobs/pull/12074,350,2023-11,2023,11,Q4 2023,True,False,False
2255,Remove additional field from item_sale join,lookml,vinted/lookml,merged,jeremychia,2023-11-06 13:10:14+00:00,2023-11-06 13:12:15+00:00,2023-11-06 13:12:14+00:00,0,,0,0,https://github.com/vinted/lookml/pull/2255,123,2023-11,2023,11,Q4 2023,True,False,False
2260,Hides Offline Verification Eligible Now from Item Sale,lookml,vinted/lookml,merged,jeremychia,2023-11-07 13:43:51+00:00,2023-11-22 10:34:41+00:00,2023-11-22 10:34:40+00:00,0,,0,14,https://github.com/vinted/lookml/pull/2260,163,2023-11,2023,11,Q4 2023,True,False,False
12257,Introduce new dimensions for reg2emailverify_7d,warehouse-jobs,vinted/warehouse-jobs,merged,jeremychia,2023-11-16 10:13:11+00:00,2023-11-16 16:23:32+00:00,2023-11-16 16:23:31+00:00,5,,0,0,https://github.com/vinted/warehouse-jobs/pull/12257,1014,2023-11,2023,11,Q4 2023,True,False,False
2319,Remove forum deprecation dimensions [bug fix],lookml,vinted/lookml,merged,jeremychia,2023-11-27 12:06:07+00:00,2023-11-27 12:23:14+00:00,2023-11-27 12:23:13+00:00,1,,0,0,https://github.com/vinted/lookml/pull/2319,378,2023-11,2023,11,Q4 2023,True,False,False
2330,Introducing HVF Users Batch View,lookml,vinted/lookml,merged,jeremychia,2023-11-30 11:01:42+00:00,2023-12-04 14:02:45+00:00,2023-12-04 14:02:44+00:00,0,,0,4,https://github.com/vinted/lookml/pull/2330,508,2023-11,2023,11,Q4 2023,True,False,False
12447,Introducing HVF Users Batch View,warehouse-jobs,vinted/warehouse-jobs,merged,jeremychia,2023-11-30 13:53:20+00:00,2023-12-04 11:57:53+00:00,2023-12-04 11:57:52+00:00,6,,0,3,https://github.com/vinted/warehouse-jobs/pull/12447,856,2023-11,2023,11,Q4 2023,True,False,False
12496,"HVF Users Dim: Sequence, First Listing/Purchase Price Additions",warehouse-jobs,vinted/warehouse-jobs,merged,jeremychia,2023-12-04 16:35:02+00:00,2023-12-06 16:39:16+00:00,2023-12-06 16:39:15+00:00,18,,0,2,https://github.com/vinted/warehouse-jobs/pull/12496,1426,2023-12,2023,12,Q4 2023,True,False,False
2347,"HVF Users Dim: Sequence, First Listing/Purhcase Price Additions",lookml,vinted/lookml,merged,jeremychia,2023-12-05 10:05:20+00:00,2023-12-07 10:55:08+00:00,2023-12-07 10:55:07+00:00,1,,0,2,https://github.com/vinted/lookml/pull/2347,1090,2023-12,2023,12,Q4 2023,True,False,False
12507,Add country code to HVF Batch View,warehouse-jobs,vinted/warehouse-jobs,merged,jeremychia,2023-12-05 12:19:17+00:00,2023-12-06 10:39:10+00:00,2023-12-06 10:39:09+00:00,5,,0,0,https://github.com/vinted/warehouse-jobs/pull/12507,417,2023-12,2023,12,Q4 2023,True,False,False
2348,Add country code to HVF Batch View,lookml,vinted/lookml,closed,jeremychia,2023-12-05 12:29:10+00:00,2024-11-24 11:46:48+00:00,2023-12-05 12:30:13+00:00,0,,0,0,https://github.com/vinted/lookml/pull/2348,14,2023-12,2023,12,Q4 2023,False,True,False
2349,Add country code to HVF Batch View,lookml,vinted/lookml,merged,jeremychia,2023-12-05 12:30:39+00:00,2023-12-06 11:32:05+00:00,2023-12-06 11:32:04+00:00,0,,0,0,https://github.com/vinted/lookml/pull/2349,363,2023-12,2023,12,Q4 2023,True,False,False
12542,Import HVF Targets,warehouse-jobs,vinted/warehouse-jobs,closed,jeremychia,2023-12-06 15:04:40+00:00,2023-12-07 08:50:25+00:00,2023-12-07 08:50:25+00:00,0,,0,0,https://github.com/vinted/warehouse-jobs/pull/12542,649,2023-12,2023,12,Q4 2023,False,True,False
12551,Switch dependencies in HighValueFashionUserDimension back to ItemSaleFact,warehouse-jobs,vinted/warehouse-jobs,merged,jeremychia,2023-12-07 08:46:52+00:00,2023-12-07 14:51:18+00:00,2023-12-07 14:51:17+00:00,2,,0,0,https://github.com/vinted/warehouse-jobs/pull/12551,650,2023-12,2023,12,Q4 2023,True,False,False
12553,Importing HVF Targets from Google Sheets,warehouse-jobs,vinted/warehouse-jobs,merged,jeremychia,2023-12-07 08:51:12+00:00,2023-12-07 12:15:56+00:00,2023-12-07 12:15:55+00:00,1,,0,0,https://github.com/vinted/warehouse-jobs/pull/12553,649,2023-12,2023,12,Q4 2023,True,False,False
12565,Use lister_nth_listing in HVFUserDim,warehouse-jobs,vinted/warehouse-jobs,merged,jeremychia,2023-12-07 14:08:00+00:00,2023-12-07 18:13:54+00:00,2023-12-07 18:13:53+00:00,2,,0,0,https://github.com/vinted/warehouse-jobs/pull/12565,343,2023-12,2023,12,Q4 2023,True,False,False
12569,Create Aggregates for HVF Listings and ItemSale,warehouse-jobs,vinted/warehouse-jobs,merged,jeremychia,2023-12-07 16:47:24+00:00,2023-12-13 12:39:36+00:00,2023-12-13 12:39:35+00:00,8,,0,5,https://github.com/vinted/warehouse-jobs/pull/12569,566,2023-12,2023,12,Q4 2023,True,False,False
2376,Expose HVF Aggregate tables,lookml,vinted/lookml,merged,jeremychia,2023-12-12 13:03:46+00:00,2023-12-18 10:53:08+00:00,2023-12-18 10:53:07+00:00,0,,0,5,https://github.com/vinted/lookml/pull/2376,116,2023-12,2023,12,Q4 2023,True,False,False
2377,Declare primary key in high_value_fashion_user_batch_view,lookml,vinted/lookml,merged,jeremychia,2023-12-12 13:38:44+00:00,2023-12-12 13:48:14+00:00,2023-12-12 13:48:13+00:00,0,,0,0,https://github.com/vinted/lookml/pull/2377,92,2023-12,2023,12,Q4 2023,True,False,False
12758,HVF Actual vs Targets,warehouse-jobs,vinted/warehouse-jobs,merged,jeremychia,2023-12-20 16:00:30+00:00,2023-12-21 18:08:54+00:00,2023-12-21 18:08:53+00:00,6,,0,1,https://github.com/vinted/warehouse-jobs/pull/12758,2279,2023-12,2023,12,Q4 2023,True,False,False
2417,HVF Actual vs Targets,lookml,vinted/lookml,merged,jeremychia,2023-12-21 11:15:15+00:00,2023-12-22 08:08:08+00:00,2023-12-22 08:08:07+00:00,0,,0,0,https://github.com/vinted/lookml/pull/2417,141,2023-12,2023,12,Q4 2023,True,False,False
12780,Remedy erroneous join in HVFItemAgg,warehouse-jobs,vinted/warehouse-jobs,merged,jeremychia,2023-12-21 15:24:05+00:00,2023-12-21 16:26:38+00:00,2023-12-21 16:26:37+00:00,0,,0,0,https://github.com/vinted/warehouse-jobs/pull/12780,221,2023-12,2023,12,Q4 2023,True,False,False
2420,Corrections to HVF Act vs Target,lookml,vinted/lookml,merged,jeremychia,2023-12-22 09:44:12+00:00,2023-12-22 09:45:51+00:00,2023-12-22 09:45:50+00:00,0,,0,0,https://github.com/vinted/lookml/pull/2420,225,2023-12,2023,12,Q4 2023,True,False,False
12787,Use detailed price groups for HVF Agg,warehouse-jobs,vinted/warehouse-jobs,merged,jeremychia,2023-12-22 10:14:46+00:00,2023-12-22 12:29:22+00:00,2023-12-22 12:29:21+00:00,0,,0,0,https://github.com/vinted/warehouse-jobs/pull/12787,771,2023-12,2023,12,Q4 2023,True,False,False
2421,Use detailed price groups for HVF Agg,lookml,vinted/lookml,merged,jeremychia,2023-12-22 10:16:48+00:00,2024-01-02 08:12:09+00:00,2024-01-02 08:12:08+00:00,1,,0,10,https://github.com/vinted/lookml/pull/2421,592,2023-12,2023,12,Q4 2023,True,False,False
12800,Correct condition for sold_items_ovs_eligible in HVFItemSaleAgg,warehouse-jobs,vinted/warehouse-jobs,merged,jeremychia,2023-12-22 13:19:00+00:00,2023-12-22 15:37:13+00:00,2023-12-22 15:37:12+00:00,0,,0,0,https://github.com/vinted/warehouse-jobs/pull/12800,418,2023-12,2023,12,Q4 2023,True,False,False
2424,Div0 for HVF Aggs,lookml,vinted/lookml,merged,jeremychia,2023-12-22 16:45:50+00:00,2023-12-22 16:52:09+00:00,2023-12-22 16:52:08+00:00,0,,0,0,https://github.com/vinted/lookml/pull/2424,145,2023-12,2023,12,Q4 2023,True,False,False
12812,Remove is_refunded from Sold Items conditions in HVF Agg,warehouse-jobs,vinted/warehouse-jobs,merged,jeremychia,2023-12-27 11:24:48+00:00,2024-01-03 16:03:57+00:00,2024-01-03 16:03:56+00:00,0,,0,7,https://github.com/vinted/warehouse-jobs/pull/12812,569,2023-12,2023,12,Q4 2023,True,False,False
1023,refactor: shift agg in competitors' listings to a mart prep,dataverse-marketplace-dbt,vinted/dataverse-marketplace-dbt,closed,jeremychia,2023-12-27 15:46:25+00:00,2023-12-28 08:00:46+00:00,2023-12-28 08:00:46+00:00,5,"transformations, competitive_intelligence",2,0,https://github.com/vinted/dataverse-marketplace-dbt/pull/1023,756,2023-12,2023,12,Q4 2023,False,True,False
1028,chore: remove get_item_price_segments from growth macros,dataverse-marketplace-dbt,vinted/dataverse-marketplace-dbt,merged,jeremychia,2023-12-28 11:52:57+00:00,2023-12-28 12:24:37+00:00,2023-12-28 12:20:34+00:00,3,"transformations, growth",2,0,https://github.com/vinted/dataverse-marketplace-dbt/pull/1028,494,2023-12,2023,12,Q4 2023,True,False,False
133,chore: add get_item_price_segments to shared macros yml,dataverse-dbt-shared,vinted/dataverse-dbt-shared,merged,jeremychia,2023-12-28 11:58:27+00:00,2023-12-28 12:10:48+00:00,2023-12-28 12:10:47+00:00,0,transformations,1,0,https://github.com/vinted/dataverse-dbt-shared/pull/133,501,2023-12,2023,12,Q4 2023,True,False,False
1031,feat: introduce vestiaire_listings_aggregated,dataverse-marketplace-dbt,vinted/dataverse-marketplace-dbt,closed,jeremychia,2023-12-28 15:02:21+00:00,2023-12-29 08:23:47+00:00,2023-12-29 08:23:47+00:00,2,"transformations, competitive_intelligence",2,0,https://github.com/vinted/dataverse-marketplace-dbt/pull/1031,1400,2023-12,2023,12,Q4 2023,False,True,False
1033,feat: introduce vestiaire_listings_aggregated + vc_listings adjusted,dataverse-marketplace-dbt,vinted/dataverse-marketplace-dbt,merged,jeremychia,2023-12-29 08:23:59+00:00,2023-12-29 11:29:45+00:00,2023-12-29 11:26:03+00:00,4,"transformations, competitive_intelligence",2,0,https://github.com/vinted/dataverse-marketplace-dbt/pull/1033,1563,2023-12,2023,12,Q4 2023,True,False,False
1034,fix: spelling for freshness test (tradera),dataverse-marketplace-dbt,vinted/dataverse-marketplace-dbt,merged,jeremychia,2023-12-29 08:46:40+00:00,2023-12-29 09:58:16+00:00,2023-12-29 09:54:32+00:00,3,"transformations, competitive_intelligence",2,0,https://github.com/vinted/dataverse-marketplace-dbt/pull/1034,896,2023-12,2023,12,Q4 2023,True,False,False
1036,fix: yaml versions,dataverse-marketplace-dbt,vinted/dataverse-marketplace-dbt,merged,jeremychia,2023-12-29 10:36:27+00:00,2023-12-29 10:52:25+00:00,2023-12-29 10:49:04+00:00,3,"transformations, competitive_intelligence",2,0,https://github.com/vinted/dataverse-marketplace-dbt/pull/1036,374,2023-12,2023,12,Q4 2023,True,False,False
1041,feat: agg_by_date_hvf_listings,dataverse-marketplace-dbt,vinted/dataverse-marketplace-dbt,merged,jeremychia,2023-12-29 15:33:41+00:00,2024-01-02 14:29:43+00:00,2024-01-02 14:25:48+00:00,4,"transformations, competitive_intelligence",2,3,https://github.com/vinted/dataverse-marketplace-dbt/pull/1041,646,2023-12,2023,12,Q4 2023,True,False,False
12854,Ingest HVF Aggs from BigQuery into DWH,warehouse-jobs,vinted/warehouse-jobs,merged,jeremychia,2023-12-29 15:42:45+00:00,2024-01-03 10:26:47+00:00,2024-01-03 10:26:46+00:00,4,,0,4,https://github.com/vinted/warehouse-jobs/pull/12854,314,2023-12,2023,12,Q4 2023,True,False,False
135,chore: make price groups (binned price) consistent,dataverse-dbt-shared,vinted/dataverse-dbt-shared,open,jeremychia,2024-01-02 15:47:13+00:00,2024-01-02 15:57:40+00:00,0001-01-01 00:00:00+00:00,0,transformations,1,-738887,https://github.com/vinted/dataverse-dbt-shared/pull/135,450,2024-01,2024,1,Q1 2024,False,False,True
12871,Include VC Listings to HVF Targets vs Actuals,warehouse-jobs,vinted/warehouse-jobs,merged,jeremychia,2024-01-02 17:20:29+00:00,2024-01-03 10:26:47+00:00,2024-01-03 10:26:46+00:00,0,,0,0,https://github.com/vinted/warehouse-jobs/pull/12871,300,2024-01,2024,1,Q1 2024,True,False,False
1055,fix: remove kids categories from hvf,dataverse-marketplace-dbt,vinted/dataverse-marketplace-dbt,merged,jeremychia,2024-01-03 09:22:34+00:00,2024-01-03 13:28:45+00:00,2024-01-03 13:24:30+00:00,3,"transformations, competitive_intelligence",2,0,https://github.com/vinted/dataverse-marketplace-dbt/pull/1055,349,2024-01,2024,1,Q1 2024,True,False,False
12878,Include Total HVF Market Listings in HVF Targets vs Actuals,warehouse-jobs,vinted/warehouse-jobs,merged,jeremychia,2024-01-03 10:11:41+00:00,2024-01-03 16:38:29+00:00,2024-01-03 16:38:28+00:00,2,,0,0,https://github.com/vinted/warehouse-jobs/pull/12878,290,2024-01,2024,1,Q1 2024,True,False,False
2436,Expose Competitors' Metrics to HVF Targets vs Actual,lookml,vinted/lookml,merged,jeremychia,2024-01-03 16:31:10+00:00,2024-01-04 09:44:31+00:00,2024-01-04 09:44:30+00:00,0,,0,0,https://github.com/vinted/lookml/pull/2436,480,2024-01,2024,1,Q1 2024,True,False,False
12910,Change HVF ItemSales Agg Source,warehouse-jobs,vinted/warehouse-jobs,merged,jeremychia,2024-01-04 13:00:14+00:00,2024-01-04 14:33:47+00:00,2024-01-04 14:33:46+00:00,0,,0,0,https://github.com/vinted/warehouse-jobs/pull/12910,411,2024-01,2024,1,Q1 2024,True,False,False
12920,docu: updates readme for nix,warehouse-jobs,vinted/warehouse-jobs,merged,jeremychia,2024-01-05 08:21:40+00:00,2024-01-05 09:19:23+00:00,2024-01-05 09:19:22+00:00,0,,0,0,https://github.com/vinted/warehouse-jobs/pull/12920,228,2024-01,2024,1,Q1 2024,True,False,False
12921,Update dependency for HVF ItemSales Agg,warehouse-jobs,vinted/warehouse-jobs,merged,jeremychia,2024-01-05 08:49:25+00:00,2024-01-05 10:08:46+00:00,2024-01-05 10:08:45+00:00,2,,0,0,https://github.com/vinted/warehouse-jobs/pull/12921,132,2024-01,2024,1,Q1 2024,True,False,False
2439,Adds filters for HVF Views,lookml,vinted/lookml,merged,jeremychia,2024-01-05 09:07:42+00:00,2024-01-05 09:22:54+00:00,2024-01-05 09:22:53+00:00,0,,0,0,https://github.com/vinted/lookml/pull/2439,51,2024-01,2024,1,Q1 2024,True,False,False
12924,Corrects conditions on HVF ItemSale Agg,warehouse-jobs,vinted/warehouse-jobs,merged,jeremychia,2024-01-05 09:24:32+00:00,2024-01-05 10:42:15+00:00,2024-01-05 10:42:14+00:00,1,,0,0,https://github.com/vinted/warehouse-jobs/pull/12924,236,2024-01,2024,1,Q1 2024,True,False,False
2440,chore: update definition of sold items metrics,lookml,vinted/lookml,merged,jeremychia,2024-01-05 11:04:44+00:00,2024-01-05 11:21:47+00:00,2024-01-05 11:21:46+00:00,0,,0,0,https://github.com/vinted/lookml/pull/2440,324,2024-01,2024,1,Q1 2024,True,False,False
12927,Change source in HVF Listing Agg to ItemSaleInclNonEscrowFact,warehouse-jobs,vinted/warehouse-jobs,merged,jeremychia,2024-01-05 11:24:25+00:00,2024-01-05 12:36:47+00:00,2024-01-05 12:36:46+00:00,1,,0,0,https://github.com/vinted/warehouse-jobs/pull/12927,128,2024-01,2024,1,Q1 2024,True,False,False
12943,HVF Weekly Targets vs Actuals,warehouse-jobs,vinted/warehouse-jobs,merged,jeremychia,2024-01-08 11:43:48+00:00,2024-01-09 12:15:03+00:00,2024-01-09 12:15:02+00:00,9,,0,1,https://github.com/vinted/warehouse-jobs/pull/12943,1151,2024-01,2024,1,Q1 2024,True,False,False
2452,Weekly HVF Targets vs Actuals,lookml,vinted/lookml,merged,jeremychia,2024-01-09 08:59:20+00:00,2024-01-09 09:57:16+00:00,2024-01-09 09:57:15+00:00,1,,0,0,https://github.com/vinted/lookml/pull/2452,591,2024-01,2024,1,Q1 2024,True,False,False
2453,Improve docu on Monthly HVF Targets vs Actuals,lookml,vinted/lookml,merged,jeremychia,2024-01-09 09:47:07+00:00,2024-01-26 11:23:30+00:00,2024-01-26 11:23:29+00:00,1,,0,17,https://github.com/vinted/lookml/pull/2453,315,2024-01,2024,1,Q1 2024,True,False,False
12975,Introduce centralised job for Holidays,warehouse-jobs,vinted/warehouse-jobs,merged,jeremychia,2024-01-09 17:11:53+00:00,2024-01-26 12:05:43+00:00,2024-01-26 12:05:43+00:00,8,,0,16,https://github.com/vinted/warehouse-jobs/pull/12975,710,2024-01,2024,1,Q1 2024,True,False,False
1,Create pipeline,scsg-airtable,jeremychia/scsg-airtable,merged,jeremychia,2024-01-09 21:28:42+00:00,2024-01-10 21:09:17+00:00,2024-01-10 21:09:17+00:00,0,,0,0,https://github.com/jeremychia/scsg-airtable/pull/1,230,2024-01,2024,1,Q1 2024,True,False,False
12988,Adds week_start_date to Weekly HVF Targets vs Actuals,warehouse-jobs,vinted/warehouse-jobs,merged,jeremychia,2024-01-10 12:02:50+00:00,2024-01-10 15:40:47+00:00,2024-01-10 15:40:46+00:00,1,,0,0,https://github.com/vinted/warehouse-jobs/pull/12988,228,2024-01,2024,1,Q1 2024,True,False,False
2457,Adds week_start_date to Weekly HVF Targets vs Actuals,lookml,vinted/lookml,merged,jeremychia,2024-01-10 12:28:04+00:00,2024-01-18 13:33:12+00:00,2024-01-18 13:33:11+00:00,0,,0,8,https://github.com/vinted/lookml/pull/2457,228,2024-01,2024,1,Q1 2024,True,False,False
12992,fix: group by on agg tables to fix competitors listings,warehouse-jobs,vinted/warehouse-jobs,merged,jeremychia,2024-01-10 13:52:41+00:00,2024-01-10 15:27:59+00:00,2024-01-10 15:27:58+00:00,2,,0,0,https://github.com/vinted/warehouse-jobs/pull/12992,233,2024-01,2024,1,Q1 2024,True,False,False
2,Introducing Github Actions,scsg-airtable,jeremychia/scsg-airtable,merged,jeremychia,2024-01-10 20:31:10+00:00,2024-01-10 20:31:18+00:00,2024-01-10 20:31:18+00:00,0,,0,0,https://github.com/jeremychia/scsg-airtable/pull/2,25,2024-01,2024,1,Q1 2024,True,False,False
3,Introduce modules for expenses,scsg-airtable,jeremychia/scsg-airtable,open,jeremychia,2024-01-10 22:22:07+00:00,2024-01-10 22:22:07+00:00,0001-01-01 00:00:00+00:00,0,,0,-738895,https://github.com/jeremychia/scsg-airtable/pull/3,3,2024-01,2024,1,Q1 2024,False,False,True
13018,Revise weekly HVF targets logic,warehouse-jobs,vinted/warehouse-jobs,merged,jeremychia,2024-01-11 16:23:40+00:00,2024-01-22 09:07:04+00:00,2024-01-22 09:07:03+00:00,2,,0,10,https://github.com/vinted/warehouse-jobs/pull/13018,253,2024-01,2024,1,Q1 2024,True,False,False
13053,Fix: Missing original prices in HVF Item Dimensions,warehouse-jobs,vinted/warehouse-jobs,closed,jeremychia,2024-01-15 21:36:11+00:00,2024-08-29 12:33:31+00:00,2024-08-29 12:33:31+00:00,6,,0,226,https://github.com/vinted/warehouse-jobs/pull/13053,2790,2024-01,2024,1,Q1 2024,False,True,False
1,feat: introduce staging layer + remove initial models,singapore-parliament-speeches-dbt,parleh-mate/singapore-parliament-speeches-dbt,merged,jeremychia,2024-01-21 16:06:04+00:00,2024-01-21 16:06:13+00:00,2024-01-21 16:06:13+00:00,0,,0,0,https://github.com/parleh-mate/singapore-parliament-speeches-dbt/pull/1,0,2024-01,2024,1,Q1 2024,True,False,False
2,Create fact dim layer,singapore-parliament-speeches-dbt,parleh-mate/singapore-parliament-speeches-dbt,merged,jeremychia,2024-01-21 17:17:18+00:00,2024-01-27 19:04:32+00:00,2024-01-21 17:23:48+00:00,0,,0,0,https://github.com/parleh-mate/singapore-parliament-speeches-dbt/pull/2,153,2024-01,2024,1,Q1 2024,True,False,False
3,Create mart layer,singapore-parliament-speeches-dbt,parleh-mate/singapore-parliament-speeches-dbt,merged,jeremychia,2024-01-21 18:11:26+00:00,2024-01-21 18:11:39+00:00,2024-01-21 18:11:39+00:00,0,,0,0,https://github.com/parleh-mate/singapore-parliament-speeches-dbt/pull/3,43,2024-01,2024,1,Q1 2024,True,False,False
4,Update README.md,singapore-parliament-speeches-dbt,parleh-mate/singapore-parliament-speeches-dbt,merged,jeremychia,2024-01-22 07:42:20+00:00,2024-01-27 19:04:29+00:00,2024-01-22 07:42:40+00:00,0,,0,0,https://github.com/parleh-mate/singapore-parliament-speeches-dbt/pull/4,0,2024-01,2024,1,Q1 2024,True,False,False
1176,docs: update descriptions of report_in_core_created_at in svc_moderation_platform_reports,dataverse-marketplace-dbt,vinted/dataverse-marketplace-dbt,closed,jeremychia,2024-01-23 11:09:48+00:00,2024-01-23 11:17:01+00:00,2024-01-23 11:16:54+00:00,2,"transformations, trust",2,0,https://github.com/vinted/dataverse-marketplace-dbt/pull/1176,572,2024-01,2024,1,Q1 2024,False,True,False
13203,Online moderation item dimension,warehouse-jobs,vinted/warehouse-jobs,merged,jeremychia,2024-01-25 12:00:45+00:00,2024-01-29 10:26:43+00:00,2024-01-29 10:26:42+00:00,10,,0,3,https://github.com/vinted/warehouse-jobs/pull/13203,472,2024-01,2024,1,Q1 2024,True,False,False
13213,Filter >= 2020 data for HVF Listing and ItemSale Agg,warehouse-jobs,vinted/warehouse-jobs,merged,jeremychia,2024-01-25 15:07:28+00:00,2024-01-25 20:47:26+00:00,2024-01-25 20:47:25+00:00,3,,0,0,https://github.com/vinted/warehouse-jobs/pull/13213,143,2024-01,2024,1,Q1 2024,True,False,False
13220,do not merge,warehouse-jobs,vinted/warehouse-jobs,closed,jeremychia,2024-01-26 07:59:08+00:00,2024-01-26 08:27:07+00:00,2024-01-26 08:27:05+00:00,2,,0,0,https://github.com/vinted/warehouse-jobs/pull/13220,3307,2024-01,2024,1,Q1 2024,False,True,False
13221,Reduce data for HVF competitor's view to start from 2020-01-01,warehouse-jobs,vinted/warehouse-jobs,merged,jeremychia,2024-01-26 08:20:19+00:00,2024-01-26 12:36:04+00:00,2024-01-26 12:36:03+00:00,1,,0,0,https://github.com/vinted/warehouse-jobs/pull/13221,112,2024-01,2024,1,Q1 2024,True,False,False
13223,Add gmv_hvf_excl_refunds_incl_rejections_eur to HVF Aggs,warehouse-jobs,vinted/warehouse-jobs,merged,jeremychia,2024-01-26 09:11:37+00:00,2024-01-26 17:45:51+00:00,2024-01-26 17:45:50+00:00,5,,0,0,https://github.com/vinted/warehouse-jobs/pull/13223,332,2024-01,2024,1,Q1 2024,True,False,False
2503,Add gmv_hvf_excl_refunds_incl_rejections_eur to HVF Aggs,lookml,vinted/lookml,merged,jeremychia,2024-01-26 09:31:41+00:00,2024-01-29 08:36:48+00:00,2024-01-29 08:36:48+00:00,1,,0,2,https://github.com/vinted/lookml/pull/2503,398,2024-01,2024,1,Q1 2024,True,False,False
13245,feat: adds online moderation to ItemDimension,warehouse-jobs,vinted/warehouse-jobs,merged,jeremychia,2024-01-29 10:10:46+00:00,2024-01-29 16:36:28+00:00,2024-01-29 16:36:27+00:00,6,,0,0,https://github.com/vinted/warehouse-jobs/pull/13245,147,2024-01,2024,1,Q1 2024,True,False,False
2512,feat: add online moderation dimensions to listings and item sales explore,lookml,vinted/lookml,merged,jeremychia,2024-01-29 13:59:55+00:00,2024-01-31 12:07:16+00:00,2024-01-31 11:02:57+00:00,1,,0,1,https://github.com/vinted/lookml/pull/2512,281,2024-01,2024,1,Q1 2024,True,False,False
13261,do not merge,warehouse-jobs,vinted/warehouse-jobs,closed,jeremychia,2024-01-30 08:01:47+00:00,2024-01-30 14:07:40+00:00,2024-01-30 14:07:40+00:00,1,,0,0,https://github.com/vinted/warehouse-jobs/pull/13261,12,2024-01,2024,1,Q1 2024,False,True,False
13266,feat: use weights for VC listings,warehouse-jobs,vinted/warehouse-jobs,merged,jeremychia,2024-01-30 10:10:26+00:00,2024-01-30 13:29:04+00:00,2024-01-30 13:29:02+00:00,3,,0,0,https://github.com/vinted/warehouse-jobs/pull/13266,426,2024-01,2024,1,Q1 2024,True,False,False
2524,feat: filter on sql for hvf agg tables,lookml,vinted/lookml,merged,jeremychia,2024-01-31 13:10:36+00:00,2024-01-31 16:24:12+00:00,2024-01-31 16:24:11+00:00,0,,0,0,https://github.com/vinted/lookml/pull/2524,833,2024-01,2024,1,Q1 2024,True,False,False
13292,"chore: remove filters on warehouse jobs, move filter to looker explore instead",warehouse-jobs,vinted/warehouse-jobs,merged,jeremychia,2024-01-31 13:14:52+00:00,2024-02-02 14:51:22+00:00,2024-02-02 14:51:21+00:00,8,,0,2,https://github.com/vinted/warehouse-jobs/pull/13292,902,2024-01,2024,1,Q1 2024,True,False,False
13308,Freeze weekly (HVF) targets,warehouse-jobs,vinted/warehouse-jobs,merged,jeremychia,2024-02-01 15:24:20+00:00,2024-02-01 18:02:27+00:00,2024-02-01 18:02:26+00:00,4,,0,0,https://github.com/vinted/warehouse-jobs/pull/13308,614,2024-02,2024,2,Q1 2024,True,False,False
13315,feat: use global_user_id for HVF aggregations,warehouse-jobs,vinted/warehouse-jobs,merged,jeremychia,2024-02-02 10:05:04+00:00,2024-02-02 12:02:09+00:00,2024-02-02 12:02:08+00:00,3,,0,0,https://github.com/vinted/warehouse-jobs/pull/13315,602,2024-02,2024,2,Q1 2024,True,False,False
13317,HVF Listing Order,warehouse-jobs,vinted/warehouse-jobs,merged,jeremychia,2024-02-02 12:24:28+00:00,2024-02-05 11:12:03+00:00,2024-02-05 11:12:02+00:00,5,,0,2,https://github.com/vinted/warehouse-jobs/pull/13317,221,2024-02,2024,2,Q1 2024,True,False,False
13321,fix: remove global user id from hvf user dimensions,warehouse-jobs,vinted/warehouse-jobs,merged,jeremychia,2024-02-02 14:26:41+00:00,2024-02-02 15:51:05+00:00,2024-02-02 15:51:04+00:00,1,,0,0,https://github.com/vinted/warehouse-jobs/pull/13321,816,2024-02,2024,2,Q1 2024,True,False,False
2542,HVF Listing Order,lookml,vinted/lookml,merged,jeremychia,2024-02-05 10:04:33+00:00,2024-02-08 05:27:33+00:00,2024-02-08 05:27:32+00:00,0,,0,2,https://github.com/vinted/lookml/pull/2542,139,2024-02,2024,2,Q1 2024,True,False,False
2543,Remove item_online_auth_decisions,lookml,vinted/lookml,merged,jeremychia,2024-02-05 10:48:44+00:00,2024-02-08 01:45:52+00:00,2024-02-08 01:45:51+00:00,0,,0,2,https://github.com/vinted/lookml/pull/2543,353,2024-02,2024,2,Q1 2024,True,False,False
13344,feat: remove historical date limits,warehouse-jobs,vinted/warehouse-jobs,merged,jeremychia,2024-02-06 09:01:16+00:00,2024-02-07 09:38:00+00:00,2024-02-07 09:37:59+00:00,5,,0,1,https://github.com/vinted/warehouse-jobs/pull/13344,248,2024-02,2024,2,Q1 2024,True,False,False
2548,chore: hide fields related to online authentication,lookml,vinted/lookml,merged,jeremychia,2024-02-07 07:15:14+00:00,2024-02-07 11:40:46+00:00,2024-02-07 11:40:45+00:00,0,,0,0,https://github.com/vinted/lookml/pull/2548,487,2024-02,2024,2,Q1 2024,True,False,False
13364,Adjust weekly targets (HVF) to account for OVS Launches,warehouse-jobs,vinted/warehouse-jobs,merged,jeremychia,2024-02-07 08:16:03+00:00,2024-02-07 13:10:06+00:00,2024-02-07 13:10:06+00:00,5,,0,0,https://github.com/vinted/warehouse-jobs/pull/13364,639,2024-02,2024,2,Q1 2024,True,False,False
2556,bug: remove 2nd lister_nth_day_of_listing,lookml,vinted/lookml,merged,jeremychia,2024-02-08 08:57:01+00:00,2024-02-08 08:58:21+00:00,2024-02-08 08:58:20+00:00,0,,0,0,https://github.com/vinted/lookml/pull/2556,66,2024-02,2024,2,Q1 2024,True,False,False
13387,Fix HVF Weekly Targets: Linear Values after Current Month,warehouse-jobs,vinted/warehouse-jobs,merged,jeremychia,2024-02-08 09:02:12+00:00,2024-02-08 11:40:26+00:00,2024-02-08 11:40:25+00:00,2,,0,0,https://github.com/vinted/warehouse-jobs/pull/13387,352,2024-02,2024,2,Q1 2024,True,False,False
13402,feat: model + base cucumber test for hvf listing order,warehouse-jobs,vinted/warehouse-jobs,merged,jeremychia,2024-02-09 03:02:57+00:00,2024-02-16 08:26:01+00:00,2024-02-16 08:26:01+00:00,5,,0,7,https://github.com/vinted/warehouse-jobs/pull/13402,700,2024-02,2024,2,Q1 2024,True,False,False
2565,HVF Listing Order,lookml,vinted/lookml,merged,jeremychia,2024-02-09 04:48:44+00:00,2024-02-16 07:46:41+00:00,2024-02-16 07:46:40+00:00,0,,0,7,https://github.com/vinted/lookml/pull/2565,157,2024-02,2024,2,Q1 2024,True,False,False
13469,feat: remove hvf listing order from listingfact,warehouse-jobs,vinted/warehouse-jobs,merged,jeremychia,2024-02-15 02:18:27+00:00,2024-02-16 10:38:07+00:00,2024-02-16 10:38:06+00:00,3,,0,1,https://github.com/vinted/warehouse-jobs/pull/13469,463,2024-02,2024,2,Q1 2024,True,False,False
2586,feat: remove hvf listing order dimensions from listing,lookml,vinted/lookml,merged,jeremychia,2024-02-15 02:22:33+00:00,2024-02-16 09:49:58+00:00,2024-02-16 09:49:57+00:00,0,,0,1,https://github.com/vinted/lookml/pull/2586,183,2024-02,2024,2,Q1 2024,True,False,False
13470,chore: use new pyspark dataframe api for holidays,warehouse-jobs,vinted/warehouse-jobs,closed,jeremychia,2024-02-15 03:58:37+00:00,2024-05-07 12:28:42+00:00,2024-05-07 12:28:42+00:00,0,,0,82,https://github.com/vinted/warehouse-jobs/pull/13470,154,2024-02,2024,2,Q1 2024,False,True,False
13471,feat: Introduce Super High-Value Fashion (>= 500 EUR) Dimensions,warehouse-jobs,vinted/warehouse-jobs,closed,jeremychia,2024-02-15 07:08:41+00:00,2024-08-29 12:33:23+00:00,2024-08-29 12:33:23+00:00,5,,0,196,https://github.com/vinted/warehouse-jobs/pull/13471,285,2024-02,2024,2,Q1 2024,False,True,False
1,Amendments to raw.speeches,singapore-parliament-speeches,parleh-mate/singapore-parliament-speeches,merged,jeremychia,2024-03-11 09:35:04+00:00,2024-03-14 15:04:07+00:00,2024-03-11 11:36:43+00:00,0,,0,0,https://github.com/parleh-mate/singapore-parliament-speeches/pull/1,1245,2024-03,2024,3,Q1 2024,True,False,False
5,feat: include count_words and count_characters,singapore-parliament-speeches-dbt,parleh-mate/singapore-parliament-speeches-dbt,merged,jeremychia,2024-03-11 09:50:06+00:00,2024-03-20 02:12:21+00:00,2024-03-11 14:20:42+00:00,0,,0,0,https://github.com/parleh-mate/singapore-parliament-speeches-dbt/pull/5,167,2024-03,2024,3,Q1 2024,True,False,False
6,feat: topic type numbers (full-name),singapore-parliament-speeches-dbt,parleh-mate/singapore-parliament-speeches-dbt,merged,jeremychia,2024-03-12 13:58:39+00:00,2024-03-20 02:12:22+00:00,2024-03-12 14:26:55+00:00,0,,0,0,https://github.com/parleh-mate/singapore-parliament-speeches-dbt/pull/6,736,2024-03,2024,3,Q1 2024,True,False,False
7,feat: is_constitutional flag on topics,singapore-parliament-speeches-dbt,parleh-mate/singapore-parliament-speeches-dbt,merged,jeremychia,2024-03-13 00:25:29+00:00,2024-03-20 02:12:17+00:00,2024-03-13 23:44:45+00:00,0,,0,0,https://github.com/parleh-mate/singapore-parliament-speeches-dbt/pull/7,687,2024-03,2024,3,Q1 2024,True,False,False
8,"feat: primary, supplementary questions flag on speeches",singapore-parliament-speeches-dbt,parleh-mate/singapore-parliament-speeches-dbt,closed,jeremychia,2024-03-13 12:30:23+00:00,2024-03-20 02:12:16+00:00,2024-03-13 23:44:21+00:00,2,,0,0,https://github.com/parleh-mate/singapore-parliament-speeches-dbt/pull/8,446,2024-03,2024,3,Q1 2024,False,True,False
9,test-ci,singapore-parliament-speeches-dbt,parleh-mate/singapore-parliament-speeches-dbt,closed,jeremychia,2024-03-14 03:33:04+00:00,2024-03-20 02:12:29+00:00,2024-03-15 00:45:56+00:00,0,,0,0,https://github.com/parleh-mate/singapore-parliament-speeches-dbt/pull/9,0,2024-03,2024,3,Q1 2024,False,True,False
10,feat: bill activity,singapore-parliament-speeches-dbt,parleh-mate/singapore-parliament-speeches-dbt,merged,jeremychia,2024-03-15 00:30:20+00:00,2024-03-20 02:12:15+00:00,2024-03-15 00:42:26+00:00,0,,0,0,https://github.com/parleh-mate/singapore-parliament-speeches-dbt/pull/10,211,2024-03,2024,3,Q1 2024,True,False,False
11,feat: bill summary,singapore-parliament-speeches-dbt,parleh-mate/singapore-parliament-speeches-dbt,merged,jeremychia,2024-03-15 10:19:13+00:00,2024-03-20 02:12:15+00:00,2024-03-15 10:27:36+00:00,0,,0,0,https://github.com/parleh-mate/singapore-parliament-speeches-dbt/pull/11,485,2024-03,2024,3,Q1 2024,True,False,False
12,bug: replace chairman with speaker,singapore-parliament-speeches-dbt,parleh-mate/singapore-parliament-speeches-dbt,merged,jeremychia,2024-03-16 03:51:00+00:00,2024-03-20 02:12:14+00:00,2024-03-16 03:54:25+00:00,0,,0,0,https://github.com/parleh-mate/singapore-parliament-speeches-dbt/pull/12,150,2024-03,2024,3,Q1 2024,True,False,False
13,feat: add topic names,singapore-parliament-speeches-dbt,parleh-mate/singapore-parliament-speeches-dbt,merged,jeremychia,2024-03-30 20:26:23+00:00,2024-03-30 20:41:00+00:00,2024-03-30 20:40:55+00:00,0,,0,0,https://github.com/parleh-mate/singapore-parliament-speeches-dbt/pull/13,713,2024-03,2024,3,Q1 2024,True,False,False
14,feat: change source to new ML model,singapore-parliament-speeches-dbt,parleh-mate/singapore-parliament-speeches-dbt,merged,jeremychia,2024-03-31 17:33:14+00:00,2024-03-31 17:47:27+00:00,2024-03-31 17:34:14+00:00,0,,0,0,https://github.com/parleh-mate/singapore-parliament-speeches-dbt/pull/14,131,2024-03,2024,3,Q1 2024,True,False,False
1313,docs: fixes for mart_shipment_legs_customer_invoices,dataverse-vintedgo-dbt,vinted/dataverse-vintedgo-dbt,closed,jeremychia,2024-04-02 15:49:14+00:00,2024-05-22 10:51:52+00:00,2024-04-09 09:32:12+00:00,3,vgo_finance,1,6,https://github.com/vinted/dataverse-vintedgo-dbt/pull/1313,62,2024-04,2024,4,Q2 2024,False,True,False
14126,chore: update flags for hvf 'now'.,warehouse-jobs,vinted/warehouse-jobs,closed,jeremychia,2024-04-03 15:27:46+00:00,2024-04-04 09:02:38+00:00,2024-04-04 09:02:23+00:00,1,,0,0,https://github.com/vinted/warehouse-jobs/pull/14126,1219,2024-04,2024,4,Q2 2024,False,True,False
14131,feat: is_hvf_now uses gmv first,warehouse-jobs,vinted/warehouse-jobs,merged,jeremychia,2024-04-04 09:02:32+00:00,2024-04-04 15:12:20+00:00,2024-04-04 15:12:19+00:00,5,,0,0,https://github.com/vinted/warehouse-jobs/pull/14131,1923,2024-04,2024,4,Q2 2024,True,False,False
1330,chore: add materialisation configuration in vgo_finance models,dataverse-vintedgo-dbt,vinted/dataverse-vintedgo-dbt,merged,jeremychia,2024-04-04 14:14:06+00:00,2024-04-05 08:47:45+00:00,2024-04-05 08:47:44+00:00,3,vgo_finance,1,0,https://github.com/vinted/dataverse-vintedgo-dbt/pull/1330,429,2024-04,2024,4,Q2 2024,True,False,False
1339,refactor: tests on cost categories + mart_prep_carrier_invoices_invoice_granularity,dataverse-vintedgo-dbt,vinted/dataverse-vintedgo-dbt,merged,jeremychia,2024-04-05 11:42:46+00:00,2024-04-08 07:16:54+00:00,2024-04-08 07:15:00+00:00,6,vgo_finance,1,2,https://github.com/vinted/dataverse-vintedgo-dbt/pull/1339,1244,2024-04,2024,4,Q2 2024,True,False,False
1342,style: explicit referencing in mart_carrier_invoices_totals,dataverse-vintedgo-dbt,vinted/dataverse-vintedgo-dbt,merged,jeremychia,2024-04-05 14:16:34+00:00,2024-04-08 13:02:40+00:00,2024-04-08 13:00:56+00:00,3,vgo_finance,1,2,https://github.com/vinted/dataverse-vintedgo-dbt/pull/1342,231,2024-04,2024,4,Q2 2024,True,False,False
1346,fix: homerr - new schema (seller_country),dataverse-vintedgo-dbt,vinted/dataverse-vintedgo-dbt,merged,jeremychia,2024-04-08 09:31:47+00:00,2024-04-08 12:08:54+00:00,2024-04-08 12:07:15+00:00,3,vgo_finance,1,0,https://github.com/vinted/dataverse-vintedgo-dbt/pull/1346,941,2024-04,2024,4,Q2 2024,True,False,False
1350,feat: update codeowners,dataverse-vintedgo-dbt,vinted/dataverse-vintedgo-dbt,merged,jeremychia,2024-04-08 11:29:55+00:00,2024-04-08 11:56:21+00:00,2024-04-08 11:56:20+00:00,0,,0,0,https://github.com/vinted/dataverse-vintedgo-dbt/pull/1350,99,2024-04,2024,4,Q2 2024,True,False,False
1352,refactor: mart_prep_invoice_rows_wide_categories,dataverse-vintedgo-dbt,vinted/dataverse-vintedgo-dbt,merged,jeremychia,2024-04-08 15:16:40+00:00,2024-04-29 13:38:21+00:00,2024-04-29 13:36:19+00:00,3,vgo_finance,1,20,https://github.com/vinted/dataverse-vintedgo-dbt/pull/1352,1352,2024-04,2024,4,Q2 2024,True,False,False
1356,docs: mart_unmatched_invoice_rows,dataverse-vintedgo-dbt,vinted/dataverse-vintedgo-dbt,merged,jeremychia,2024-04-09 09:43:18+00:00,2024-04-11 07:27:05+00:00,2024-04-11 07:25:09+00:00,3,vgo_finance,1,1,https://github.com/vinted/dataverse-vintedgo-dbt/pull/1356,402,2024-04,2024,4,Q2 2024,True,False,False
1209,chore: update write warnings for dataverse-cloud-functions,terraform-github,vinted/terraform-github,merged,jeremychia,2024-04-10 12:33:58+00:00,2024-04-10 13:41:59+00:00,2024-04-10 13:41:55+00:00,6,,0,0,https://github.com/vinted/terraform-github/pull/1209,213,2024-04,2024,4,Q2 2024,True,False,False
1741,fix: hvf flags use eur prices,dataverse-marketplace-dbt,vinted/dataverse-marketplace-dbt,merged,jeremychia,2024-04-10 13:36:12+00:00,2024-04-10 13:47:42+00:00,2024-04-10 13:45:47+00:00,3,"transformations, buyer",2,0,https://github.com/vinted/dataverse-marketplace-dbt/pull/1741,1439,2024-04,2024,4,Q2 2024,True,False,False
1368,"docs: cost category, subcategory, invoice amounts",dataverse-vintedgo-dbt,vinted/dataverse-vintedgo-dbt,merged,jeremychia,2024-04-10 14:30:08+00:00,2024-04-11 09:28:20+00:00,2024-04-11 09:26:40+00:00,5,"vgo_finance, docs",2,0,https://github.com/vinted/dataverse-vintedgo-dbt/pull/1368,698,2024-04,2024,4,Q2 2024,True,False,False
1378,fix: posti change logic of invoice cost descriptions to avoid duplicates,dataverse-vintedgo-dbt,vinted/dataverse-vintedgo-dbt,merged,jeremychia,2024-04-11 16:19:04+00:00,2024-04-12 09:21:49+00:00,2024-04-12 09:20:06+00:00,3,vgo_finance,1,0,https://github.com/vinted/dataverse-vintedgo-dbt/pull/1378,2925,2024-04,2024,4,Q2 2024,True,False,False
1379,feat: eur amounts for mart_carrier_invoice_totals,dataverse-vintedgo-dbt,vinted/dataverse-vintedgo-dbt,merged,jeremychia,2024-04-12 07:11:25+00:00,2024-04-12 09:39:26+00:00,2024-04-12 09:37:51+00:00,4,vgo_finance,1,0,https://github.com/vinted/dataverse-vintedgo-dbt/pull/1379,2287,2024-04,2024,4,Q2 2024,True,False,False
1381,fix: missing information in dpd-pl rows,dataverse-vintedgo-dbt,vinted/dataverse-vintedgo-dbt,merged,jeremychia,2024-04-12 09:20:06+00:00,2024-04-15 14:01:31+00:00,2024-04-15 12:53:52+00:00,6,vgo_finance,1,3,https://github.com/vinted/dataverse-vintedgo-dbt/pull/1381,5184,2024-04,2024,4,Q2 2024,True,False,False
132,feat: expose uncategorised_invoice_rows,dataverse-vintedgo-looker,vinted/dataverse-vintedgo-looker,closed,jeremychia,2024-04-12 10:13:15+00:00,2024-07-15 09:35:52+00:00,2024-04-12 12:29:37+00:00,0,,0,0,https://github.com/vinted/dataverse-vintedgo-looker/pull/132,408,2024-04,2024,4,Q2 2024,False,True,False
1382,feat: expose invoice country_code to mart_unmatched_invoice_rows,dataverse-vintedgo-dbt,vinted/dataverse-vintedgo-dbt,merged,jeremychia,2024-04-12 13:27:14+00:00,2024-04-12 14:28:45+00:00,2024-04-12 14:27:01+00:00,3,vgo_finance,1,0,https://github.com/vinted/dataverse-vintedgo-dbt/pull/1382,822,2024-04,2024,4,Q2 2024,True,False,False
1383,feat: tests for join keys in dim_carrier_contract_prices,dataverse-vintedgo-dbt,vinted/dataverse-vintedgo-dbt,merged,jeremychia,2024-04-12 14:00:06+00:00,2024-04-16 09:13:39+00:00,2024-04-16 09:11:47+00:00,5,"vgo_finance, docs, DAGs",3,3,https://github.com/vinted/dataverse-vintedgo-dbt/pull/1383,2145,2024-04,2024,4,Q2 2024,True,False,False
1,feat: initialise dbt structure,personal-finances-dbt,jeremychia/personal-finances-dbt,merged,jeremychia,2024-04-13 14:12:08+00:00,2024-04-13 14:12:16+00:00,2024-04-13 14:12:16+00:00,0,,0,0,https://github.com/jeremychia/personal-finances-dbt/pull/1,37,2024-04,2024,4,Q2 2024,True,False,False
1390,chore: change alert persons in vgo-finance airvint config,dataverse-vintedgo-dbt,vinted/dataverse-vintedgo-dbt,merged,jeremychia,2024-04-15 08:34:55+00:00,2024-04-15 08:47:51+00:00,2024-04-15 08:46:20+00:00,4,"vgo_finance, DAGs",2,0,https://github.com/vinted/dataverse-vintedgo-dbt/pull/1390,511,2024-04,2024,4,Q2 2024,True,False,False
1391,feat: introduce view for currency conversions,dataverse-vintedgo-dbt,vinted/dataverse-vintedgo-dbt,closed,jeremychia,2024-04-15 10:24:11+00:00,2024-05-22 10:51:53+00:00,2024-04-15 12:22:21+00:00,4,vgo_finance,1,0,https://github.com/vinted/dataverse-vintedgo-dbt/pull/1391,2116,2024-04,2024,4,Q2 2024,False,True,False
1771,chore: expose currency_conversions_long_format to vgo users,dataverse-marketplace-dbt,vinted/dataverse-marketplace-dbt,merged,jeremychia,2024-04-15 12:14:37+00:00,2024-04-15 12:29:31+00:00,2024-04-15 12:28:01+00:00,3,"transformations, finance",2,0,https://github.com/vinted/dataverse-marketplace-dbt/pull/1771,473,2024-04,2024,4,Q2 2024,True,False,False
1399,feat: add column-level tests for fct_invoice_row,dataverse-vintedgo-dbt,vinted/dataverse-vintedgo-dbt,merged,jeremychia,2024-04-15 15:52:56+00:00,2024-04-17 15:32:36+00:00,2024-04-17 15:30:43+00:00,4,vgo_finance,1,1,https://github.com/vinted/dataverse-vintedgo-dbt/pull/1399,2246,2024-04,2024,4,Q2 2024,True,False,False
1405,chore: amend price join test,dataverse-vintedgo-dbt,vinted/dataverse-vintedgo-dbt,merged,jeremychia,2024-04-16 11:31:15+00:00,2024-04-16 11:59:37+00:00,2024-04-16 11:57:58+00:00,3,"vgo_finance, DAGs",2,0,https://github.com/vinted/dataverse-vintedgo-dbt/pull/1405,1256,2024-04,2024,4,Q2 2024,True,False,False
1412,feat: add partition key to materialised views based on fct_invoice_rows,dataverse-vintedgo-dbt,vinted/dataverse-vintedgo-dbt,merged,jeremychia,2024-04-17 07:50:47+00:00,2024-04-17 11:45:31+00:00,2024-04-17 11:43:41+00:00,3,vgo_finance,1,0,https://github.com/vinted/dataverse-vintedgo-dbt/pull/1412,1133,2024-04,2024,4,Q2 2024,True,False,False
1419,fix: evri - dealing with 2nd shipment attempts,dataverse-vintedgo-dbt,vinted/dataverse-vintedgo-dbt,merged,jeremychia,2024-04-17 15:15:03+00:00,2024-04-18 08:41:09+00:00,2024-04-18 08:39:33+00:00,4,vgo_finance,1,0,https://github.com/vinted/dataverse-vintedgo-dbt/pull/1419,2950,2024-04,2024,4,Q2 2024,True,False,False
141,fix: filter in uncategorised_invoice_rows,dataverse-vintedgo-looker,vinted/dataverse-vintedgo-looker,merged,jeremychia,2024-04-18 09:31:51+00:00,2024-04-18 10:02:24+00:00,2024-04-18 10:02:23+00:00,0,,0,0,https://github.com/vinted/dataverse-vintedgo-looker/pull/141,105,2024-04,2024,4,Q2 2024,True,False,False
1420,feat: expose mart_duplicate_invoice_rows to looker using lookml-generator,dataverse-vintedgo-dbt,vinted/dataverse-vintedgo-dbt,merged,jeremychia,2024-04-18 10:47:09+00:00,2024-04-18 13:15:44+00:00,2024-04-18 13:14:13+00:00,4,vgo_finance,1,0,https://github.com/vinted/dataverse-vintedgo-dbt/pull/1420,1146,2024-04,2024,4,Q2 2024,True,False,False
1421,chore: remove unused carrier codes from carrier_invoice_test_price_list_matching_more_than_percent,dataverse-vintedgo-dbt,vinted/dataverse-vintedgo-dbt,merged,jeremychia,2024-04-18 11:48:41+00:00,2024-04-18 13:49:09+00:00,2024-04-18 13:47:37+00:00,3,vgo_finance,1,0,https://github.com/vinted/dataverse-vintedgo-dbt/pull/1421,1517,2024-04,2024,4,Q2 2024,True,False,False
1423,fix: filter out zero-valued invoice rows from hermes de,dataverse-vintedgo-dbt,vinted/dataverse-vintedgo-dbt,merged,jeremychia,2024-04-18 13:50:54+00:00,2024-04-22 12:36:59+00:00,2024-04-22 12:35:04+00:00,4,vgo_finance,1,3,https://github.com/vinted/dataverse-vintedgo-dbt/pull/1423,3153,2024-04,2024,4,Q2 2024,True,False,False
1428,chore: filter out dao-dk fuel surcharge from not-null proportions test,dataverse-vintedgo-dbt,vinted/dataverse-vintedgo-dbt,merged,jeremychia,2024-04-18 15:32:37+00:00,2024-04-18 20:37:34+00:00,2024-04-18 20:35:45+00:00,3,vgo_finance,1,0,https://github.com/vinted/dataverse-vintedgo-dbt/pull/1428,1076,2024-04,2024,4,Q2 2024,True,False,False
1430,docs: add docs to explain choice of fallback price join,dataverse-vintedgo-dbt,vinted/dataverse-vintedgo-dbt,closed,jeremychia,2024-04-19 08:31:24+00:00,2024-05-22 10:51:33+00:00,2024-04-23 11:57:41+00:00,2,vgo_finance,1,4,https://github.com/vinted/dataverse-vintedgo-dbt/pull/1430,639,2024-04,2024,4,Q2 2024,False,True,False
1432,fix: duplicate invoice rows yaml,dataverse-vintedgo-dbt,vinted/dataverse-vintedgo-dbt,merged,jeremychia,2024-04-19 12:32:21+00:00,2024-04-19 13:01:12+00:00,2024-04-19 12:59:31+00:00,3,vgo_finance,1,0,https://github.com/vinted/dataverse-vintedgo-dbt/pull/1432,1594,2024-04,2024,4,Q2 2024,True,False,False
149,feat: expose duplicate invoice rows,dataverse-vintedgo-looker,vinted/dataverse-vintedgo-looker,merged,jeremychia,2024-04-22 08:06:57+00:00,2024-04-23 11:22:48+00:00,2024-04-23 11:22:48+00:00,0,,0,1,https://github.com/vinted/dataverse-vintedgo-looker/pull/149,264,2024-04,2024,4,Q2 2024,True,False,False
1442,perf: optimising dim_prep in vgo_finance with partitions and clusters,dataverse-vintedgo-dbt,vinted/dataverse-vintedgo-dbt,merged,jeremychia,2024-04-22 09:42:53+00:00,2024-04-23 10:03:03+00:00,2024-04-23 10:01:18+00:00,3,vgo_finance,1,1,https://github.com/vinted/dataverse-vintedgo-dbt/pull/1442,1586,2024-04,2024,4,Q2 2024,True,False,False
1444,fix: add service_description for slovak post,dataverse-vintedgo-dbt,vinted/dataverse-vintedgo-dbt,merged,jeremychia,2024-04-22 12:16:15+00:00,2024-04-22 14:25:28+00:00,2024-04-22 14:23:39+00:00,3,vgo_finance,1,0,https://github.com/vinted/dataverse-vintedgo-dbt/pull/1444,1866,2024-04,2024,4,Q2 2024,True,False,False
1445,fix: missing invoice date dpd pt,dataverse-vintedgo-dbt,vinted/dataverse-vintedgo-dbt,merged,jeremychia,2024-04-22 14:01:23+00:00,2024-04-22 14:46:53+00:00,2024-04-22 14:45:00+00:00,3,vgo_finance,1,0,https://github.com/vinted/dataverse-vintedgo-dbt/pull/1445,3248,2024-04,2024,4,Q2 2024,True,False,False
1452,chore: capitalise all from/to country fields,dataverse-vintedgo-dbt,vinted/dataverse-vintedgo-dbt,merged,jeremychia,2024-04-23 09:45:23+00:00,2024-04-23 12:10:21+00:00,2024-04-23 12:08:31+00:00,3,vgo_finance,1,0,https://github.com/vinted/dataverse-vintedgo-dbt/pull/1452,2203,2024-04,2024,4,Q2 2024,True,False,False
1457,"feat: in mart_carrier_invoice_totals, add buyer and seller country codes",dataverse-vintedgo-dbt,vinted/dataverse-vintedgo-dbt,merged,jeremychia,2024-04-23 11:53:49+00:00,2024-04-24 06:31:06+00:00,2024-04-24 06:29:02+00:00,3,vgo_finance,1,0,https://github.com/vinted/dataverse-vintedgo-dbt/pull/1457,1711,2024-04,2024,4,Q2 2024,True,False,False
1458,feat: test for cost categories,dataverse-vintedgo-dbt,vinted/dataverse-vintedgo-dbt,merged,jeremychia,2024-04-23 12:50:58+00:00,2024-04-23 13:44:24+00:00,2024-04-23 13:42:52+00:00,5,vgo_finance,1,0,https://github.com/vinted/dataverse-vintedgo-dbt/pull/1458,1327,2024-04,2024,4,Q2 2024,True,False,False
162,fix: measures and invoice_row in vgo_finance,dataverse-vintedgo-looker,vinted/dataverse-vintedgo-looker,merged,jeremychia,2024-04-23 15:00:06+00:00,2024-04-23 15:16:43+00:00,2024-04-23 15:16:42+00:00,0,,0,0,https://github.com/vinted/dataverse-vintedgo-looker/pull/162,140,2024-04,2024,4,Q2 2024,True,False,False
1465,feat: expose invoice rows and shipment carrier legs mart,dataverse-vintedgo-dbt,vinted/dataverse-vintedgo-dbt,merged,jeremychia,2024-04-24 08:47:52+00:00,2024-04-24 09:35:25+00:00,2024-04-24 09:33:23+00:00,3,vgo_finance,1,0,https://github.com/vinted/dataverse-vintedgo-dbt/pull/1465,858,2024-04,2024,4,Q2 2024,True,False,False
1466,docs: adds invoice zone to invoice rows,dataverse-vintedgo-dbt,vinted/dataverse-vintedgo-dbt,merged,jeremychia,2024-04-24 09:44:19+00:00,2024-04-24 09:58:16+00:00,2024-04-24 09:56:14+00:00,3,vgo_finance,1,0,https://github.com/vinted/dataverse-vintedgo-dbt/pull/1466,1233,2024-04,2024,4,Q2 2024,True,False,False
1467,feat: ups - use the primary tracking code when it's a return,dataverse-vintedgo-dbt,vinted/dataverse-vintedgo-dbt,merged,jeremychia,2024-04-24 10:52:38+00:00,2024-04-24 11:14:52+00:00,2024-04-24 11:13:09+00:00,4,vgo_finance,1,0,https://github.com/vinted/dataverse-vintedgo-dbt/pull/1467,3872,2024-04,2024,4,Q2 2024,True,False,False
1471,feat: convert all revenue and costs in d2c to eur,dataverse-vintedgo-dbt,vinted/dataverse-vintedgo-dbt,merged,jeremychia,2024-04-24 14:22:47+00:00,2024-04-25 10:03:00+00:00,2024-04-25 10:01:27+00:00,3,vgo_finance,1,0,https://github.com/vinted/dataverse-vintedgo-dbt/pull/1471,1415,2024-04,2024,4,Q2 2024,True,False,False
1480,docs: remove columns not present in mart_shipment_legs_invoice_cost_and_revenue,dataverse-vintedgo-dbt,vinted/dataverse-vintedgo-dbt,merged,jeremychia,2024-04-25 09:28:13+00:00,2024-04-25 13:19:01+00:00,2024-04-25 13:17:22+00:00,3,vgo_finance,1,0,https://github.com/vinted/dataverse-vintedgo-dbt/pull/1480,2036,2024-04,2024,4,Q2 2024,True,False,False
1481,docs: documentation+tests of vgo_finance dim_prep models,dataverse-vintedgo-dbt,vinted/dataverse-vintedgo-dbt,merged,jeremychia,2024-04-25 09:49:25+00:00,2024-04-26 06:56:25+00:00,2024-04-26 06:54:43+00:00,3,"vgo_finance, docs",2,0,https://github.com/vinted/dataverse-vintedgo-dbt/pull/1481,1728,2024-04,2024,4,Q2 2024,True,False,False
1486,feat: introduce table to capture all price list join issues,dataverse-vintedgo-dbt,vinted/dataverse-vintedgo-dbt,merged,jeremychia,2024-04-25 14:11:14+00:00,2024-04-30 10:08:45+00:00,2024-04-30 10:07:08+00:00,5,"vgo_finance, DAGs",2,4,https://github.com/vinted/dataverse-vintedgo-dbt/pull/1486,2348,2024-04,2024,4,Q2 2024,True,False,False
352,Add jeremy.chia to Finance,data-platform,vinted/data-platform,merged,jeremychia,2024-04-26 09:07:38+00:00,2024-04-26 10:12:44+00:00,2024-04-26 10:12:44+00:00,1,,0,0,https://github.com/vinted/data-platform/pull/352,59,2024-04,2024,4,Q2 2024,True,False,False
14345,feat: coalesce information from bq for carrier delivery performance,warehouse-jobs,vinted/warehouse-jobs,merged,jeremychia,2024-04-26 11:27:44+00:00,2024-04-29 16:09:16+00:00,2024-04-29 16:09:15+00:00,11,,0,3,https://github.com/vinted/warehouse-jobs/pull/14345,447,2024-04,2024,4,Q2 2024,True,False,False
15,Includes member data.,singapore-parliament-speeches-dbt,parleh-mate/singapore-parliament-speeches-dbt,merged,jeremychia,2024-04-28 08:24:48+00:00,2024-05-16 10:22:08+00:00,2024-04-28 19:28:16+00:00,0,,0,0,https://github.com/parleh-mate/singapore-parliament-speeches-dbt/pull/15,226,2024-04,2024,4,Q2 2024,True,False,False
7,chore: download nltk dictionaries,singapore-parliament-speeches,parleh-mate/singapore-parliament-speeches,merged,jeremychia,2024-04-28 20:16:25+00:00,2024-05-27 18:08:56+00:00,2024-04-28 20:16:35+00:00,0,,0,0,https://github.com/parleh-mate/singapore-parliament-speeches/pull/7,0,2024-04,2024,4,Q2 2024,True,False,False
182,"feat: add from_sorting_center_code, to_sorting_center_code to mart_vcarrier_shipment_legs",dataverse-vintedgo-looker,vinted/dataverse-vintedgo-looker,merged,jeremychia,2024-04-29 07:01:20+00:00,2024-04-29 07:51:29+00:00,2024-04-29 07:51:28+00:00,0,,0,0,https://github.com/vinted/dataverse-vintedgo-looker/pull/182,98,2024-04,2024,4,Q2 2024,True,False,False
8,refactor: performance improvements,singapore-parliament-speeches,parleh-mate/singapore-parliament-speeches,merged,jeremychia,2024-04-29 08:29:36+00:00,2024-05-27 18:08:56+00:00,2024-04-29 09:25:59+00:00,0,,0,0,https://github.com/parleh-mate/singapore-parliament-speeches/pull/8,711,2024-04,2024,4,Q2 2024,True,False,False
1507,feat: monthly snapshots of mart_shipment_legs_customer_invoices and mart_historic_shipment_legs_revenue_recognition,dataverse-vintedgo-dbt,vinted/dataverse-vintedgo-dbt,merged,jeremychia,2024-04-29 15:13:55+00:00,2024-04-30 14:32:54+00:00,2024-04-30 14:31:11+00:00,3,"vgo_finance, docs, DAGs",3,0,https://github.com/vinted/dataverse-vintedgo-dbt/pull/1507,6423,2024-04,2024,4,Q2 2024,True,False,False
16,"feat: expose sentences, syllables",singapore-parliament-speeches-dbt,parleh-mate/singapore-parliament-speeches-dbt,merged,jeremychia,2024-04-29 19:25:44+00:00,2024-05-16 10:22:07+00:00,2024-04-29 19:25:56+00:00,0,,0,0,https://github.com/parleh-mate/singapore-parliament-speeches-dbt/pull/16,222,2024-04,2024,4,Q2 2024,True,False,False
1512,chore: update codeowners for vgo_finance,dataverse-vintedgo-dbt,vinted/dataverse-vintedgo-dbt,merged,jeremychia,2024-04-30 13:44:45+00:00,2024-04-30 14:37:15+00:00,2024-04-30 14:37:14+00:00,0,,0,0,https://github.com/vinted/dataverse-vintedgo-dbt/pull/1512,1826,2024-04,2024,4,Q2 2024,True,False,False
1513,chore: update version of packages,dataverse-vintedgo-dbt,vinted/dataverse-vintedgo-dbt,merged,jeremychia,2024-04-30 14:03:25+00:00,2024-05-02 11:40:59+00:00,2024-05-02 11:15:06+00:00,14,"vgo_general, vgo_carrier, vgo_finance, vgo_overflow_detector, vgo_d2c, vgo_hvf, vgo_recommender",7,1,https://github.com/vinted/dataverse-vintedgo-dbt/pull/1513,2181,2024-04,2024,4,Q2 2024,True,False,False
17,feat: adding manual source for member's information not on parliament website,singapore-parliament-speeches-dbt,parleh-mate/singapore-parliament-speeches-dbt,merged,jeremychia,2024-05-02 06:25:11+00:00,2024-05-02 09:07:30+00:00,2024-05-02 06:27:55+00:00,0,,0,0,https://github.com/parleh-mate/singapore-parliament-speeches-dbt/pull/17,975,2024-05,2024,5,Q2 2024,True,False,False
1520,fix: change name of dummy for carrier price list join,dataverse-vintedgo-dbt,vinted/dataverse-vintedgo-dbt,closed,jeremychia,2024-05-02 07:29:28+00:00,2024-05-22 10:51:32+00:00,2024-05-02 08:02:26+00:00,3,vgo_finance,1,0,https://github.com/vinted/dataverse-vintedgo-dbt/pull/1520,3839,2024-05,2024,5,Q2 2024,False,True,False
1523,feat: expose test failures to looker vgo_finance,dataverse-vintedgo-dbt,vinted/dataverse-vintedgo-dbt,merged,jeremychia,2024-05-02 10:31:50+00:00,2024-05-02 13:39:06+00:00,2024-05-02 13:37:26+00:00,3,vgo_finance,1,0,https://github.com/vinted/dataverse-vintedgo-dbt/pull/1523,1737,2024-05,2024,5,Q2 2024,True,False,False
1524,fix: docs for mrt_product_processing_time,dataverse-vintedgo-dbt,vinted/dataverse-vintedgo-dbt,merged,jeremychia,2024-05-02 11:29:56+00:00,2024-05-02 12:41:12+00:00,2024-05-02 12:39:23+00:00,3,vgo_hvf,1,0,https://github.com/vinted/dataverse-vintedgo-dbt/pull/1524,2130,2024-05,2024,5,Q2 2024,True,False,False
1525,fix: docs overflow_detector_performance,dataverse-vintedgo-dbt,vinted/dataverse-vintedgo-dbt,merged,jeremychia,2024-05-02 11:36:22+00:00,2024-05-06 07:38:40+00:00,2024-05-06 07:38:40+00:00,3,vgo_overflow_detector,1,3,https://github.com/vinted/dataverse-vintedgo-dbt/pull/1525,2145,2024-05,2024,5,Q2 2024,True,False,False
1526,feat: expose invoice_amount_eur to invoice rows marts,dataverse-vintedgo-dbt,vinted/dataverse-vintedgo-dbt,merged,jeremychia,2024-05-02 12:10:06+00:00,2024-05-02 12:29:17+00:00,2024-05-02 12:22:47+00:00,3,vgo_finance,1,0,https://github.com/vinted/dataverse-vintedgo-dbt/pull/1526,1816,2024-05,2024,5,Q2 2024,True,False,False
1527,feat: expose invoice_amount_eur to invoice rows marts,dataverse-vintedgo-dbt,vinted/dataverse-vintedgo-dbt,merged,jeremychia,2024-05-02 12:30:20+00:00,2024-05-02 13:09:29+00:00,2024-05-02 13:07:47+00:00,3,vgo_finance,1,0,https://github.com/vinted/dataverse-vintedgo-dbt/pull/1527,1841,2024-05,2024,5,Q2 2024,True,False,False
212,feat: carrier invoice quality dashboard,dataverse-vintedgo-looker,vinted/dataverse-vintedgo-looker,merged,jeremychia,2024-05-03 08:16:32+00:00,2024-05-22 10:48:20+00:00,2024-05-22 10:48:19+00:00,0,,0,19,https://github.com/vinted/dataverse-vintedgo-looker/pull/212,442,2024-05,2024,5,Q2 2024,True,False,False
214,feat: carrier_invoice_uncategorised_rows,dataverse-vintedgo-looker,vinted/dataverse-vintedgo-looker,merged,jeremychia,2024-05-03 10:56:32+00:00,2024-05-22 10:48:33+00:00,2024-05-22 10:48:32+00:00,0,,0,18,https://github.com/vinted/dataverse-vintedgo-looker/pull/214,776,2024-05,2024,5,Q2 2024,True,False,False
1538,feat: add file_upload_date to fct_invoice_row monitoring marts,dataverse-vintedgo-dbt,vinted/dataverse-vintedgo-dbt,merged,jeremychia,2024-05-03 11:34:37+00:00,2024-05-06 08:17:51+00:00,2024-05-06 08:16:12+00:00,3,vgo_finance,1,2,https://github.com/vinted/dataverse-vintedgo-dbt/pull/1538,2299,2024-05,2024,5,Q2 2024,True,False,False
1542,feat: add mart for aggregating count of exceptions from the invoice rows,dataverse-vintedgo-dbt,vinted/dataverse-vintedgo-dbt,merged,jeremychia,2024-05-03 15:01:36+00:00,2024-05-07 09:20:23+00:00,2024-05-07 09:18:39+00:00,3,"vgo_finance, docs, DAGs",3,3,https://github.com/vinted/dataverse-vintedgo-dbt/pull/1542,3442,2024-05,2024,5,Q2 2024,True,False,False
1545,"fix: dpd-de, chronopost - accepted value test",dataverse-vintedgo-dbt,vinted/dataverse-vintedgo-dbt,merged,jeremychia,2024-05-04 06:10:19+00:00,2024-05-06 07:17:32+00:00,2024-05-06 07:15:47+00:00,4,vgo_finance,1,2,https://github.com/vinted/dataverse-vintedgo-dbt/pull/1545,3454,2024-05,2024,5,Q2 2024,True,False,False
1967,fix: airvint config slack tag for payments,dataverse-marketplace-dbt,vinted/dataverse-marketplace-dbt,merged,jeremychia,2024-05-05 09:51:01+00:00,2024-05-05 10:00:20+00:00,2024-05-05 09:58:33+00:00,3,"transformations, payments",2,0,https://github.com/vinted/dataverse-marketplace-dbt/pull/1967,715,2024-05,2024,5,Q2 2024,True,False,False
1547,fix: revert to error ,dataverse-vintedgo-dbt,vinted/dataverse-vintedgo-dbt,merged,jeremychia,2024-05-06 07:30:38+00:00,2024-05-06 08:32:00+00:00,2024-05-06 08:30:05+00:00,3,vgo_finance,1,0,https://github.com/vinted/dataverse-vintedgo-dbt/pull/1547,1911,2024-05,2024,5,Q2 2024,True,False,False
1552,fix: correos new category,dataverse-vintedgo-dbt,vinted/dataverse-vintedgo-dbt,merged,jeremychia,2024-05-07 06:18:41+00:00,2024-05-07 06:36:34+00:00,2024-05-07 06:34:47+00:00,3,vgo_finance,1,0,https://github.com/vinted/dataverse-vintedgo-dbt/pull/1552,2033,2024-05,2024,5,Q2 2024,True,False,False
1556,feat: expose agg_invoice_rows_exceptions_by_date to looker,dataverse-vintedgo-dbt,vinted/dataverse-vintedgo-dbt,merged,jeremychia,2024-05-07 08:23:33+00:00,2024-05-07 11:14:23+00:00,2024-05-07 11:12:54+00:00,3,vgo_finance,1,0,https://github.com/vinted/dataverse-vintedgo-dbt/pull/1556,1907,2024-05,2024,5,Q2 2024,True,False,False
1557,chore: exclude invoice_amount = 0 from not_null_proportion test,dataverse-vintedgo-dbt,vinted/dataverse-vintedgo-dbt,merged,jeremychia,2024-05-07 10:48:16+00:00,2024-05-07 12:35:20+00:00,2024-05-07 12:33:29+00:00,3,vgo_finance,1,0,https://github.com/vinted/dataverse-vintedgo-dbt/pull/1557,2103,2024-05,2024,5,Q2 2024,True,False,False
1560,fix: dao-dk unmatched fuel surcharges,dataverse-vintedgo-dbt,vinted/dataverse-vintedgo-dbt,merged,jeremychia,2024-05-07 13:44:20+00:00,2024-05-08 12:41:41+00:00,2024-05-08 12:39:52+00:00,3,vgo_finance,1,0,https://github.com/vinted/dataverse-vintedgo-dbt/pull/1560,2908,2024-05,2024,5,Q2 2024,True,False,False
1563,fix: reformats gls-es invoice_ids,dataverse-vintedgo-dbt,vinted/dataverse-vintedgo-dbt,merged,jeremychia,2024-05-08 09:23:25+00:00,2024-05-08 13:13:03+00:00,2024-05-08 12:52:48+00:00,3,vgo_finance,1,0,https://github.com/vinted/dataverse-vintedgo-dbt/pull/1563,1784,2024-05,2024,5,Q2 2024,True,False,False
1568,fix: dpd-pt invoice format,dataverse-vintedgo-dbt,vinted/dataverse-vintedgo-dbt,merged,jeremychia,2024-05-08 12:56:21+00:00,2024-05-10 16:55:34+00:00,2024-05-10 16:53:40+00:00,3,vgo_finance,1,2,https://github.com/vinted/dataverse-vintedgo-dbt/pull/1568,1993,2024-05,2024,5,Q2 2024,True,False,False
1569,fix: sameday invoice format,dataverse-vintedgo-dbt,vinted/dataverse-vintedgo-dbt,merged,jeremychia,2024-05-08 13:14:43+00:00,2024-05-13 07:22:06+00:00,2024-05-13 07:20:12+00:00,3,vgo_finance,1,4,https://github.com/vinted/dataverse-vintedgo-dbt/pull/1569,1879,2024-05,2024,5,Q2 2024,True,False,False
1572,feat: stage ext table - carrier compensation splits,dataverse-vintedgo-dbt,vinted/dataverse-vintedgo-dbt,merged,jeremychia,2024-05-08 13:53:53+00:00,2024-06-12 13:33:45+00:00,2024-06-12 13:31:44+00:00,7,"vgo_general, vgo_finance, docs",3,34,https://github.com/vinted/dataverse-vintedgo-dbt/pull/1572,4243,2024-05,2024,5,Q2 2024,True,False,False
1573,fix: inpost-pl invoice_id,dataverse-vintedgo-dbt,vinted/dataverse-vintedgo-dbt,merged,jeremychia,2024-05-08 15:49:34+00:00,2024-05-14 07:24:41+00:00,2024-05-14 07:22:55+00:00,3,vgo_finance,1,5,https://github.com/vinted/dataverse-vintedgo-dbt/pull/1573,1919,2024-05,2024,5,Q2 2024,True,False,False
9,fix: missing speakers,singapore-parliament-speeches,parleh-mate/singapore-parliament-speeches,merged,jeremychia,2024-05-08 18:42:39+00:00,2024-05-27 18:08:54+00:00,2024-05-10 08:37:36+00:00,0,,0,1,https://github.com/parleh-mate/singapore-parliament-speeches/pull/9,221,2024-05,2024,5,Q2 2024,True,False,False
18,include bills introduced from parliamentary business,singapore-parliament-speeches-dbt,parleh-mate/singapore-parliament-speeches-dbt,merged,jeremychia,2024-05-13 15:41:42+00:00,2024-05-16 10:22:06+00:00,2024-05-13 15:45:47+00:00,0,,0,0,https://github.com/parleh-mate/singapore-parliament-speeches-dbt/pull/18,390,2024-05,2024,5,Q2 2024,True,False,False
1,feat: post-processing of tables in python,singapore-government-directory,jeremychia/singapore-government-directory,merged,jeremychia,2024-05-14 18:24:29+00:00,2024-05-14 18:28:28+00:00,2024-05-14 18:27:59+00:00,0,,0,0,https://github.com/jeremychia/singapore-government-directory/pull/1,673,2024-05,2024,5,Q2 2024,True,False,False
2,feat: add metadata,singapore-government-directory,jeremychia/singapore-government-directory,merged,jeremychia,2024-05-14 18:25:38+00:00,2024-05-14 18:28:29+00:00,2024-05-14 18:26:43+00:00,0,,0,0,https://github.com/jeremychia/singapore-government-directory/pull/2,305,2024-05,2024,5,Q2 2024,True,False,False
19,feat: introduce models for directory data,singapore-parliament-speeches-dbt,parleh-mate/singapore-parliament-speeches-dbt,merged,jeremychia,2024-05-15 10:31:31+00:00,2024-05-16 10:22:05+00:00,2024-05-16 10:20:08+00:00,0,,0,0,https://github.com/parleh-mate/singapore-parliament-speeches-dbt/pull/19,0,2024-05,2024,5,Q2 2024,True,False,False
20,feat: add primary questions flag,singapore-parliament-speeches-dbt,parleh-mate/singapore-parliament-speeches-dbt,merged,jeremychia,2024-05-17 14:03:53+00:00,2024-05-27 17:16:56+00:00,2024-05-17 14:07:15+00:00,0,,0,0,https://github.com/parleh-mate/singapore-parliament-speeches-dbt/pull/20,710,2024-05,2024,5,Q2 2024,True,False,False
1646,feat: expose looker for mart_shipment_legs_customer_invoices,dataverse-vintedgo-dbt,vinted/dataverse-vintedgo-dbt,closed,jeremychia,2024-05-21 11:17:13+00:00,2024-05-22 10:51:32+00:00,2024-05-21 11:26:39+00:00,3,vgo_finance,1,0,https://github.com/vinted/dataverse-vintedgo-dbt/pull/1646,1729,2024-05,2024,5,Q2 2024,False,True,False
285,add measures to invoice cost and revenue mart,dataverse-vintedgo-looker,vinted/dataverse-vintedgo-looker,merged,jeremychia,2024-05-21 16:09:19+00:00,2024-05-22 07:50:26+00:00,2024-05-22 07:50:26+00:00,0,,0,0,https://github.com/vinted/dataverse-vintedgo-looker/pull/285,277,2024-05,2024,5,Q2 2024,True,False,False
1,feat: expose 'dbs_sgd' to the fact table,personal-finance,liannekam/personal-finance,open,jeremychia,2024-05-21 17:40:04+00:00,2024-05-21 17:56:31+00:00,0001-01-01 00:00:00+00:00,0,,0,-739027,https://github.com/liannekam/personal-finance/pull/1,911,2024-05,2024,5,Q2 2024,False,False,True
1660,expose invoice currency to shipment legs customer invoices,dataverse-vintedgo-dbt,vinted/dataverse-vintedgo-dbt,merged,jeremychia,2024-05-22 09:36:14+00:00,2024-05-22 10:31:00+00:00,2024-05-22 10:27:01+00:00,3,vgo_finance,1,0,https://github.com/vinted/dataverse-vintedgo-dbt/pull/1660,4189,2024-05,2024,5,Q2 2024,True,False,False
1666,chore: remove populated from dv-checkpoint,dataverse-vintedgo-dbt,vinted/dataverse-vintedgo-dbt,merged,jeremychia,2024-05-22 11:55:17+00:00,2024-05-22 12:06:47+00:00,2024-05-22 12:06:46+00:00,0,,0,0,https://github.com/vinted/dataverse-vintedgo-dbt/pull/1666,3963,2024-05,2024,5,Q2 2024,True,False,False
287,feat: expose invoice_currency,dataverse-vintedgo-looker,vinted/dataverse-vintedgo-looker,merged,jeremychia,2024-05-22 12:15:20+00:00,2024-05-22 12:23:25+00:00,2024-05-22 12:23:25+00:00,0,,0,0,https://github.com/vinted/dataverse-vintedgo-looker/pull/287,93,2024-05,2024,5,Q2 2024,True,False,False
1673,feat: add group_labels to fields in shipment legs cost and revenue,dataverse-vintedgo-dbt,vinted/dataverse-vintedgo-dbt,merged,jeremychia,2024-05-22 14:19:47+00:00,2024-05-23 07:12:29+00:00,2024-05-23 07:10:53+00:00,3,vgo_finance,1,0,https://github.com/vinted/dataverse-vintedgo-dbt/pull/1673,4667,2024-05,2024,5,Q2 2024,True,False,False
1676,fix: invoice number for ctt,dataverse-vintedgo-dbt,vinted/dataverse-vintedgo-dbt,merged,jeremychia,2024-05-22 15:16:26+00:00,2024-05-23 07:27:17+00:00,2024-05-23 07:25:31+00:00,3,vgo_finance,1,0,https://github.com/vinted/dataverse-vintedgo-dbt/pull/1676,4415,2024-05,2024,5,Q2 2024,True,False,False
3049,chore: update link in looker.md,devbook,vinted/devbook,merged,jeremychia,2024-05-23 09:27:14+00:00,2024-05-23 09:34:32+00:00,2024-05-23 09:34:31+00:00,0,,0,0,https://github.com/vinted/devbook/pull/3049,168,2024-05,2024,5,Q2 2024,True,False,False
294,fix: dummy join key to allow dashboards to be displayed,dataverse-vintedgo-looker,vinted/dataverse-vintedgo-looker,merged,jeremychia,2024-05-23 11:01:58+00:00,2024-05-23 11:22:48+00:00,2024-05-23 11:22:47+00:00,0,,0,0,https://github.com/vinted/dataverse-vintedgo-looker/pull/294,518,2024-05,2024,5,Q2 2024,True,False,False
295,chore: change link references in lookml dashboards,dataverse-vintedgo-looker,vinted/dataverse-vintedgo-looker,merged,jeremychia,2024-05-23 11:38:30+00:00,2024-05-23 11:45:37+00:00,2024-05-23 11:45:37+00:00,0,,0,0,https://github.com/vinted/dataverse-vintedgo-looker/pull/295,169,2024-05,2024,5,Q2 2024,True,False,False
1687,fix: test on carrier_invoices_totals_summary_file source,dataverse-vintedgo-dbt,vinted/dataverse-vintedgo-dbt,merged,jeremychia,2024-05-23 12:51:49+00:00,2024-05-23 13:19:57+00:00,2024-05-23 13:18:28+00:00,3,vgo_finance,1,0,https://github.com/vinted/dataverse-vintedgo-dbt/pull/1687,4593,2024-05,2024,5,Q2 2024,True,False,False
1690,chore: upgrade vgo-fin to dbt version 1.8,dataverse-vintedgo-dbt,vinted/dataverse-vintedgo-dbt,merged,jeremychia,2024-05-23 14:47:18+00:00,2024-05-23 15:35:04+00:00,2024-05-23 15:33:20+00:00,3,vgo_finance,1,0,https://github.com/vinted/dataverse-vintedgo-dbt/pull/1690,4595,2024-05,2024,5,Q2 2024,True,False,False
1691,"feat: re-include on-prem invoiced customer invoices, with a flag",dataverse-vintedgo-dbt,vinted/dataverse-vintedgo-dbt,merged,jeremychia,2024-05-23 15:21:45+00:00,2024-05-24 08:21:58+00:00,2024-05-24 08:19:34+00:00,3,"vgo_finance, docs",2,0,https://github.com/vinted/dataverse-vintedgo-dbt/pull/1691,3946,2024-05,2024,5,Q2 2024,True,False,False
1701,"chore: set version limits for dbt-bigquery and dbt-core dependencies (""<1.9.0"")",dataverse-vintedgo-dbt,vinted/dataverse-vintedgo-dbt,merged,jeremychia,2024-05-24 10:12:36+00:00,2024-05-24 11:36:35+00:00,2024-05-24 11:34:37+00:00,11,"vgo_general, vgo_carrier, vgo_overflow_detector, vgo_d2c, vgo_hvf, docs, vgo_recommender",7,0,https://github.com/vinted/dataverse-vintedgo-dbt/pull/1701,4268,2024-05,2024,5,Q2 2024,True,False,False
1706,feat: create new cost category illegitimate,dataverse-vintedgo-dbt,vinted/dataverse-vintedgo-dbt,merged,jeremychia,2024-05-24 14:54:16+00:00,2024-05-27 07:07:44+00:00,2024-05-27 07:05:30+00:00,3,"vgo_finance, docs",2,2,https://github.com/vinted/dataverse-vintedgo-dbt/pull/1706,4173,2024-05,2024,5,Q2 2024,True,False,False
1707,feat: freshness tests for external source data (vgo_fin),dataverse-vintedgo-dbt,vinted/dataverse-vintedgo-dbt,merged,jeremychia,2024-05-24 15:53:19+00:00,2024-05-27 07:18:54+00:00,2024-05-27 07:17:25+00:00,3,"vgo_finance, DAGs",2,2,https://github.com/vinted/dataverse-vintedgo-dbt/pull/1707,4218,2024-05,2024,5,Q2 2024,True,False,False
1,docs: readme + dependencies,parliment-bills-summary-gpt,roycehoe/parliment-bills-summary-gpt,merged,jeremychia,2024-05-26 07:44:25+00:00,2024-05-26 08:52:53+00:00,2024-05-26 08:52:46+00:00,0,,0,0,https://github.com/roycehoe/parliment-bills-summary-gpt/pull/1,111,2024-05,2024,5,Q2 2024,True,False,False
21,"feat: agg tables on speeches, marts",singapore-parliament-speeches-dbt,parleh-mate/singapore-parliament-speeches-dbt,merged,jeremychia,2024-05-26 10:43:04+00:00,2024-05-27 17:16:55+00:00,2024-05-26 10:51:28+00:00,0,,0,0,https://github.com/parleh-mate/singapore-parliament-speeches-dbt/pull/21,474,2024-05,2024,5,Q2 2024,True,False,False
1,refactor: use new data sources,singapore-parliament-speeches-streamlit,parleh-mate/singapore-parliament-speeches-streamlit,merged,jeremychia,2024-05-26 11:35:50+00:00,2024-05-26 19:47:08+00:00,2024-05-26 11:37:03+00:00,0,,0,0,https://github.com/parleh-mate/singapore-parliament-speeches-streamlit/pull/1,209,2024-05,2024,5,Q2 2024,True,False,False
2,feat: introduce page for member's leaderboard,singapore-parliament-speeches-streamlit,parleh-mate/singapore-parliament-speeches-streamlit,merged,jeremychia,2024-05-26 19:19:20+00:00,2024-05-26 19:47:07+00:00,2024-05-26 19:19:33+00:00,0,,0,0,https://github.com/parleh-mate/singapore-parliament-speeches-streamlit/pull/2,0,2024-05,2024,5,Q2 2024,True,False,False
3,feat: cd for deleting merged branches,singapore-parliament-speeches-streamlit,parleh-mate/singapore-parliament-speeches-streamlit,merged,jeremychia,2024-05-26 19:50:51+00:00,2024-05-26 19:57:16+00:00,2024-05-26 19:51:12+00:00,0,,0,0,https://github.com/parleh-mate/singapore-parliament-speeches-streamlit/pull/3,79,2024-05,2024,5,Q2 2024,True,False,False
4,feat: include definition of readability,singapore-parliament-speeches-streamlit,parleh-mate/singapore-parliament-speeches-streamlit,open,jeremychia,2024-05-26 20:12:30+00:00,2024-05-26 20:54:05+00:00,0001-01-01 00:00:00+00:00,0,,0,-739032,https://github.com/parleh-mate/singapore-parliament-speeches-streamlit/pull/4,58,2024-05,2024,5,Q2 2024,False,False,True
7,feat: checkout api dockerfile,dataverse-vintedgo-finance,vinted/dataverse-vintedgo-finance,merged,jeremychia,2024-05-27 10:51:47+00:00,2024-06-10 11:08:47+00:00,2024-06-10 11:07:16+00:00,2,,0,14,https://github.com/vinted/dataverse-vintedgo-finance/pull/7,1050,2024-05,2024,5,Q2 2024,True,False,False
14609,feat: backfill old data sources checkout api,warehouse-jobs,vinted/warehouse-jobs,closed,jeremychia,2024-05-27 11:53:04+00:00,2024-06-06 12:25:42+00:00,2024-06-06 12:25:42+00:00,8,,0,10,https://github.com/vinted/warehouse-jobs/pull/14609,860,2024-05,2024,5,Q2 2024,False,True,False
1720,feat: init defining structure for backfilled sources,dataverse-vintedgo-dbt,vinted/dataverse-vintedgo-dbt,merged,jeremychia,2024-05-27 14:55:52+00:00,2024-06-11 11:17:32+00:00,2024-06-11 11:15:30+00:00,4,vgo_finance,1,14,https://github.com/vinted/dataverse-vintedgo-dbt/pull/1720,4530,2024-05,2024,5,Q2 2024,True,False,False
10,refactor: allow for arguments for manual runs,singapore-parliament-speeches,parleh-mate/singapore-parliament-speeches,merged,jeremychia,2024-05-27 19:03:44+00:00,2024-05-27 19:06:42+00:00,2024-05-27 19:06:42+00:00,0,,0,0,https://github.com/parleh-mate/singapore-parliament-speeches/pull/10,2441,2024-05,2024,5,Q2 2024,True,False,False
11,fix: do not combine speeches for questions,singapore-parliament-speeches,parleh-mate/singapore-parliament-speeches,merged,jeremychia,2024-05-27 20:22:56+00:00,2024-05-27 20:55:35+00:00,2024-05-27 20:55:34+00:00,0,,0,0,https://github.com/parleh-mate/singapore-parliament-speeches/pull/11,877,2024-05,2024,5,Q2 2024,True,False,False
22,chore: changes from pipeline's PR#11,singapore-parliament-speeches-dbt,parleh-mate/singapore-parliament-speeches-dbt,merged,jeremychia,2024-05-28 05:59:13+00:00,2024-05-28 06:02:30+00:00,2024-05-28 06:02:29+00:00,0,,0,0,https://github.com/parleh-mate/singapore-parliament-speeches-dbt/pull/22,311,2024-05,2024,5,Q2 2024,True,False,False
1723,refactor: mart snapshots for customer invoices,dataverse-vintedgo-dbt,vinted/dataverse-vintedgo-dbt,merged,jeremychia,2024-05-28 08:52:26+00:00,2024-05-31 14:54:29+00:00,2024-05-31 13:06:41+00:00,3,"vgo_finance, DAGs",2,3,https://github.com/vinted/dataverse-vintedgo-dbt/pull/1723,4430,2024-05,2024,5,Q2 2024,True,False,False
768,chore: increase daily limit to allow for run (vgo-fin),terraform-dataverse,vinted/terraform-dataverse,merged,jeremychia,2024-05-28 11:22:04+00:00,2024-05-28 12:59:45+00:00,2024-05-28 12:59:44+00:00,2,,0,0,https://github.com/vinted/terraform-dataverse/pull/768,573,2024-05,2024,5,Q2 2024,True,False,False
770,chore: revert limit to 's' for vgo-finance,terraform-dataverse,vinted/terraform-dataverse,merged,jeremychia,2024-05-28 13:00:55+00:00,2024-05-29 06:58:59+00:00,2024-05-29 06:58:58+00:00,2,,0,0,https://github.com/vinted/terraform-dataverse/pull/770,199,2024-05,2024,5,Q2 2024,True,False,False
1728,feat: add columns to uncategorised rows,dataverse-vintedgo-dbt,vinted/dataverse-vintedgo-dbt,merged,jeremychia,2024-05-28 13:17:11+00:00,2024-05-28 15:52:44+00:00,2024-05-28 15:50:53+00:00,3,vgo_finance,1,0,https://github.com/vinted/dataverse-vintedgo-dbt/pull/1728,5665,2024-05,2024,5,Q2 2024,True,False,False
1735,feat: expose new tables to lookml (vgo-fin),dataverse-vintedgo-dbt,vinted/dataverse-vintedgo-dbt,merged,jeremychia,2024-05-28 16:16:02+00:00,2024-05-29 07:03:55+00:00,2024-05-29 07:02:23+00:00,3,vgo_finance,1,0,https://github.com/vinted/dataverse-vintedgo-dbt/pull/1735,4478,2024-05,2024,5,Q2 2024,True,False,False
1737,fix: Schema Mismatch for model mart_carrier_invoices_totals,dataverse-vintedgo-dbt,vinted/dataverse-vintedgo-dbt,merged,jeremychia,2024-05-29 07:50:14+00:00,2024-05-29 12:15:47+00:00,2024-05-29 12:14:04+00:00,3,vgo_finance,1,0,https://github.com/vinted/dataverse-vintedgo-dbt/pull/1737,4809,2024-05,2024,5,Q2 2024,True,False,False
1738,fix: Schema Mismatch for model mart_d2c_invoice_cost_and_revenue,dataverse-vintedgo-dbt,vinted/dataverse-vintedgo-dbt,merged,jeremychia,2024-05-29 08:07:26+00:00,2024-05-29 12:29:06+00:00,2024-05-29 12:27:36+00:00,3,"vgo_finance, docs",2,0,https://github.com/vinted/dataverse-vintedgo-dbt/pull/1738,4851,2024-05,2024,5,Q2 2024,True,False,False
1739,fix: Schema Mismatch for model mart_invoice_totals_verification,dataverse-vintedgo-dbt,vinted/dataverse-vintedgo-dbt,merged,jeremychia,2024-05-29 08:20:14+00:00,2024-05-29 12:41:07+00:00,2024-05-29 12:39:35+00:00,3,vgo_finance,1,0,https://github.com/vinted/dataverse-vintedgo-dbt/pull/1739,4671,2024-05,2024,5,Q2 2024,True,False,False
1740,fix: Schema Mismatch for model mart_shipment_legs_invoice_cost_and_revenue,dataverse-vintedgo-dbt,vinted/dataverse-vintedgo-dbt,merged,jeremychia,2024-05-29 08:24:29+00:00,2024-05-29 12:53:42+00:00,2024-05-29 12:51:44+00:00,3,vgo_finance,1,0,https://github.com/vinted/dataverse-vintedgo-dbt/pull/1740,4745,2024-05,2024,5,Q2 2024,True,False,False
1741,fix: Schema Mismatch for model mart_uncategorised_invoice_rows,dataverse-vintedgo-dbt,vinted/dataverse-vintedgo-dbt,merged,jeremychia,2024-05-29 08:30:53+00:00,2024-05-29 13:05:57+00:00,2024-05-29 13:04:24+00:00,3,vgo_finance,1,0,https://github.com/vinted/dataverse-vintedgo-dbt/pull/1741,4681,2024-05,2024,5,Q2 2024,True,False,False
1742,fix: Schema Mismatch for model mart_historic_shipment_legs_customer_invoices,dataverse-vintedgo-dbt,vinted/dataverse-vintedgo-dbt,merged,jeremychia,2024-05-29 08:34:38+00:00,2024-05-29 13:17:55+00:00,2024-05-29 13:16:19+00:00,3,vgo_finance,1,0,https://github.com/vinted/dataverse-vintedgo-dbt/pull/1742,4749,2024-05,2024,5,Q2 2024,True,False,False
1746,fix: schema mismatch agg_invoice_rows_exceptions_by_date,dataverse-vintedgo-dbt,vinted/dataverse-vintedgo-dbt,merged,jeremychia,2024-05-29 12:26:44+00:00,2024-05-29 13:58:48+00:00,2024-05-29 13:57:06+00:00,3,vgo_finance,1,0,https://github.com/vinted/dataverse-vintedgo-dbt/pull/1746,4902,2024-05,2024,5,Q2 2024,True,False,False
1748,docs: adding documentation for test_failures schema,dataverse-vintedgo-dbt,vinted/dataverse-vintedgo-dbt,merged,jeremychia,2024-05-29 13:01:56+00:00,2024-05-29 14:12:44+00:00,2024-05-29 14:10:52+00:00,3,vgo_finance,1,0,https://github.com/vinted/dataverse-vintedgo-dbt/pull/1748,5891,2024-05,2024,5,Q2 2024,True,False,False
1749,fix: Schema Mismatch for model mart_shipment_legs_revenue_recognition,dataverse-vintedgo-dbt,vinted/dataverse-vintedgo-dbt,merged,jeremychia,2024-05-29 13:34:03+00:00,2024-05-29 14:52:55+00:00,2024-05-29 14:51:17+00:00,3,vgo_finance,1,0,https://github.com/vinted/dataverse-vintedgo-dbt/pull/1749,5759,2024-05,2024,5,Q2 2024,True,False,False
1752,feat: create summary looker table for vgo-fin,dataverse-vintedgo-dbt,vinted/dataverse-vintedgo-dbt,merged,jeremychia,2024-05-29 15:16:20+00:00,2024-05-30 12:37:28+00:00,2024-05-30 12:35:48+00:00,4,vgo_finance,1,0,https://github.com/vinted/dataverse-vintedgo-dbt/pull/1752,4727,2024-05,2024,5,Q2 2024,True,False,False
316,remove explicit scopes arising from nested data structures in look ml,dataverse-vintedgo-looker,vinted/dataverse-vintedgo-looker,merged,jeremychia,2024-05-30 07:47:46+00:00,2024-05-30 07:59:59+00:00,2024-05-30 07:59:59+00:00,0,,0,0,https://github.com/vinted/dataverse-vintedgo-looker/pull/316,50,2024-05,2024,5,Q2 2024,True,False,False
1764,docs: group_labels for mart_carrier_invoices_totals,dataverse-vintedgo-dbt,vinted/dataverse-vintedgo-dbt,merged,jeremychia,2024-05-30 14:27:06+00:00,2024-05-31 12:40:51+00:00,2024-05-31 12:39:16+00:00,3,vgo_finance,1,0,https://github.com/vinted/dataverse-vintedgo-dbt/pull/1764,4387,2024-05,2024,5,Q2 2024,True,False,False
1771,docs: group_labels for mart_d2c_invoice_cost_and_revenue,dataverse-vintedgo-dbt,vinted/dataverse-vintedgo-dbt,merged,jeremychia,2024-05-31 06:34:19+00:00,2024-05-31 07:47:26+00:00,2024-05-31 07:45:47+00:00,3,vgo_finance,1,0,https://github.com/vinted/dataverse-vintedgo-dbt/pull/1771,4387,2024-05,2024,5,Q2 2024,True,False,False
1772,docs: group_label for mart_duplicate_invoice_rows,dataverse-vintedgo-dbt,vinted/dataverse-vintedgo-dbt,merged,jeremychia,2024-05-31 06:42:13+00:00,2024-05-31 07:59:34+00:00,2024-05-31 07:57:52+00:00,3,vgo_finance,1,0,https://github.com/vinted/dataverse-vintedgo-dbt/pull/1772,4387,2024-05,2024,5,Q2 2024,True,False,False
1773,docs: group_label for mart_invoice_rows_purchase_price_validation,dataverse-vintedgo-dbt,vinted/dataverse-vintedgo-dbt,merged,jeremychia,2024-05-31 06:42:20+00:00,2024-05-31 08:42:38+00:00,2024-05-31 08:41:01+00:00,3,vgo_finance,1,0,https://github.com/vinted/dataverse-vintedgo-dbt/pull/1773,4387,2024-05,2024,5,Q2 2024,True,False,False
1774,docs: group_label for mart_invoice_totals_verification,dataverse-vintedgo-dbt,vinted/dataverse-vintedgo-dbt,merged,jeremychia,2024-05-31 06:47:23+00:00,2024-05-31 08:56:16+00:00,2024-05-31 08:54:25+00:00,3,vgo_finance,1,0,https://github.com/vinted/dataverse-vintedgo-dbt/pull/1774,4387,2024-05,2024,5,Q2 2024,True,False,False
1775,docs: group_label for mart_shipment_legs_customer_invoices,dataverse-vintedgo-dbt,vinted/dataverse-vintedgo-dbt,merged,jeremychia,2024-05-31 06:47:31+00:00,2024-05-31 10:36:20+00:00,2024-05-31 10:34:39+00:00,3,vgo_finance,1,0,https://github.com/vinted/dataverse-vintedgo-dbt/pull/1775,4387,2024-05,2024,5,Q2 2024,True,False,False
1776,docs: group_label for mart_uncategorised_invoice_rows,dataverse-vintedgo-dbt,vinted/dataverse-vintedgo-dbt,merged,jeremychia,2024-05-31 06:47:37+00:00,2024-05-31 10:49:23+00:00,2024-05-31 10:47:34+00:00,3,vgo_finance,1,0,https://github.com/vinted/dataverse-vintedgo-dbt/pull/1776,4387,2024-05,2024,5,Q2 2024,True,False,False
1777,docs: group_label for mart_unmatched_invoice_rows,dataverse-vintedgo-dbt,vinted/dataverse-vintedgo-dbt,merged,jeremychia,2024-05-31 06:49:51+00:00,2024-05-31 12:26:25+00:00,2024-05-31 12:24:30+00:00,3,vgo_finance,1,0,https://github.com/vinted/dataverse-vintedgo-dbt/pull/1777,4457,2024-05,2024,5,Q2 2024,True,False,False
1778,docs: group_label for mart_historic_shipment_legs_customer_invoices,dataverse-vintedgo-dbt,vinted/dataverse-vintedgo-dbt,merged,jeremychia,2024-05-31 08:26:02+00:00,2024-05-31 11:17:31+00:00,2024-05-31 11:15:52+00:00,3,vgo_finance,1,0,https://github.com/vinted/dataverse-vintedgo-dbt/pull/1778,4457,2024-05,2024,5,Q2 2024,True,False,False
1779,docs: group_label for mart_historic_shipment_legs_revenue_recognition,dataverse-vintedgo-dbt,vinted/dataverse-vintedgo-dbt,merged,jeremychia,2024-05-31 08:26:09+00:00,2024-05-31 11:03:23+00:00,2024-05-31 11:01:50+00:00,3,vgo_finance,1,0,https://github.com/vinted/dataverse-vintedgo-dbt/pull/1779,4457,2024-05,2024,5,Q2 2024,True,False,False
1780,docs: group label for fct_invoice_rows,dataverse-vintedgo-dbt,vinted/dataverse-vintedgo-dbt,merged,jeremychia,2024-05-31 08:32:05+00:00,2024-05-31 11:31:15+00:00,2024-05-31 11:29:32+00:00,3,vgo_finance,1,0,https://github.com/vinted/dataverse-vintedgo-dbt/pull/1780,4457,2024-05,2024,5,Q2 2024,True,False,False
1781,docs: group_label for _union_unmatched_price_list_test_failures,dataverse-vintedgo-dbt,vinted/dataverse-vintedgo-dbt,merged,jeremychia,2024-05-31 08:36:08+00:00,2024-05-31 11:45:37+00:00,2024-05-31 11:43:54+00:00,3,vgo_finance,1,0,https://github.com/vinted/dataverse-vintedgo-dbt/pull/1781,4457,2024-05,2024,5,Q2 2024,True,False,False
1782,docs: group label for _union_all_test_failures,dataverse-vintedgo-dbt,vinted/dataverse-vintedgo-dbt,merged,jeremychia,2024-05-31 08:36:16+00:00,2024-05-31 11:57:59+00:00,2024-05-31 11:56:32+00:00,3,vgo_finance,1,0,https://github.com/vinted/dataverse-vintedgo-dbt/pull/1782,4457,2024-05,2024,5,Q2 2024,True,False,False
1783,docs: group_label for agg_invoice_rows_exceptions_by_date,dataverse-vintedgo-dbt,vinted/dataverse-vintedgo-dbt,merged,jeremychia,2024-05-31 08:39:29+00:00,2024-05-31 12:13:16+00:00,2024-05-31 12:11:33+00:00,3,vgo_finance,1,0,https://github.com/vinted/dataverse-vintedgo-dbt/pull/1783,4457,2024-05,2024,5,Q2 2024,True,False,False
1785,chore: change tests to data_tests,dataverse-vintedgo-dbt,vinted/dataverse-vintedgo-dbt,merged,jeremychia,2024-05-31 11:08:21+00:00,2024-05-31 12:55:07+00:00,2024-05-31 12:53:25+00:00,9,"vgo_general, vgo_carrier, vgo_finance, vgo_recommender",4,0,https://github.com/vinted/dataverse-vintedgo-dbt/pull/1785,4045,2024-05,2024,5,Q2 2024,True,False,False
1786,fix: schema mismatch for mart_vcarrier_scan_quality,dataverse-vintedgo-dbt,vinted/dataverse-vintedgo-dbt,merged,jeremychia,2024-05-31 13:32:58+00:00,2024-05-31 13:51:52+00:00,2024-05-31 13:50:06+00:00,3,vgo_carrier,1,0,https://github.com/vinted/dataverse-vintedgo-dbt/pull/1786,4815,2024-05,2024,5,Q2 2024,True,False,False
2868,fix: formatting issues with date in vship_checkout_balance_statement_report,lookml,vinted/lookml,merged,jeremychia,2024-05-31 14:14:13+00:00,2024-05-31 14:20:18+00:00,2024-05-31 14:20:18+00:00,0,,0,0,https://github.com/vinted/lookml/pull/2868,921,2024-05,2024,5,Q2 2024,True,False,False
1788,chore: drop additional (unneeded) data in historical snapshots,dataverse-vintedgo-dbt,vinted/dataverse-vintedgo-dbt,merged,jeremychia,2024-05-31 15:01:03+00:00,2024-06-03 06:05:45+00:00,2024-06-03 06:03:27+00:00,2,vgo_finance,1,2,https://github.com/vinted/dataverse-vintedgo-dbt/pull/1788,5116,2024-05,2024,5,Q2 2024,True,False,False
364,chore: add alessandra.sorrentino to vship.yaml,data-platform,vinted/data-platform,closed,jeremychia,2024-05-31 15:22:59+00:00,2024-06-10 09:34:34+00:00,2024-06-10 09:34:34+00:00,3,,0,9,https://github.com/vinted/data-platform/pull/364,278,2024-05,2024,5,Q2 2024,False,True,False
1791,fix: new column names for new array structures ,dataverse-vintedgo-dbt,vinted/dataverse-vintedgo-dbt,merged,jeremychia,2024-06-02 09:10:47+00:00,2024-06-03 05:22:13+00:00,2024-06-03 05:20:25+00:00,3,vgo_finance,1,0,https://github.com/vinted/dataverse-vintedgo-dbt/pull/1791,4358,2024-06,2024,6,Q2 2024,True,False,False
5,feat: reorganise pages,singapore-parliament-speeches-streamlit,parleh-mate/singapore-parliament-speeches-streamlit,merged,jeremychia,2024-06-02 20:18:20+00:00,2024-06-02 20:18:55+00:00,2024-06-02 20:18:55+00:00,0,,0,0,https://github.com/parleh-mate/singapore-parliament-speeches-streamlit/pull/5,137,2024-06,2024,6,Q2 2024,True,False,False
24,feat: introduce supplementary image sources,singapore-parliament-speeches-dbt,parleh-mate/singapore-parliament-speeches-dbt,merged,jeremychia,2024-06-02 21:06:00+00:00,2024-06-02 21:07:01+00:00,2024-06-02 21:07:00+00:00,0,,0,0,https://github.com/parleh-mate/singapore-parliament-speeches-dbt/pull/24,234,2024-06,2024,6,Q2 2024,True,False,False
25,feat: counting methods for count sittings spoken,singapore-parliament-speeches-dbt,parleh-mate/singapore-parliament-speeches-dbt,merged,jeremychia,2024-06-03 06:35:02+00:00,2024-06-03 06:36:12+00:00,2024-06-03 06:36:11+00:00,0,,0,0,https://github.com/parleh-mate/singapore-parliament-speeches-dbt/pull/25,298,2024-06,2024,6,Q2 2024,True,False,False
6,fix: updating explainer for participation,singapore-parliament-speeches-streamlit,parleh-mate/singapore-parliament-speeches-streamlit,merged,jeremychia,2024-06-03 06:35:56+00:00,2024-06-03 06:36:07+00:00,2024-06-03 06:36:07+00:00,0,,0,0,https://github.com/parleh-mate/singapore-parliament-speeches-streamlit/pull/6,175,2024-06,2024,6,Q2 2024,True,False,False
2870,chore: reinstate vship_retail_invoice_lines,lookml,vinted/lookml,merged,jeremychia,2024-06-03 08:18:54+00:00,2024-06-03 08:22:43+00:00,2024-06-03 08:22:43+00:00,0,,0,0,https://github.com/vinted/lookml/pull/2870,564,2024-06,2024,6,Q2 2024,True,False,False
347,fix: corerct total_total_costs_amount_eur,dataverse-vintedgo-looker,vinted/dataverse-vintedgo-looker,merged,jeremychia,2024-06-03 12:43:35+00:00,2024-06-03 12:44:56+00:00,2024-06-03 12:44:55+00:00,0,,0,0,https://github.com/vinted/dataverse-vintedgo-looker/pull/347,247,2024-06,2024,6,Q2 2024,True,False,False
1798,chore: change name for inquiry cancelled,dataverse-vintedgo-dbt,vinted/dataverse-vintedgo-dbt,merged,jeremychia,2024-06-04 07:20:41+00:00,2024-06-04 07:49:09+00:00,2024-06-04 07:47:19+00:00,3,vgo_hvf,1,0,https://github.com/vinted/dataverse-vintedgo-dbt/pull/1798,4785,2024-06,2024,6,Q2 2024,True,False,False
356,feat: add meausres to mart_carrier_invoices_totals,dataverse-vintedgo-looker,vinted/dataverse-vintedgo-looker,merged,jeremychia,2024-06-04 09:03:43+00:00,2024-06-04 09:13:06+00:00,2024-06-04 09:13:06+00:00,0,,0,0,https://github.com/vinted/dataverse-vintedgo-looker/pull/356,0,2024-06,2024,6,Q2 2024,True,False,False
1800,fix: parse airflow dates in mart_historics,dataverse-vintedgo-dbt,vinted/dataverse-vintedgo-dbt,closed,jeremychia,2024-06-04 09:47:35+00:00,2024-06-04 12:44:33+00:00,2024-06-04 12:44:26+00:00,3,vgo_finance,1,0,https://github.com/vinted/dataverse-vintedgo-dbt/pull/1800,4209,2024-06,2024,6,Q2 2024,False,True,False
1803,chore: custom query for mart_historic_shipment_legs,dataverse-vintedgo-dbt,vinted/dataverse-vintedgo-dbt,merged,jeremychia,2024-06-04 13:24:30+00:00,2024-06-04 13:47:37+00:00,2024-06-04 13:45:58+00:00,2,vgo_finance,1,0,https://github.com/vinted/dataverse-vintedgo-dbt/pull/1803,4195,2024-06,2024,6,Q2 2024,True,False,False
365,feat: measures for agg_invoice_rows_exceptions_by_date,dataverse-vintedgo-looker,vinted/dataverse-vintedgo-looker,merged,jeremychia,2024-06-04 20:25:19+00:00,2024-06-06 14:59:02+00:00,2024-06-06 14:59:02+00:00,0,,0,1,https://github.com/vinted/dataverse-vintedgo-looker/pull/365,983,2024-06,2024,6,Q2 2024,True,False,False
1811,feat: unlink accepted_values tests into a separate task,dataverse-vintedgo-dbt,vinted/dataverse-vintedgo-dbt,merged,jeremychia,2024-06-05 06:57:19+00:00,2024-06-05 08:16:11+00:00,2024-06-05 08:14:34+00:00,3,"vgo_finance, DAGs",2,0,https://github.com/vinted/dataverse-vintedgo-dbt/pull/1811,4539,2024-06,2024,6,Q2 2024,True,False,False
368,feat: add measures _union_unmatched_price_list_test_failures,dataverse-vintedgo-looker,vinted/dataverse-vintedgo-looker,merged,jeremychia,2024-06-05 07:59:30+00:00,2024-06-07 14:52:24+00:00,2024-06-07 14:52:24+00:00,1,,0,2,https://github.com/vinted/dataverse-vintedgo-looker/pull/368,1059,2024-06,2024,6,Q2 2024,True,False,False
370,feat: add measures for mart_d2c_invoice_cost_and_revenue,dataverse-vintedgo-looker,vinted/dataverse-vintedgo-looker,merged,jeremychia,2024-06-05 08:41:59+00:00,2024-06-10 11:50:39+00:00,2024-06-10 11:50:39+00:00,0,"views, vgo_finance",2,5,https://github.com/vinted/dataverse-vintedgo-looker/pull/370,1051,2024-06,2024,6,Q2 2024,True,False,False
375,feat: add measures in lookml for mart_shipment_legs_customer_invoices,dataverse-vintedgo-looker,vinted/dataverse-vintedgo-looker,merged,jeremychia,2024-06-05 12:11:41+00:00,2024-06-10 11:56:51+00:00,2024-06-10 11:56:50+00:00,0,"views, vgo_finance",2,4,https://github.com/vinted/dataverse-vintedgo-looker/pull/375,1054,2024-06,2024,6,Q2 2024,True,False,False
376,feat: measures for mart_invoice_totals_verification,dataverse-vintedgo-looker,vinted/dataverse-vintedgo-looker,merged,jeremychia,2024-06-05 12:13:56+00:00,2024-06-07 15:00:48+00:00,2024-06-07 15:00:47+00:00,1,,0,2,https://github.com/vinted/dataverse-vintedgo-looker/pull/376,1050,2024-06,2024,6,Q2 2024,True,False,False
377,feat: measures for mart_invoice_rows_purchase_price_validation,dataverse-vintedgo-looker,vinted/dataverse-vintedgo-looker,merged,jeremychia,2024-06-05 12:14:17+00:00,2024-06-10 11:40:08+00:00,2024-06-10 11:40:07+00:00,2,"views, vgo_finance",2,4,https://github.com/vinted/dataverse-vintedgo-looker/pull/377,1061,2024-06,2024,6,Q2 2024,True,False,False
378,feat: add measures in lookml for mart_duplicate_invoice_rows,dataverse-vintedgo-looker,vinted/dataverse-vintedgo-looker,merged,jeremychia,2024-06-05 12:14:54+00:00,2024-06-10 11:36:14+00:00,2024-06-10 11:36:14+00:00,1,"views, vgo_finance",2,4,https://github.com/vinted/dataverse-vintedgo-looker/pull/378,1045,2024-06,2024,6,Q2 2024,True,False,False
379,feat: add measures in lookml for mart_shipment_legs_revenue_recognition,dataverse-vintedgo-looker,vinted/dataverse-vintedgo-looker,merged,jeremychia,2024-06-05 12:25:01+00:00,2024-06-10 11:57:17+00:00,2024-06-10 11:57:17+00:00,0,"views, vgo_finance",2,4,https://github.com/vinted/dataverse-vintedgo-looker/pull/379,1056,2024-06,2024,6,Q2 2024,True,False,False
380,feat: add measures in lookml for mart_historic_shipment_legs_customer_invoices,dataverse-vintedgo-looker,vinted/dataverse-vintedgo-looker,merged,jeremychia,2024-06-05 12:34:07+00:00,2024-06-10 11:38:21+00:00,2024-06-10 11:38:20+00:00,0,"views, vgo_finance",2,4,https://github.com/vinted/dataverse-vintedgo-looker/pull/380,1063,2024-06,2024,6,Q2 2024,True,False,False
381,feat: add measures in lookml for mart_uncategorised_invoice_rows,dataverse-vintedgo-looker,vinted/dataverse-vintedgo-looker,merged,jeremychia,2024-06-05 12:34:38+00:00,2024-06-10 11:50:27+00:00,2024-06-10 11:50:27+00:00,0,"views, vgo_finance",2,4,https://github.com/vinted/dataverse-vintedgo-looker/pull/381,1049,2024-06,2024,6,Q2 2024,True,False,False
382,feat: measures for mart_historic_shipment_legs_revenue_recognition,dataverse-vintedgo-looker,vinted/dataverse-vintedgo-looker,closed,jeremychia,2024-06-05 12:36:43+00:00,2024-07-05 15:05:42+00:00,2024-07-05 15:05:29+00:00,0,"views, vgo_finance",2,30,https://github.com/vinted/dataverse-vintedgo-looker/pull/382,1191,2024-06,2024,6,Q2 2024,False,True,False
383,feat: measures for _union_all_test_failures,dataverse-vintedgo-looker,vinted/dataverse-vintedgo-looker,merged,jeremychia,2024-06-05 12:42:50+00:00,2024-06-10 11:50:11+00:00,2024-06-10 11:50:11+00:00,0,"views, vgo_finance",2,4,https://github.com/vinted/dataverse-vintedgo-looker/pull/383,46,2024-06,2024,6,Q2 2024,True,False,False
384,feat: add measures in lookml for fct_invoice_rows,dataverse-vintedgo-looker,vinted/dataverse-vintedgo-looker,merged,jeremychia,2024-06-05 12:48:17+00:00,2024-06-10 11:49:52+00:00,2024-06-10 11:49:52+00:00,0,"views, vgo_finance",2,4,https://github.com/vinted/dataverse-vintedgo-looker/pull/384,1034,2024-06,2024,6,Q2 2024,True,False,False
385,feat: add measures in lookml for mart_unmatched_invoice_rows,dataverse-vintedgo-looker,vinted/dataverse-vintedgo-looker,merged,jeremychia,2024-06-05 12:51:25+00:00,2024-06-10 11:49:32+00:00,2024-06-10 11:49:32+00:00,0,"views, vgo_finance",2,4,https://github.com/vinted/dataverse-vintedgo-looker/pull/385,1045,2024-06,2024,6,Q2 2024,True,False,False
14708,feat: add pk for invoices in marketplace shipping refunds bq,warehouse-jobs,vinted/warehouse-jobs,merged,jeremychia,2024-06-05 13:22:03+00:00,2024-06-05 16:03:08+00:00,2024-06-05 16:03:06+00:00,2,,0,0,https://github.com/vinted/warehouse-jobs/pull/14708,281,2024-06,2024,6,Q2 2024,True,False,False
2,feat: expose stg_bank_de_eur_amex,personal-finances-dbt,jeremychia/personal-finances-dbt,merged,jeremychia,2024-06-05 20:07:16+00:00,2024-06-19 20:33:37+00:00,2024-06-05 20:07:33+00:00,0,,0,0,https://github.com/jeremychia/personal-finances-dbt/pull/2,23,2024-06,2024,6,Q2 2024,True,False,False
1682,"chore: add access for jeremychia, rloredo",terraform-github,vinted/terraform-github,merged,jeremychia,2024-06-06 09:23:19+00:00,2024-06-06 11:05:41+00:00,2024-06-06 11:05:38+00:00,9,,0,0,https://github.com/vinted/terraform-github/pull/1682,1003,2024-06,2024,6,Q2 2024,True,False,False
1826,chore: hide fields to make it consistent with looker for agg_invoice_rows_exceptions_by_date,dataverse-vintedgo-dbt,vinted/dataverse-vintedgo-dbt,merged,jeremychia,2024-06-06 11:13:51+00:00,2024-06-06 15:15:40+00:00,2024-06-06 15:13:37+00:00,3,vgo_finance,1,0,https://github.com/vinted/dataverse-vintedgo-dbt/pull/1826,4160,2024-06,2024,6,Q2 2024,True,False,False
14718,feat: backfill old data sources checkout api (attempt 2),warehouse-jobs,vinted/warehouse-jobs,closed,jeremychia,2024-06-06 12:25:09+00:00,2024-10-17 12:40:22+00:00,2024-10-17 12:40:05+00:00,3,,0,133,https://github.com/vinted/warehouse-jobs/pull/14718,1130,2024-06,2024,6,Q2 2024,False,True,False
1833,fix: there are US dates formats for DAO-DK invoices for uploads in 2024-06-06,dataverse-vintedgo-dbt,vinted/dataverse-vintedgo-dbt,closed,jeremychia,2024-06-07 07:29:52+00:00,2024-06-07 10:32:06+00:00,2024-06-07 10:32:05+00:00,4,"vgo_finance, do not merge",2,0,https://github.com/vinted/dataverse-vintedgo-dbt/pull/1833,5087,2024-06,2024,6,Q2 2024,False,True,False
398,feat: labelers for looker repo,dataverse-vintedgo-looker,vinted/dataverse-vintedgo-looker,merged,jeremychia,2024-06-07 10:15:27+00:00,2024-06-10 07:57:23+00:00,2024-06-10 07:57:23+00:00,0,ci/cd,1,2,https://github.com/vinted/dataverse-vintedgo-looker/pull/398,216,2024-06,2024,6,Q2 2024,True,False,False
1839,chore: changes to align with looker PR for _union_unmatched_price_list_test_failures,dataverse-vintedgo-dbt,vinted/dataverse-vintedgo-dbt,merged,jeremychia,2024-06-07 14:46:30+00:00,2024-06-07 15:32:36+00:00,2024-06-07 15:30:58+00:00,3,vgo_finance,1,0,https://github.com/vinted/dataverse-vintedgo-dbt/pull/1839,4149,2024-06,2024,6,Q2 2024,True,False,False
1840,chore: changes to align with looker definition for mart_invoice_totals_verification,dataverse-vintedgo-dbt,vinted/dataverse-vintedgo-dbt,merged,jeremychia,2024-06-07 14:55:56+00:00,2024-06-07 15:46:12+00:00,2024-06-07 15:44:14+00:00,3,vgo_finance,1,0,https://github.com/vinted/dataverse-vintedgo-dbt/pull/1840,4149,2024-06,2024,6,Q2 2024,True,False,False
1,feat: add pipeline for downloading announcements from SGX,stock-exchange-reports,jeremychia/stock-exchange-reports,merged,jeremychia,2024-06-09 08:56:39+00:00,2024-06-09 15:55:08+00:00,2024-06-09 15:55:05+00:00,0,,0,0,https://github.com/jeremychia/stock-exchange-reports/pull/1,0,2024-06,2024,6,Q2 2024,True,False,False
1,feat: modelling sg sgx information,stock-exchange-reports-dbt,jeremychia/stock-exchange-reports-dbt,open,jeremychia,2024-06-09 19:11:12+00:00,2024-06-09 19:12:18+00:00,0001-01-01 00:00:00+00:00,0,,0,-739046,https://github.com/jeremychia/stock-exchange-reports-dbt/pull/1,125,2024-06,2024,6,Q2 2024,False,False,True
10,fix: adding versions to checkout api dag,dataverse-vintedgo-finance,vinted/dataverse-vintedgo-finance,merged,jeremychia,2024-06-10 11:21:53+00:00,2024-06-10 12:01:57+00:00,2024-06-10 12:00:14+00:00,1,,0,0,https://github.com/vinted/dataverse-vintedgo-finance/pull/10,496,2024-06,2024,6,Q2 2024,True,False,False
11,fix: update bucket names for checkout docker,dataverse-vintedgo-finance,vinted/dataverse-vintedgo-finance,merged,jeremychia,2024-06-10 12:11:05+00:00,2024-06-10 12:44:53+00:00,2024-06-10 12:43:19+00:00,1,,0,0,https://github.com/vinted/dataverse-vintedgo-finance/pull/11,882,2024-06,2024,6,Q2 2024,True,False,False
12,chore: correct repository for dag run,dataverse-vintedgo-finance,vinted/dataverse-vintedgo-finance,merged,jeremychia,2024-06-10 13:14:18+00:00,2024-06-12 09:05:12+00:00,2024-06-10 13:22:12+00:00,3,,0,0,https://github.com/vinted/dataverse-vintedgo-finance/pull/12,31,2024-06,2024,6,Q2 2024,True,False,False
1850,feat: migrate VshipFinanceRetailInvoiceLines,dataverse-vintedgo-dbt,vinted/dataverse-vintedgo-dbt,merged,jeremychia,2024-06-10 14:58:00+00:00,2024-06-11 09:49:56+00:00,2024-06-11 09:48:19+00:00,3,"vgo_d2c, docs",2,0,https://github.com/vinted/dataverse-vintedgo-dbt/pull/1850,4438,2024-06,2024,6,Q2 2024,True,False,False
412,fix: replace instances of uncategorised rows,dataverse-vintedgo-looker,vinted/dataverse-vintedgo-looker,merged,jeremychia,2024-06-10 16:11:04+00:00,2024-06-10 16:20:52+00:00,2024-06-10 16:20:52+00:00,0,"views, vgo_finance",2,0,https://github.com/vinted/dataverse-vintedgo-looker/pull/412,523,2024-06,2024,6,Q2 2024,True,False,False
1860,feat: migrate `VshipCheckoutBalanceStatementReport`,dataverse-vintedgo-dbt,vinted/dataverse-vintedgo-dbt,merged,jeremychia,2024-06-11 12:27:14+00:00,2024-06-12 08:22:07+00:00,2024-06-12 08:20:34+00:00,3,"vgo_finance, docs",2,0,https://github.com/vinted/dataverse-vintedgo-dbt/pull/1860,4498,2024-06,2024,6,Q2 2024,True,False,False
1867,feat: migrate `VshipCheckoutFinancialActionsReport`,dataverse-vintedgo-dbt,vinted/dataverse-vintedgo-dbt,merged,jeremychia,2024-06-11 15:09:32+00:00,2024-06-13 07:15:43+00:00,2024-06-12 15:04:39+00:00,5,"vgo_finance, vgo_d2c, docs, DAGs",4,0,https://github.com/vinted/dataverse-vintedgo-dbt/pull/1867,5231,2024-06,2024,6,Q2 2024,True,False,False
1869,fix: typo in uri,dataverse-vintedgo-dbt,vinted/dataverse-vintedgo-dbt,merged,jeremychia,2024-06-12 06:31:16+00:00,2024-06-12 06:59:05+00:00,2024-06-12 06:57:28+00:00,3,vgo_finance,1,0,https://github.com/vinted/dataverse-vintedgo-dbt/pull/1869,5512,2024-06,2024,6,Q2 2024,True,False,False
427,feat: add measures for new dimensions in mart_carrier_invoices_totals,dataverse-vintedgo-looker,vinted/dataverse-vintedgo-looker,merged,jeremychia,2024-06-12 08:33:02+00:00,2024-06-12 08:36:40+00:00,2024-06-12 08:36:40+00:00,0,"views, vgo_finance",2,0,https://github.com/vinted/dataverse-vintedgo-looker/pull/427,1417,2024-06,2024,6,Q2 2024,True,False,False
1884,fix: d2c dag,dataverse-vintedgo-dbt,vinted/dataverse-vintedgo-dbt,merged,jeremychia,2024-06-13 05:52:37+00:00,2024-06-13 06:05:49+00:00,2024-06-13 06:03:57+00:00,3,"vgo_d2c, DAGs",2,0,https://github.com/vinted/dataverse-vintedgo-dbt/pull/1884,4230,2024-06,2024,6,Q2 2024,True,False,False
436,chore: add custom content so field will not be removed,dataverse-vintedgo-looker,vinted/dataverse-vintedgo-looker,merged,jeremychia,2024-06-13 07:44:17+00:00,2024-06-13 08:47:42+00:00,2024-06-13 08:47:41+00:00,0,"views, vgo_d2c",2,0,https://github.com/vinted/dataverse-vintedgo-looker/pull/436,132,2024-06,2024,6,Q2 2024,True,False,False
2902,fix: remove prediction_errors_point_hider,lookml,vinted/lookml,merged,jeremychia,2024-06-13 08:09:07+00:00,2024-06-13 08:10:45+00:00,2024-06-13 08:10:45+00:00,0,,0,0,https://github.com/vinted/lookml/pull/2902,0,2024-06,2024,6,Q2 2024,True,False,False
1892,fix: schema mismatch mart_historic_shipment_legs_revenue_recognition,dataverse-vintedgo-dbt,vinted/dataverse-vintedgo-dbt,merged,jeremychia,2024-06-13 13:15:11+00:00,2024-06-13 13:52:34+00:00,2024-06-13 13:50:37+00:00,3,vgo_finance,1,0,https://github.com/vinted/dataverse-vintedgo-dbt/pull/1892,7641,2024-06,2024,6,Q2 2024,True,False,False
443,feat: add links to mart_exposed_looker_tables,dataverse-vintedgo-looker,vinted/dataverse-vintedgo-looker,merged,jeremychia,2024-06-13 14:36:20+00:00,2024-06-18 13:03:35+00:00,2024-06-18 13:03:34+00:00,0,"views, vgo_finance",2,4,https://github.com/vinted/dataverse-vintedgo-looker/pull/443,224,2024-06,2024,6,Q2 2024,True,False,False
1898,fix: reinstate freshness test,dataverse-vintedgo-dbt,vinted/dataverse-vintedgo-dbt,merged,jeremychia,2024-06-14 08:56:47+00:00,2024-07-12 08:55:58+00:00,2024-07-12 08:54:21+00:00,3,"vgo_finance, DAGs, do not merge",3,27,https://github.com/vinted/dataverse-vintedgo-dbt/pull/1898,4646,2024-06,2024,6,Q2 2024,True,False,False
1900,Materialise as table,dataverse-vintedgo-dbt,vinted/dataverse-vintedgo-dbt,merged,jeremychia,2024-06-14 09:36:51+00:00,2024-06-14 10:33:23+00:00,2024-06-14 10:31:38+00:00,5,"vgo_general, vgo_finance",2,0,https://github.com/vinted/dataverse-vintedgo-dbt/pull/1900,4025,2024-06,2024,6,Q2 2024,True,False,False
1913,fix: schema mismatch `mart_prep_vcarrier_locker_occupancy_history`,dataverse-vintedgo-dbt,vinted/dataverse-vintedgo-dbt,merged,jeremychia,2024-06-18 08:04:25+00:00,2024-06-18 13:24:47+00:00,2024-06-18 13:23:12+00:00,3,vgo_carrier,1,0,https://github.com/vinted/dataverse-vintedgo-dbt/pull/1913,5181,2024-06,2024,6,Q2 2024,True,False,False
463,feat: add illegitimate cost measures to cost and revenue table,dataverse-vintedgo-looker,vinted/dataverse-vintedgo-looker,merged,jeremychia,2024-06-18 13:04:31+00:00,2024-06-19 09:47:19+00:00,2024-06-19 09:47:18+00:00,0,"views, vgo_finance",2,0,https://github.com/vinted/dataverse-vintedgo-looker/pull/463,1157,2024-06,2024,6,Q2 2024,True,False,False
1920,fix: relabelling_invoice_carrier_code for depo,dataverse-vintedgo-dbt,vinted/dataverse-vintedgo-dbt,merged,jeremychia,2024-06-18 15:30:48+00:00,2024-06-19 08:32:42+00:00,2024-06-19 08:30:53+00:00,3,vgo_finance,1,0,https://github.com/vinted/dataverse-vintedgo-dbt/pull/1920,4610,2024-06,2024,6,Q2 2024,True,False,False
1924,fix: missing field sorting center city in dashboards,dataverse-vintedgo-dbt,vinted/dataverse-vintedgo-dbt,closed,jeremychia,2024-06-19 08:40:57+00:00,2024-07-10 13:38:18+00:00,2024-06-19 08:50:40+00:00,3,vgo_carrier,1,0,https://github.com/vinted/dataverse-vintedgo-dbt/pull/1924,4717,2024-06,2024,6,Q2 2024,False,True,False
470,fix: remove `sorting_center_city` from dashboards,dataverse-vintedgo-looker,vinted/dataverse-vintedgo-looker,merged,jeremychia,2024-06-19 08:53:50+00:00,2024-06-19 08:55:12+00:00,2024-06-19 08:55:12+00:00,0,vgo_carrier,1,0,https://github.com/vinted/dataverse-vintedgo-looker/pull/470,337,2024-06,2024,6,Q2 2024,True,False,False
1926,feat: update poetry lock with dataverse-lookml-generator,dataverse-vintedgo-dbt,vinted/dataverse-vintedgo-dbt,merged,jeremychia,2024-06-19 09:17:51+00:00,2024-06-19 10:05:41+00:00,2024-06-19 10:04:00+00:00,3,vgo_general,1,0,https://github.com/vinted/dataverse-vintedgo-dbt/pull/1926,4206,2024-06,2024,6,Q2 2024,True,False,False
1928,chore: safe_casting to avoid database errors,dataverse-vintedgo-dbt,vinted/dataverse-vintedgo-dbt,merged,jeremychia,2024-06-19 10:05:27+00:00,2024-06-19 11:48:50+00:00,2024-06-19 11:47:14+00:00,3,vgo_finance,1,0,https://github.com/vinted/dataverse-vintedgo-dbt/pull/1928,5091,2024-06,2024,6,Q2 2024,True,False,False
13,fix: accommodate balance statement file formats,dataverse-vintedgo-finance,vinted/dataverse-vintedgo-finance,merged,jeremychia,2024-06-19 14:49:17+00:00,2024-06-19 15:41:40+00:00,2024-06-19 15:22:02+00:00,3,,0,0,https://github.com/vinted/dataverse-vintedgo-finance/pull/13,2621,2024-06,2024,6,Q2 2024,True,False,False
94,chore: checkout api - parsing more date formats,dataverse-finance,vinted/dataverse-finance,merged,jeremychia,2024-06-19 14:58:40+00:00,2024-06-20 10:12:22+00:00,2024-06-20 10:10:49+00:00,1,,0,0,https://github.com/vinted/dataverse-finance/pull/94,622,2024-06,2024,6,Q2 2024,True,False,False
14,chore: add back black,dataverse-vintedgo-finance,vinted/dataverse-vintedgo-finance,merged,jeremychia,2024-06-19 15:26:21+00:00,2024-06-20 06:20:20+00:00,2024-06-20 06:18:34+00:00,2,,0,0,https://github.com/vinted/dataverse-vintedgo-finance/pull/14,334,2024-06,2024,6,Q2 2024,True,False,False
3,feat: add wise as a source,personal-finances-dbt,jeremychia/personal-finances-dbt,merged,jeremychia,2024-06-19 20:32:19+00:00,2024-06-19 20:33:36+00:00,2024-06-19 20:33:09+00:00,0,,0,0,https://github.com/jeremychia/personal-finances-dbt/pull/3,359,2024-06,2024,6,Q2 2024,True,False,False
492,chore: remove zero values from the uncategorised rows,dataverse-vintedgo-looker,vinted/dataverse-vintedgo-looker,merged,jeremychia,2024-06-20 11:21:01+00:00,2024-06-24 12:01:56+00:00,2024-06-24 12:01:55+00:00,0,vgo_finance,1,4,https://github.com/vinted/dataverse-vintedgo-looker/pull/492,263,2024-06,2024,6,Q2 2024,True,False,False
1947,fix: account code 0000Y50555 for UPS-PT,dataverse-vintedgo-dbt,vinted/dataverse-vintedgo-dbt,merged,jeremychia,2024-06-20 13:45:45+00:00,2024-06-21 09:20:39+00:00,2024-06-21 09:19:05+00:00,4,vgo_finance,1,0,https://github.com/vinted/dataverse-vintedgo-dbt/pull/1947,4948,2024-06,2024,6,Q2 2024,True,False,False
1948,chore: revise dv-checkpoint keywords,dataverse-vintedgo-dbt,vinted/dataverse-vintedgo-dbt,merged,jeremychia,2024-06-20 13:50:51+00:00,2024-06-20 14:03:43+00:00,2024-06-20 14:03:42+00:00,0,,0,0,https://github.com/vinted/dataverse-vintedgo-dbt/pull/1948,4187,2024-06,2024,6,Q2 2024,True,False,False
60,fix: remove custom references in lookml generator,dataverse-lookml-generator,vinted/dataverse-lookml-generator,merged,jeremychia,2024-06-21 09:47:21+00:00,2024-06-25 10:45:57+00:00,2024-06-25 10:45:57+00:00,3,,0,4,https://github.com/vinted/dataverse-lookml-generator/pull/60,618,2024-06,2024,6,Q2 2024,True,False,False
1954,feat: discern returns from offertvariante_8 for DPD-AT,dataverse-vintedgo-dbt,vinted/dataverse-vintedgo-dbt,merged,jeremychia,2024-06-21 10:08:14+00:00,2024-06-21 10:53:55+00:00,2024-06-21 10:52:16+00:00,3,vgo_finance,1,0,https://github.com/vinted/dataverse-vintedgo-dbt/pull/1954,5011,2024-06,2024,6,Q2 2024,True,False,False
15,fix: clean column names,dataverse-vintedgo-finance,vinted/dataverse-vintedgo-finance,merged,jeremychia,2024-06-24 10:03:01+00:00,2024-06-25 07:54:40+00:00,2024-06-24 10:35:12+00:00,3,,0,0,https://github.com/vinted/dataverse-vintedgo-finance/pull/15,1502,2024-06,2024,6,Q2 2024,True,False,False
1962,feat: migrate vship checkout balance statement report new data,dataverse-vintedgo-dbt,vinted/dataverse-vintedgo-dbt,merged,jeremychia,2024-06-24 10:23:07+00:00,2024-06-25 08:23:31+00:00,2024-06-25 08:22:07+00:00,3,vgo_finance,1,0,https://github.com/vinted/dataverse-vintedgo-dbt/pull/1962,4363,2024-06,2024,6,Q2 2024,True,False,False
1963,feat: migrate vship checkout financial actions report new data,dataverse-vintedgo-dbt,vinted/dataverse-vintedgo-dbt,merged,jeremychia,2024-06-24 11:19:01+00:00,2024-06-25 08:09:45+00:00,2024-06-25 08:08:14+00:00,3,"vgo_finance, docs",2,0,https://github.com/vinted/dataverse-vintedgo-dbt/pull/1963,4110,2024-06,2024,6,Q2 2024,True,False,False
1968,chore: cast to dates for d2c payment models,dataverse-vintedgo-dbt,vinted/dataverse-vintedgo-dbt,merged,jeremychia,2024-06-25 09:03:41+00:00,2024-06-25 09:32:38+00:00,2024-06-25 09:30:59+00:00,3,vgo_finance,1,0,https://github.com/vinted/dataverse-vintedgo-dbt/pull/1968,4129,2024-06,2024,6,Q2 2024,True,False,False
1969,feat: expose d2c payment marts to looker,dataverse-vintedgo-dbt,vinted/dataverse-vintedgo-dbt,merged,jeremychia,2024-06-25 09:08:12+00:00,2024-06-25 10:20:22+00:00,2024-06-25 10:18:38+00:00,3,vgo_finance,1,0,https://github.com/vinted/dataverse-vintedgo-dbt/pull/1969,4164,2024-06,2024,6,Q2 2024,True,False,False
1970,chore: add dbt source relation to mart_checkout_balance_statement_reports,dataverse-vintedgo-dbt,vinted/dataverse-vintedgo-dbt,merged,jeremychia,2024-06-25 10:46:47+00:00,2024-06-25 14:30:28+00:00,2024-06-25 14:28:46+00:00,3,vgo_finance,1,0,https://github.com/vinted/dataverse-vintedgo-dbt/pull/1970,4819,2024-06,2024,6,Q2 2024,True,False,False
2924,create temporary looker views for `MarketplaceShippingInvoicedLabelsBq` and `ShippingRevenueVsCostsBase` for analysis,lookml,vinted/lookml,merged,jeremychia,2024-06-25 16:04:02+00:00,2024-06-26 06:21:32+00:00,2024-06-26 06:21:31+00:00,0,,0,0,https://github.com/vinted/lookml/pull/2924,306,2024-06,2024,6,Q2 2024,True,False,False
1973,fix: dao-dk new categories,dataverse-vintedgo-dbt,vinted/dataverse-vintedgo-dbt,merged,jeremychia,2024-06-26 08:36:40+00:00,2024-06-26 09:18:56+00:00,2024-06-26 09:17:33+00:00,3,vgo_finance,1,0,https://github.com/vinted/dataverse-vintedgo-dbt/pull/1973,4910,2024-06,2024,6,Q2 2024,True,False,False
516,feat: add totals to dashboards,dataverse-vintedgo-looker,vinted/dataverse-vintedgo-looker,merged,jeremychia,2024-06-26 12:38:09+00:00,2024-06-26 13:17:30+00:00,2024-06-26 13:17:28+00:00,0,vgo_finance,1,0,https://github.com/vinted/dataverse-vintedgo-looker/pull/516,116,2024-06,2024,6,Q2 2024,True,False,False
162,chore: change slack alert for `easypost_api_file_retrieval_daily_dag`,dataverse-airflow-dag-common,vinted/dataverse-airflow-dag-common,merged,jeremychia,2024-07-03 11:38:55+00:00,2024-07-04 14:16:59+00:00,2024-07-04 14:16:58+00:00,1,,0,1,https://github.com/vinted/dataverse-airflow-dag-common/pull/162,272,2024-07,2024,7,Q3 2024,True,False,False
163,chore: change name of dag to have `vgo_finance` as prefix,dataverse-airflow-dag-common,vinted/dataverse-airflow-dag-common,closed,jeremychia,2024-07-03 11:46:27+00:00,2024-07-04 14:04:24+00:00,2024-07-04 12:59:35+00:00,1,,0,1,https://github.com/vinted/dataverse-airflow-dag-common/pull/163,179,2024-07,2024,7,Q3 2024,False,True,False
533,chore: hardcode table calculations in lookml,dataverse-vintedgo-looker,vinted/dataverse-vintedgo-looker,merged,jeremychia,2024-07-03 12:53:45+00:00,2024-07-04 07:55:45+00:00,2024-07-04 07:55:43+00:00,0,"views, vgo_finance",2,0,https://github.com/vinted/dataverse-vintedgo-looker/pull/533,1116,2024-07,2024,7,Q3 2024,True,False,False
2004,"feat: d2c payments - take backfill up to 2024-06-30, and dataverse information from 2024-07-31",dataverse-vintedgo-dbt,vinted/dataverse-vintedgo-dbt,merged,jeremychia,2024-07-04 12:29:29+00:00,2024-07-04 13:12:43+00:00,2024-07-04 13:10:55+00:00,3,vgo_finance,1,0,https://github.com/vinted/dataverse-vintedgo-dbt/pull/2004,4115,2024-07,2024,7,Q3 2024,True,False,False
540,feat: add measures to checkout_balance_statement_reports,dataverse-vintedgo-looker,vinted/dataverse-vintedgo-looker,merged,jeremychia,2024-07-04 13:38:33+00:00,2024-07-04 14:14:14+00:00,2024-07-04 14:14:12+00:00,0,"views, vgo_finance",2,0,https://github.com/vinted/dataverse-vintedgo-looker/pull/540,1096,2024-07,2024,7,Q3 2024,True,False,False
541,feat: measures for checkout_financial_actions_reports,dataverse-vintedgo-looker,vinted/dataverse-vintedgo-looker,merged,jeremychia,2024-07-04 13:39:00+00:00,2024-07-04 14:11:34+00:00,2024-07-04 14:11:21+00:00,4,"views, vgo_finance",2,0,https://github.com/vinted/dataverse-vintedgo-looker/pull/541,1096,2024-07,2024,7,Q3 2024,True,False,False
14914,chore: deprecate d2c payment jobs on prem,warehouse-jobs,vinted/warehouse-jobs,merged,jeremychia,2024-07-04 15:09:38+00:00,2024-07-19 07:50:00+00:00,2024-07-19 07:49:59+00:00,0,do not merge,1,14,https://github.com/vinted/warehouse-jobs/pull/14914,778,2024-07,2024,7,Q3 2024,True,False,False
2944,chore: deprecate vship checkout balance+financial actions,lookml,vinted/lookml,merged,jeremychia,2024-07-04 15:16:02+00:00,2024-07-19 06:54:22+00:00,2024-07-19 06:54:21+00:00,0,do not merge,1,14,https://github.com/vinted/lookml/pull/2944,849,2024-07,2024,7,Q3 2024,True,False,False
2012,feat: SPS - include another category as part of base cost,dataverse-vintedgo-dbt,vinted/dataverse-vintedgo-dbt,merged,jeremychia,2024-07-05 09:57:32+00:00,2024-07-05 11:50:10+00:00,2024-07-05 11:48:42+00:00,5,vgo_finance,1,0,https://github.com/vinted/dataverse-vintedgo-dbt/pull/2012,4389,2024-07,2024,7,Q3 2024,True,False,False
2015,chore: define fields to hide for checkout marts,dataverse-vintedgo-dbt,vinted/dataverse-vintedgo-dbt,merged,jeremychia,2024-07-05 12:10:11+00:00,2024-07-05 13:03:07+00:00,2024-07-05 13:01:36+00:00,3,vgo_finance,1,0,https://github.com/vinted/dataverse-vintedgo-dbt/pull/2015,4337,2024-07,2024,7,Q3 2024,True,False,False
62,fix: remove generic measures,dataverse-lookml-generator,vinted/dataverse-lookml-generator,merged,jeremychia,2024-07-05 13:19:08+00:00,2024-07-05 14:20:11+00:00,2024-07-05 13:25:22+00:00,1,,0,0,https://github.com/vinted/dataverse-lookml-generator/pull/62,326,2024-07,2024,7,Q3 2024,True,False,False
2018,fix: poetry lock update for lookml generator issue,dataverse-vintedgo-dbt,vinted/dataverse-vintedgo-dbt,merged,jeremychia,2024-07-05 13:29:13+00:00,2024-07-05 13:54:02+00:00,2024-07-05 13:52:35+00:00,3,vgo_general,1,0,https://github.com/vinted/dataverse-vintedgo-dbt/pull/2018,4462,2024-07,2024,7,Q3 2024,True,False,False
2020,fix: change command to test so downstream jobs will run (vgo_finance testing),dataverse-vintedgo-dbt,vinted/dataverse-vintedgo-dbt,merged,jeremychia,2024-07-08 07:19:36+00:00,2024-07-08 07:49:15+00:00,2024-07-08 07:47:35+00:00,3,"vgo_finance, DAGs",2,0,https://github.com/vinted/dataverse-vintedgo-dbt/pull/2020,4901,2024-07,2024,7,Q3 2024,True,False,False
2023,"feat: add columns Offertvariante_2,3,4 (for DPD-AT)",dataverse-vintedgo-dbt,vinted/dataverse-vintedgo-dbt,closed,jeremychia,2024-07-08 11:31:41+00:00,2024-07-10 13:33:40+00:00,2024-07-10 13:33:37+00:00,0,,0,2,https://github.com/vinted/dataverse-vintedgo-dbt/pull/2023,4435,2024-07,2024,7,Q3 2024,False,True,False
2024,feat: reduce CI runtime - use `tablesample system` and `rand` to reduce sample size at source for `vgo_finance`,dataverse-vintedgo-dbt,vinted/dataverse-vintedgo-dbt,merged,jeremychia,2024-07-08 11:31:53+00:00,2024-07-09 08:58:39+00:00,2024-07-09 08:15:25+00:00,3,vgo_finance,1,0,https://github.com/vinted/dataverse-vintedgo-dbt/pull/2024,7359,2024-07,2024,7,Q3 2024,True,False,False
2031,chore: remove casting for `transaction_id` in `stg_external_tables__carrier_compensation_splits`,dataverse-vintedgo-dbt,vinted/dataverse-vintedgo-dbt,merged,jeremychia,2024-07-09 06:00:54+00:00,2024-07-09 06:52:02+00:00,2024-07-09 06:50:26+00:00,3,vgo_finance,1,0,https://github.com/vinted/dataverse-vintedgo-dbt/pull/2031,4571,2024-07,2024,7,Q3 2024,True,False,False
2035,refactor: use a macro instead of redefinition for `reduce_sample_for_ci_testing_only`,dataverse-vintedgo-dbt,vinted/dataverse-vintedgo-dbt,merged,jeremychia,2024-07-09 08:54:42+00:00,2024-07-09 09:23:48+00:00,2024-07-09 09:21:54+00:00,3,vgo_finance,1,0,https://github.com/vinted/dataverse-vintedgo-dbt/pull/2035,4386,2024-07,2024,7,Q3 2024,True,False,False
164,feat: define columns to be downloaded for USPS carrier uploads,dataverse-airflow-dag-common,vinted/dataverse-airflow-dag-common,merged,jeremychia,2024-07-09 12:12:15+00:00,2024-07-10 08:51:25+00:00,2024-07-10 08:51:23+00:00,2,,0,0,https://github.com/vinted/dataverse-airflow-dag-common/pull/164,2906,2024-07,2024,7,Q3 2024,True,False,False
2049,chore: fix inpost IT's invoice_ids,dataverse-vintedgo-dbt,vinted/dataverse-vintedgo-dbt,merged,jeremychia,2024-07-10 08:52:36+00:00,2024-07-10 11:48:22+00:00,2024-07-10 11:46:31+00:00,3,vgo_finance,1,0,https://github.com/vinted/dataverse-vintedgo-dbt/pull/2049,4479,2024-07,2024,7,Q3 2024,True,False,False
166,fix: slack tags for easypost_api_file_retrieval_daily_dag.py,dataverse-airflow-dag-common,vinted/dataverse-airflow-dag-common,merged,jeremychia,2024-07-10 11:44:44+00:00,2024-07-10 12:02:54+00:00,2024-07-10 12:02:52+00:00,1,,0,0,https://github.com/vinted/dataverse-airflow-dag-common/pull/166,491,2024-07,2024,7,Q3 2024,True,False,False
167,fix: add module path,dataverse-airflow-dag-common,vinted/dataverse-airflow-dag-common,merged,jeremychia,2024-07-10 12:16:52+00:00,2024-07-11 07:38:14+00:00,2024-07-11 07:38:12+00:00,1,,0,0,https://github.com/vinted/dataverse-airflow-dag-common/pull/167,82,2024-07,2024,7,Q3 2024,True,False,False
2055,feat: itemise invoice cost descriptions in DPD-AT,dataverse-vintedgo-dbt,vinted/dataverse-vintedgo-dbt,merged,jeremychia,2024-07-10 13:39:33+00:00,2024-07-11 15:55:47+00:00,2024-07-11 15:54:04+00:00,3,"vgo_finance, docs",2,1,https://github.com/vinted/dataverse-vintedgo-dbt/pull/2055,5235,2024-07,2024,7,Q3 2024,True,False,False
2060,fix: remove total rows in postnord-se,dataverse-vintedgo-dbt,vinted/dataverse-vintedgo-dbt,merged,jeremychia,2024-07-11 06:25:04+00:00,2024-07-11 07:09:02+00:00,2024-07-11 06:46:12+00:00,3,vgo_finance,1,0,https://github.com/vinted/dataverse-vintedgo-dbt/pull/2060,5212,2024-07,2024,7,Q3 2024,True,False,False
82,"Revert ""fix: add parameters quotechar and doublequote""",dataverse-cloud-functions,vinted/dataverse-cloud-functions,closed,jeremychia,2024-07-11 09:54:06+00:00,2024-07-11 14:41:52+00:00,2024-07-11 14:41:52+00:00,1,,0,0,https://github.com/vinted/dataverse-cloud-functions/pull/82,78,2024-07,2024,7,Q3 2024,False,True,False
2065,feat: preferential join for account_code with IT for inpost IT invoices,dataverse-vintedgo-dbt,vinted/dataverse-vintedgo-dbt,merged,jeremychia,2024-07-11 11:58:29+00:00,2024-07-11 13:56:26+00:00,2024-07-11 13:54:50+00:00,3,vgo_finance,1,0,https://github.com/vinted/dataverse-vintedgo-dbt/pull/2065,4949,2024-07,2024,7,Q3 2024,True,False,False
931,"feat: raise quota to ""M"" for vgo_finance bigquery",terraform-dataverse,vinted/terraform-dataverse,merged,jeremychia,2024-07-12 06:15:28+00:00,2024-07-12 07:21:55+00:00,2024-07-12 07:21:54+00:00,1,,0,0,https://github.com/vinted/terraform-dataverse/pull/931,269,2024-07,2024,7,Q3 2024,True,False,False
574,feat: filter USPS out of Carrier Invoices - Processed Invoices Data Quality,dataverse-vintedgo-looker,vinted/dataverse-vintedgo-looker,merged,jeremychia,2024-07-12 09:08:18+00:00,2024-07-12 09:54:58+00:00,2024-07-12 09:54:56+00:00,1,vgo_finance,1,0,https://github.com/vinted/dataverse-vintedgo-looker/pull/574,294,2024-07,2024,7,Q3 2024,True,False,False
2073,feat: expose new column (tracking code) from USPS payment logs,dataverse-vintedgo-dbt,vinted/dataverse-vintedgo-dbt,merged,jeremychia,2024-07-12 13:49:18+00:00,2024-07-12 19:15:19+00:00,2024-07-12 19:13:28+00:00,3,vgo_finance,1,0,https://github.com/vinted/dataverse-vintedgo-dbt/pull/2073,8202,2024-07,2024,7,Q3 2024,True,False,False
581,feat: add measures in lookml for mart historic shipment legs revenue recognition,dataverse-vintedgo-looker,vinted/dataverse-vintedgo-looker,closed,jeremychia,2024-07-15 08:29:34+00:00,2024-07-15 09:35:43+00:00,2024-07-15 09:34:41+00:00,0,"views, vgo_carrier, vgo_finance, vgo_general, models, vgo_overflow_detector, vgo_hvf",7,0,https://github.com/vinted/dataverse-vintedgo-looker/pull/581,69,2024-07,2024,7,Q3 2024,False,True,False
936,chore: lower quota limit for vgo_finance,terraform-dataverse,vinted/terraform-dataverse,merged,jeremychia,2024-07-15 09:14:38+00:00,2024-07-15 09:22:36+00:00,2024-07-15 09:22:35+00:00,1,,0,0,https://github.com/vinted/terraform-dataverse/pull/936,248,2024-07,2024,7,Q3 2024,True,False,False
583,feat: add measures for mart_historic_shipment_legs_revenue_recognition (VGOFIN-120),dataverse-vintedgo-looker,vinted/dataverse-vintedgo-looker,merged,jeremychia,2024-07-15 09:36:21+00:00,2024-07-15 14:04:56+00:00,2024-07-15 14:04:54+00:00,0,"views, vgo_finance",2,0,https://github.com/vinted/dataverse-vintedgo-looker/pull/583,69,2024-07,2024,7,Q3 2024,True,False,False
2075,feat: raise periods to replace for dim_prep_shipment_carrier_legs_joining_keys,dataverse-vintedgo-dbt,vinted/dataverse-vintedgo-dbt,merged,jeremychia,2024-07-15 14:05:35+00:00,2024-07-15 15:32:17+00:00,2024-07-15 15:30:35+00:00,3,vgo_finance,1,0,https://github.com/vinted/dataverse-vintedgo-dbt/pull/2075,4569,2024-07,2024,7,Q3 2024,True,False,False
2080,fix: include null tracking code rows into invoice rows (DPD-AT),dataverse-vintedgo-dbt,vinted/dataverse-vintedgo-dbt,merged,jeremychia,2024-07-16 11:55:44+00:00,2024-07-16 12:27:17+00:00,2024-07-16 12:25:15+00:00,3,vgo_finance,1,0,https://github.com/vinted/dataverse-vintedgo-dbt/pull/2080,4301,2024-07,2024,7,Q3 2024,True,False,False
2082,chore: readjust columns based on new google sheet carrier contract prices,dataverse-vintedgo-dbt,vinted/dataverse-vintedgo-dbt,merged,jeremychia,2024-07-16 13:32:53+00:00,2024-07-16 13:56:07+00:00,2024-07-16 13:54:35+00:00,3,vgo_finance,1,0,https://github.com/vinted/dataverse-vintedgo-dbt/pull/2082,4595,2024-07,2024,7,Q3 2024,True,False,False
2088,fix: remove base cost and return from google sheet mapping for DPD-AT extra costs,dataverse-vintedgo-dbt,vinted/dataverse-vintedgo-dbt,merged,jeremychia,2024-07-17 11:54:24+00:00,2024-07-17 12:16:29+00:00,2024-07-17 12:14:55+00:00,3,vgo_finance,1,0,https://github.com/vinted/dataverse-vintedgo-dbt/pull/2088,4347,2024-07,2024,7,Q3 2024,True,False,False
2090,chore: change materialisation for carrier leg tables,dataverse-vintedgo-dbt,vinted/dataverse-vintedgo-dbt,merged,jeremychia,2024-07-17 12:35:01+00:00,2024-07-17 13:14:56+00:00,2024-07-17 13:12:57+00:00,3,vgo_general,1,0,https://github.com/vinted/dataverse-vintedgo-dbt/pull/2090,4299,2024-07,2024,7,Q3 2024,True,False,False
2092,refactor: replace dependencies on `vgo_general` in `dim_prep_shipment_carrier_legs_joining_keys`,dataverse-vintedgo-dbt,vinted/dataverse-vintedgo-dbt,merged,jeremychia,2024-07-17 14:18:28+00:00,2024-07-18 11:52:13+00:00,2024-07-18 11:50:44+00:00,3,vgo_finance,1,0,https://github.com/vinted/dataverse-vintedgo-dbt/pull/2092,10337,2024-07,2024,7,Q3 2024,True,False,False
103,"feat: add fields to ""Query Costs per Job"" in cost optimisation dashboard",dataverse-groupfunctions-looker,vinted/dataverse-groupfunctions-looker,merged,jeremychia,2024-07-18 06:58:57+00:00,2024-07-18 08:56:26+00:00,2024-07-18 08:56:24+00:00,0,,0,0,https://github.com/vinted/dataverse-groupfunctions-looker/pull/103,343,2024-07,2024,7,Q3 2024,True,False,False
2096,refactor: replace dependencies on `vgo_general` in `mart_prep_shipment_legs_tracking_statuses_finance`,dataverse-vintedgo-dbt,vinted/dataverse-vintedgo-dbt,merged,jeremychia,2024-07-18 08:59:40+00:00,2024-07-25 08:09:12+00:00,2024-07-25 08:07:24+00:00,4,vgo_finance,1,6,https://github.com/vinted/dataverse-vintedgo-dbt/pull/2096,4668,2024-07,2024,7,Q3 2024,True,False,False
2100,refactor: replace dependencies on `vgo_general` in `mart_prep_shipment_legs_invoice_cost_and_revenue`,dataverse-vintedgo-dbt,vinted/dataverse-vintedgo-dbt,merged,jeremychia,2024-07-18 13:35:41+00:00,2024-07-30 07:02:09+00:00,2024-07-30 07:00:21+00:00,3,vgo_finance,1,11,https://github.com/vinted/dataverse-vintedgo-dbt/pull/2100,8675,2024-07,2024,7,Q3 2024,True,False,False
2982,fix: remove vcarrier reference,lookml,vinted/lookml,merged,jeremychia,2024-07-19 07:13:21+00:00,2024-07-19 07:17:01+00:00,2024-07-19 07:16:59+00:00,0,,0,0,https://github.com/vinted/lookml/pull/2982,234,2024-07,2024,7,Q3 2024,True,False,False
2983,fix: remove d2c from model.lkml for vship,lookml,vinted/lookml,merged,jeremychia,2024-07-19 07:25:41+00:00,2024-07-19 07:32:05+00:00,2024-07-19 07:32:03+00:00,0,,0,0,https://github.com/vinted/lookml/pull/2983,17,2024-07,2024,7,Q3 2024,True,False,False
4,feat: include wise GBP,personal-finances-dbt,jeremychia/personal-finances-dbt,merged,jeremychia,2024-07-21 19:50:36+00:00,2024-07-21 20:10:30+00:00,2024-07-21 20:10:29+00:00,0,,0,0,https://github.com/jeremychia/personal-finances-dbt/pull/4,25,2024-07,2024,7,Q3 2024,True,False,False
602,feat: add count to unmatched invoice visualisations,dataverse-vintedgo-looker,vinted/dataverse-vintedgo-looker,merged,jeremychia,2024-07-22 07:24:27+00:00,2024-07-22 07:36:43+00:00,2024-07-22 07:36:42+00:00,0,vgo_finance,1,0,https://github.com/vinted/dataverse-vintedgo-looker/pull/602,110,2024-07,2024,7,Q3 2024,True,False,False
2108,feat: create snapshot of price lists,dataverse-vintedgo-dbt,vinted/dataverse-vintedgo-dbt,merged,jeremychia,2024-07-22 13:29:47+00:00,2024-07-23 07:05:20+00:00,2024-07-23 07:03:22+00:00,3,"vgo_finance, docs",2,0,https://github.com/vinted/dataverse-vintedgo-dbt/pull/2108,4908,2024-07,2024,7,Q3 2024,True,False,False
2109,feat: create table which summarises post period changes,dataverse-vintedgo-dbt,vinted/dataverse-vintedgo-dbt,merged,jeremychia,2024-07-22 15:14:54+00:00,2024-07-23 11:30:12+00:00,2024-07-23 11:28:45+00:00,3,vgo_finance,1,0,https://github.com/vinted/dataverse-vintedgo-dbt/pull/2109,4707,2024-07,2024,7,Q3 2024,True,False,False
2112,feat: add expose `mart_shipment_legs_invoice_post_period_differences` and `agg_shipment_legs_invoice_post_period_difference_reasons`,dataverse-vintedgo-dbt,vinted/dataverse-vintedgo-dbt,merged,jeremychia,2024-07-23 09:49:49+00:00,2024-07-23 13:20:23+00:00,2024-07-23 13:18:50+00:00,3,vgo_finance,1,0,https://github.com/vinted/dataverse-vintedgo-dbt/pull/2112,4062,2024-07,2024,7,Q3 2024,True,False,False
2114,docs: include difference reason in `mart_shipment_legs_revenue_recognition_post_period_differences` yml,dataverse-vintedgo-dbt,vinted/dataverse-vintedgo-dbt,merged,jeremychia,2024-07-23 13:32:44+00:00,2024-07-23 14:00:29+00:00,2024-07-23 13:58:42+00:00,3,"vgo_finance, docs",2,0,https://github.com/vinted/dataverse-vintedgo-dbt/pull/2114,4724,2024-07,2024,7,Q3 2024,True,False,False
609,chore: include datatype in `vcarrier_shop_billing`,dataverse-vintedgo-looker,vinted/dataverse-vintedgo-looker,merged,jeremychia,2024-07-23 13:41:56+00:00,2024-07-23 13:43:26+00:00,2024-07-23 13:43:24+00:00,0,"views, vgo_carrier",2,0,https://github.com/vinted/dataverse-vintedgo-looker/pull/609,45,2024-07,2024,7,Q3 2024,True,False,False
611,feat: Post-Period Differences,dataverse-vintedgo-looker,vinted/dataverse-vintedgo-looker,merged,jeremychia,2024-07-23 15:44:25+00:00,2024-07-24 06:50:25+00:00,2024-07-24 06:50:24+00:00,0,vgo_finance,1,0,https://github.com/vinted/dataverse-vintedgo-looker/pull/611,175,2024-07,2024,7,Q3 2024,True,False,False
2120,feat: expose `dim_carrier_contract_prices` to looker,dataverse-vintedgo-dbt,vinted/dataverse-vintedgo-dbt,merged,jeremychia,2024-07-24 12:04:00+00:00,2024-07-24 12:27:15+00:00,2024-07-24 12:25:39+00:00,3,vgo_finance,1,0,https://github.com/vinted/dataverse-vintedgo-dbt/pull/2120,4117,2024-07,2024,7,Q3 2024,True,False,False
2122,fix: correct yml file for `dim_carrier_contract_prices`,dataverse-vintedgo-dbt,vinted/dataverse-vintedgo-dbt,merged,jeremychia,2024-07-24 13:10:26+00:00,2024-07-24 13:35:02+00:00,2024-07-24 13:32:50+00:00,3,vgo_finance,1,0,https://github.com/vinted/dataverse-vintedgo-dbt/pull/2122,4695,2024-07,2024,7,Q3 2024,True,False,False
618,feat: adds parameters to contract carrier prices,dataverse-vintedgo-looker,vinted/dataverse-vintedgo-looker,merged,jeremychia,2024-07-24 13:44:37+00:00,2024-07-24 14:56:05+00:00,2024-07-24 14:56:03+00:00,0,"views, vgo_finance",2,0,https://github.com/vinted/dataverse-vintedgo-looker/pull/618,210,2024-07,2024,7,Q3 2024,True,False,False
2124,feat: add `selling_price_currency` to fct_{status}_carrier_legs,dataverse-vintedgo-dbt,vinted/dataverse-vintedgo-dbt,merged,jeremychia,2024-07-24 16:05:36+00:00,2024-07-25 08:20:25+00:00,2024-07-25 08:18:39+00:00,3,vgo_general,1,0,https://github.com/vinted/dataverse-vintedgo-dbt/pull/2124,4601,2024-07,2024,7,Q3 2024,True,False,False
26,analysis: add cleanup logic [do not merge],singapore-parliament-speeches-dbt,parleh-mate/singapore-parliament-speeches-dbt,open,jeremychia,2024-07-24 20:06:28+00:00,2024-07-25 06:43:40+00:00,0001-01-01 00:00:00+00:00,0,,0,-739091,https://github.com/parleh-mate/singapore-parliament-speeches-dbt/pull/26,102,2024-07,2024,7,Q3 2024,False,False,True
27,feat: flags for speech cleaning,singapore-parliament-speeches-dbt,parleh-mate/singapore-parliament-speeches-dbt,merged,jeremychia,2024-07-24 21:44:05+00:00,2024-07-25 06:44:38+00:00,2024-07-25 06:44:37+00:00,0,,0,0,https://github.com/parleh-mate/singapore-parliament-speeches-dbt/pull/27,156,2024-07,2024,7,Q3 2024,True,False,False
2126,docs: propose changes to pull request template for lookml sections.,dataverse-vintedgo-dbt,vinted/dataverse-vintedgo-dbt,merged,jeremychia,2024-07-25 11:33:59+00:00,2024-07-25 12:22:53+00:00,2024-07-25 12:22:52+00:00,1,,0,0,https://github.com/vinted/dataverse-vintedgo-dbt/pull/2126,4811,2024-07,2024,7,Q3 2024,True,False,False
2128,feat: create unique identifier for carrier price list rows,dataverse-vintedgo-dbt,vinted/dataverse-vintedgo-dbt,merged,jeremychia,2024-07-25 15:35:32+00:00,2024-07-25 19:50:41+00:00,2024-07-25 19:48:59+00:00,3,"vgo_finance, docs",2,0,https://github.com/vinted/dataverse-vintedgo-dbt/pull/2128,4785,2024-07,2024,7,Q3 2024,True,False,False
2131,feat: update historical snapshot to be taken on the first day of the month,dataverse-vintedgo-dbt,vinted/dataverse-vintedgo-dbt,merged,jeremychia,2024-07-26 09:39:55+00:00,2024-07-26 11:01:55+00:00,2024-07-26 11:00:11+00:00,3,vgo_finance,1,0,https://github.com/vinted/dataverse-vintedgo-dbt/pull/2131,5463,2024-07,2024,7,Q3 2024,True,False,False
2133,refactor: logic for snapshot of price lists such that it does not scan the whole table,dataverse-vintedgo-dbt,vinted/dataverse-vintedgo-dbt,merged,jeremychia,2024-07-26 11:37:07+00:00,2024-07-29 11:31:36+00:00,2024-07-29 11:30:02+00:00,3,vgo_finance,1,2,https://github.com/vinted/dataverse-vintedgo-dbt/pull/2133,4830,2024-07,2024,7,Q3 2024,True,False,False
2135,feat: summarise information on number of invoices uploaded,dataverse-vintedgo-dbt,vinted/dataverse-vintedgo-dbt,merged,jeremychia,2024-07-26 13:54:04+00:00,2024-07-29 11:40:18+00:00,2024-07-29 11:38:48+00:00,3,vgo_finance,1,2,https://github.com/vinted/dataverse-vintedgo-dbt/pull/2135,4854,2024-07,2024,7,Q3 2024,True,False,False
2139,fix: temp fix for setuptools issue (all spaces),dataverse-vintedgo-dbt,vinted/dataverse-vintedgo-dbt,merged,jeremychia,2024-07-29 10:36:15+00:00,2024-07-29 11:14:20+00:00,2024-07-29 11:12:20+00:00,13,"vgo_general, vgo_carrier, vgo_finance, vgo_overflow_detector, vgo_d2c, vgo_hvf, vgo_recommender",7,0,https://github.com/vinted/dataverse-vintedgo-dbt/pull/2139,4597,2024-07,2024,7,Q3 2024,True,False,False
630,Automated commit dbt branch for dsp_name_update,dataverse-vintedgo-looker,vinted/dataverse-vintedgo-looker,merged,jeremychia,2024-07-30 08:43:16+00:00,2024-07-30 08:47:37+00:00,2024-07-30 08:47:35+00:00,1,"views, vgo_carrier",2,0,https://github.com/vinted/dataverse-vintedgo-looker/pull/630,267,2024-07,2024,7,Q3 2024,True,False,False
632,feat: price list join test failures history,dataverse-vintedgo-looker,vinted/dataverse-vintedgo-looker,merged,jeremychia,2024-07-30 12:53:27+00:00,2024-07-30 13:02:49+00:00,2024-07-30 13:02:47+00:00,0,"views, vgo_finance",2,0,https://github.com/vinted/dataverse-vintedgo-looker/pull/632,327,2024-07,2024,7,Q3 2024,True,False,False
633,feat: changes to dashboard (VGOFIN-60),dataverse-vintedgo-looker,vinted/dataverse-vintedgo-looker,merged,jeremychia,2024-07-30 14:36:00+00:00,2024-07-30 14:43:57+00:00,2024-07-30 14:43:55+00:00,0,vgo_finance,1,0,https://github.com/vinted/dataverse-vintedgo-looker/pull/633,205,2024-07,2024,7,Q3 2024,True,False,False
2146,chore: replace references to fct_shipment_carrier_legs in vgo_finance…,dataverse-vintedgo-dbt,vinted/dataverse-vintedgo-dbt,merged,jeremychia,2024-07-30 16:06:36+00:00,2024-07-30 16:25:36+00:00,2024-07-30 16:24:08+00:00,3,vgo_finance,1,0,https://github.com/vinted/dataverse-vintedgo-dbt/pull/2146,4704,2024-07,2024,7,Q3 2024,True,False,False
2147,fix: cast `parcel_min/max_mass_kg` from `dim_shipment_configuration`as numeric,dataverse-vintedgo-dbt,vinted/dataverse-vintedgo-dbt,merged,jeremychia,2024-07-31 06:35:21+00:00,2024-07-31 06:55:50+00:00,2024-07-31 06:54:08+00:00,3,vgo_finance,1,0,https://github.com/vinted/dataverse-vintedgo-dbt/pull/2147,5309,2024-07,2024,7,Q3 2024,True,False,False
635,feat: add shipment carrier legs join failure test notebooks to dashboards,dataverse-vintedgo-looker,vinted/dataverse-vintedgo-looker,merged,jeremychia,2024-07-31 07:54:49+00:00,2024-07-31 08:02:28+00:00,2024-07-31 08:02:26+00:00,0,vgo_finance,1,0,https://github.com/vinted/dataverse-vintedgo-looker/pull/635,236,2024-07,2024,7,Q3 2024,True,False,False
29,feat: speech summaries [do not merge],singapore-parliament-speeches-dbt,parleh-mate/singapore-parliament-speeches-dbt,open,jeremychia,2024-08-02 13:41:58+00:00,2024-10-20 19:17:13+00:00,0001-01-01 00:00:00+00:00,0,,0,-739100,https://github.com/parleh-mate/singapore-parliament-speeches-dbt/pull/29,0,2024-08,2024,8,Q3 2024,False,False,True
30,feat: add ethnicity information to dim members,singapore-parliament-speeches-dbt,parleh-mate/singapore-parliament-speeches-dbt,merged,jeremychia,2024-08-02 14:20:08+00:00,2024-08-02 14:45:42+00:00,2024-08-02 14:45:40+00:00,0,,0,0,https://github.com/parleh-mate/singapore-parliament-speeches-dbt/pull/30,633,2024-08,2024,8,Q3 2024,True,False,False
3022,"Revert ""chore: deprecate vship checkout balance+financial actions""",lookml,vinted/lookml,closed,jeremychia,2024-08-07 07:53:48+00:00,2024-08-07 08:03:13+00:00,2024-08-07 08:03:13+00:00,0,,0,0,https://github.com/vinted/lookml/pull/3022,26,2024-08,2024,8,Q3 2024,False,True,False
3024,fix: temporarily restore d2c_shipping_report,lookml,vinted/lookml,merged,jeremychia,2024-08-07 08:13:46+00:00,2024-08-07 08:30:42+00:00,2024-08-07 08:30:40+00:00,0,,0,0,https://github.com/vinted/lookml/pull/3024,198,2024-08,2024,8,Q3 2024,True,False,False
3026,chore: revert #3024 to remove d2c_shipping_report,lookml,vinted/lookml,merged,jeremychia,2024-08-07 13:36:57+00:00,2024-08-08 12:11:16+00:00,2024-08-08 12:11:13+00:00,0,,0,0,https://github.com/vinted/lookml/pull/3026,66,2024-08,2024,8,Q3 2024,True,False,False
2175,feat: expose retail invoice lines to looker,dataverse-vintedgo-dbt,vinted/dataverse-vintedgo-dbt,merged,jeremychia,2024-08-07 14:30:11+00:00,2024-08-07 14:47:15+00:00,2024-08-07 14:45:41+00:00,3,vgo_d2c,1,0,https://github.com/vinted/dataverse-vintedgo-dbt/pull/2175,4885,2024-08,2024,8,Q3 2024,True,False,False
2176,fix: schema mismatch for mart_retail_orders,dataverse-vintedgo-dbt,vinted/dataverse-vintedgo-dbt,merged,jeremychia,2024-08-07 14:57:44+00:00,2024-08-07 15:35:01+00:00,2024-08-07 15:33:02+00:00,3,vgo_d2c,1,0,https://github.com/vinted/dataverse-vintedgo-dbt/pull/2176,5207,2024-08,2024,8,Q3 2024,True,False,False
645,feat: add measures to retail invoice lines,dataverse-vintedgo-looker,vinted/dataverse-vintedgo-looker,merged,jeremychia,2024-08-07 15:24:54+00:00,2024-08-07 16:21:27+00:00,2024-08-07 16:21:24+00:00,1,"views, vgo_d2c",2,0,https://github.com/vinted/dataverse-vintedgo-looker/pull/645,1030,2024-08,2024,8,Q3 2024,True,False,False
2186,chore: reorder looker config/exposures in alphabetical order,dataverse-vintedgo-dbt,vinted/dataverse-vintedgo-dbt,merged,jeremychia,2024-08-08 12:37:46+00:00,2024-08-08 13:24:58+00:00,2024-08-08 13:23:24+00:00,3,vgo_finance,1,0,https://github.com/vinted/dataverse-vintedgo-dbt/pull/2186,4626,2024-08,2024,8,Q3 2024,True,False,False
2187,feat: review all tests and add the tags to all tests (except carrier invoices),dataverse-vintedgo-dbt,vinted/dataverse-vintedgo-dbt,merged,jeremychia,2024-08-08 13:41:43+00:00,2024-08-15 07:20:43+00:00,2024-08-15 07:18:34+00:00,3,vgo_finance,1,6,https://github.com/vinted/dataverse-vintedgo-dbt/pull/2187,4908,2024-08,2024,8,Q3 2024,True,False,False
2194,feat: exposes invoice_currency to mart_retail_invoice_lines,dataverse-vintedgo-dbt,vinted/dataverse-vintedgo-dbt,merged,jeremychia,2024-08-09 08:15:13+00:00,2024-08-09 08:53:30+00:00,2024-08-09 08:52:01+00:00,3,vgo_d2c,1,0,https://github.com/vinted/dataverse-vintedgo-dbt/pull/2194,4699,2024-08,2024,8,Q3 2024,True,False,False
2196,feat: expose agg_invoice_file_upload_summary to looker,dataverse-vintedgo-dbt,vinted/dataverse-vintedgo-dbt,merged,jeremychia,2024-08-09 09:41:50+00:00,2024-08-09 10:21:39+00:00,2024-08-09 10:19:53+00:00,3,vgo_finance,1,0,https://github.com/vinted/dataverse-vintedgo-dbt/pull/2196,4574,2024-08,2024,8,Q3 2024,True,False,False
2197,fix: schema mismatch in agg_invoice_file_upload_summary,dataverse-vintedgo-dbt,vinted/dataverse-vintedgo-dbt,merged,jeremychia,2024-08-09 10:33:56+00:00,2024-08-12 07:41:04+00:00,2024-08-12 07:39:23+00:00,3,vgo_finance,1,2,https://github.com/vinted/dataverse-vintedgo-dbt/pull/2197,4624,2024-08,2024,8,Q3 2024,True,False,False
651,feat: add measures to agg_invoice_file_upload_summary,dataverse-vintedgo-looker,vinted/dataverse-vintedgo-looker,merged,jeremychia,2024-08-09 11:12:11+00:00,2024-08-09 11:17:37+00:00,2024-08-09 11:17:35+00:00,0,"views, vgo_finance",2,0,https://github.com/vinted/dataverse-vintedgo-looker/pull/651,38,2024-08,2024,8,Q3 2024,True,False,False
2201,fix: backfill union all test missing data since 2024-07-09,dataverse-vintedgo-dbt,vinted/dataverse-vintedgo-dbt,merged,jeremychia,2024-08-09 14:33:43+00:00,2024-08-13 15:48:39+00:00,2024-08-13 15:46:46+00:00,2,vgo_finance,1,4,https://github.com/vinted/dataverse-vintedgo-dbt/pull/2201,5821,2024-08,2024,8,Q3 2024,True,False,False
5,feat: replace with ecb source,personal-finances-dbt,jeremychia/personal-finances-dbt,merged,jeremychia,2024-08-10 21:21:27+00:00,2024-08-10 21:21:46+00:00,2024-08-10 21:21:44+00:00,0,,0,0,https://github.com/jeremychia/personal-finances-dbt/pull/5,347,2024-08,2024,8,Q3 2024,True,False,False
31,docs: improve documentation for parliamentary speeches,singapore-parliament-speeches-dbt,parleh-mate/singapore-parliament-speeches-dbt,merged,jeremychia,2024-08-11 13:30:35+00:00,2024-08-17 01:03:15+00:00,2024-08-16 19:01:33+00:00,0,,0,5,https://github.com/parleh-mate/singapore-parliament-speeches-dbt/pull/31,3404,2024-08,2024,8,Q3 2024,True,False,False
32,docs: update readme,singapore-parliament-speeches-dbt,parleh-mate/singapore-parliament-speeches-dbt,open,jeremychia,2024-08-11 15:28:11+00:00,2024-08-16 13:53:25+00:00,0001-01-01 00:00:00+00:00,0,,0,-739109,https://github.com/parleh-mate/singapore-parliament-speeches-dbt/pull/32,55,2024-08,2024,8,Q3 2024,False,False,True
2916,chore: change DAG owner name for mkp-fin,dataverse-marketplace-dbt,vinted/dataverse-marketplace-dbt,closed,jeremychia,2024-08-12 07:42:08+00:00,2024-08-14 10:39:53+00:00,2024-08-14 10:39:53+00:00,2,finance,1,2,https://github.com/vinted/dataverse-marketplace-dbt/pull/2916,4609,2024-08,2024,8,Q3 2024,False,True,False
654,Automated commit dbt branch for new-eligibility-rules,dataverse-vintedgo-looker,vinted/dataverse-vintedgo-looker,merged,jeremychia,2024-08-12 12:30:07+00:00,2024-08-12 12:39:31+00:00,2024-08-12 12:39:29+00:00,1,"views, vgo_general",2,0,https://github.com/vinted/dataverse-vintedgo-looker/pull/654,97,2024-08,2024,8,Q3 2024,True,False,False
2211,chore: cost categorisation name change - `re-rout & re-deliver` -> `reroute & redeliver`,dataverse-vintedgo-dbt,vinted/dataverse-vintedgo-dbt,merged,jeremychia,2024-08-12 13:51:19+00:00,2024-08-12 14:20:10+00:00,2024-08-12 14:17:30+00:00,3,vgo_finance,1,0,https://github.com/vinted/dataverse-vintedgo-dbt/pull/2211,4858,2024-08,2024,8,Q3 2024,True,False,False
2215,fix: change carrier invoices staging layer back to views,dataverse-vintedgo-dbt,vinted/dataverse-vintedgo-dbt,merged,jeremychia,2024-08-12 16:07:08+00:00,2024-08-13 07:43:27+00:00,2024-08-13 07:24:16+00:00,3,vgo_finance,1,0,https://github.com/vinted/dataverse-vintedgo-dbt/pull/2215,5709,2024-08,2024,8,Q3 2024,True,False,False
2217,feat: add HR-POST to compensations invoice carrier code mapping table,dataverse-vintedgo-dbt,vinted/dataverse-vintedgo-dbt,merged,jeremychia,2024-08-13 09:29:16+00:00,2024-08-13 11:17:08+00:00,2024-08-13 11:15:45+00:00,3,"vgo_finance, DAGs",2,0,https://github.com/vinted/dataverse-vintedgo-dbt/pull/2217,4920,2024-08,2024,8,Q3 2024,True,False,False
2577,feat: import integration_account_code from svc_shipping,dwh-schema-registry,vinted/dwh-schema-registry,merged,jeremychia,2024-08-13 14:55:03+00:00,2024-08-13 15:24:51+00:00,2024-08-13 15:24:49+00:00,0,,0,0,https://github.com/vinted/dwh-schema-registry/pull/2577,552,2024-08,2024,8,Q3 2024,True,False,False
2229,chore: downgrade dbt version in vgo-d2c,dataverse-vintedgo-dbt,vinted/dataverse-vintedgo-dbt,merged,jeremychia,2024-08-14 10:38:33+00:00,2024-08-14 12:46:16+00:00,2024-08-14 12:44:32+00:00,3,vgo_d2c,1,0,https://github.com/vinted/dataverse-vintedgo-dbt/pull/2229,5309,2024-08,2024,8,Q3 2024,True,False,False
2230,chore: remove partitioning for fct_no_spec_file_invoice_rows,dataverse-vintedgo-dbt,vinted/dataverse-vintedgo-dbt,merged,jeremychia,2024-08-14 11:31:40+00:00,2024-08-14 13:13:55+00:00,2024-08-14 13:11:54+00:00,3,vgo_finance,1,0,https://github.com/vinted/dataverse-vintedgo-dbt/pull/2230,4887,2024-08,2024,8,Q3 2024,True,False,False
2231,feat: introduce accepted_value test for carrier_invoices_totals_summary_file,dataverse-vintedgo-dbt,vinted/dataverse-vintedgo-dbt,merged,jeremychia,2024-08-14 11:31:58+00:00,2024-08-14 13:22:51+00:00,2024-08-14 13:21:09+00:00,3,vgo_finance,1,0,https://github.com/vinted/dataverse-vintedgo-dbt/pull/2231,4524,2024-08,2024,8,Q3 2024,True,False,False
2233,feat: add new compensation carrier codes to mapping table,dataverse-vintedgo-dbt,vinted/dataverse-vintedgo-dbt,merged,jeremychia,2024-08-15 05:58:31+00:00,2024-08-15 07:33:56+00:00,2024-08-15 07:32:12+00:00,3,vgo_finance,1,0,https://github.com/vinted/dataverse-vintedgo-dbt/pull/2233,5061,2024-08,2024,8,Q3 2024,True,False,False
2234,feat: tags to tests for carrier invoices,dataverse-vintedgo-dbt,vinted/dataverse-vintedgo-dbt,merged,jeremychia,2024-08-15 08:43:57+00:00,2024-08-15 12:23:33+00:00,2024-08-15 12:21:56+00:00,3,vgo_finance,1,0,https://github.com/vinted/dataverse-vintedgo-dbt/pull/2234,4864,2024-08,2024,8,Q3 2024,True,False,False
668,feat: add new measures to retail invoice lines,dataverse-vintedgo-looker,vinted/dataverse-vintedgo-looker,merged,jeremychia,2024-08-15 09:11:50+00:00,2024-08-15 09:15:11+00:00,2024-08-15 09:15:10+00:00,0,"views, vgo_carrier, vgo_d2c",3,0,https://github.com/vinted/dataverse-vintedgo-looker/pull/668,270,2024-08,2024,8,Q3 2024,True,False,False
2237,fix: run previous custom query which did not execute,dataverse-vintedgo-dbt,vinted/dataverse-vintedgo-dbt,merged,jeremychia,2024-08-15 12:16:31+00:00,2024-08-15 12:29:48+00:00,2024-08-15 12:28:11+00:00,2,vgo_finance,1,0,https://github.com/vinted/dataverse-vintedgo-dbt/pull/2237,4895,2024-08,2024,8,Q3 2024,True,False,False
2242,chore: add missing tags to tests (vgo_finance),dataverse-vintedgo-dbt,vinted/dataverse-vintedgo-dbt,merged,jeremychia,2024-08-16 10:27:46+00:00,2024-08-16 13:38:37+00:00,2024-08-16 13:37:10+00:00,3,vgo_finance,1,0,https://github.com/vinted/dataverse-vintedgo-dbt/pull/2242,5023,2024-08,2024,8,Q3 2024,True,False,False
2246,feat: introduce a new model for anomaly check on the invoice row amounts,dataverse-vintedgo-dbt,vinted/dataverse-vintedgo-dbt,merged,jeremychia,2024-08-16 12:42:01+00:00,2024-08-20 14:45:47+00:00,2024-08-20 14:43:50+00:00,3,vgo_finance,1,4,https://github.com/vinted/dataverse-vintedgo-dbt/pull/2246,4806,2024-08,2024,8,Q3 2024,True,False,False
162,fix: tag subteam in alerts for failed DAGs,dataverse-finance,vinted/dataverse-finance,merged,jeremychia,2024-08-16 12:56:20+00:00,2024-08-16 13:11:08+00:00,2024-08-16 13:03:24+00:00,11,,0,0,https://github.com/vinted/dataverse-finance/pull/162,206,2024-08,2024,8,Q3 2024,True,False,False
33,Refactor combine positions into dim member,singapore-parliament-speeches-dbt,parleh-mate/singapore-parliament-speeches-dbt,merged,jeremychia,2024-08-16 20:23:42+00:00,2024-08-16 20:25:51+00:00,2024-08-16 20:25:49+00:00,0,,0,0,https://github.com/parleh-mate/singapore-parliament-speeches-dbt/pull/33,0,2024-08,2024,8,Q3 2024,True,False,False
2251,"feat: for available for pick-up shipments and delivered shipments, populate customer invoice date",dataverse-vintedgo-dbt,vinted/dataverse-vintedgo-dbt,merged,jeremychia,2024-08-19 12:54:28+00:00,2024-08-20 09:12:26+00:00,2024-08-20 09:10:27+00:00,3,"vgo_finance, docs",2,0,https://github.com/vinted/dataverse-vintedgo-dbt/pull/2251,6139,2024-08,2024,8,Q3 2024,True,False,False
2254,chore: replace fx sources with grf fin source throughout vgo fin project,dataverse-vintedgo-dbt,vinted/dataverse-vintedgo-dbt,merged,jeremychia,2024-08-19 14:28:06+00:00,2024-08-20 08:07:45+00:00,2024-08-20 08:06:08+00:00,3,vgo_finance,1,0,https://github.com/vinted/dataverse-vintedgo-dbt/pull/2254,4929,2024-08,2024,8,Q3 2024,True,False,False
3024,chore: deprecate currency conversions long format,dataverse-marketplace-dbt,vinted/dataverse-marketplace-dbt,closed,jeremychia,2024-08-19 15:21:26+00:00,2024-10-28 13:51:22+00:00,2024-10-28 13:51:22+00:00,1,,0,69,https://github.com/vinted/dataverse-marketplace-dbt/pull/3024,4514,2024-08,2024,8,Q3 2024,False,True,False
3061,add links to looker dashboard/folder views,lookml,vinted/lookml,merged,jeremychia,2024-08-20 08:33:02+00:00,2024-08-27 07:13:48+00:00,2024-08-20 12:17:17+00:00,1,,0,0,https://github.com/vinted/lookml/pull/3061,1091,2024-08,2024,8,Q3 2024,True,False,False
2257,"fix: deduplicate on invoice_id, not invoice_reference for d2c retail invoices",dataverse-vintedgo-dbt,vinted/dataverse-vintedgo-dbt,merged,jeremychia,2024-08-20 09:49:15+00:00,2024-08-20 10:01:32+00:00,2024-08-20 09:59:57+00:00,3,vgo_d2c,1,0,https://github.com/vinted/dataverse-vintedgo-dbt/pull/2257,4879,2024-08,2024,8,Q3 2024,True,False,False
2260,"feat: change daily fx rates to monthly fx rates (d2c, fin)",dataverse-vintedgo-dbt,vinted/dataverse-vintedgo-dbt,merged,jeremychia,2024-08-20 12:56:07+00:00,2024-08-20 15:56:48+00:00,2024-08-20 15:55:00+00:00,6,"vgo_finance, vgo_d2c, docs",3,0,https://github.com/vinted/dataverse-vintedgo-dbt/pull/2260,4909,2024-08,2024,8,Q3 2024,True,False,False
2263,feat: adding new columns to checkout balance statement reports,dataverse-vintedgo-dbt,vinted/dataverse-vintedgo-dbt,merged,jeremychia,2024-08-20 15:38:18+00:00,2024-08-21 06:40:41+00:00,2024-08-21 06:38:54+00:00,3,"vgo_finance, docs",2,0,https://github.com/vinted/dataverse-vintedgo-dbt/pull/2263,4832,2024-08,2024,8,Q3 2024,True,False,False
189,chore: describe where to find --dbt_vars in dbt_custom_command,dataverse-airflow-dag-common,vinted/dataverse-airflow-dag-common,merged,jeremychia,2024-08-21 08:03:39+00:00,2024-08-21 13:07:44+00:00,2024-08-21 13:07:41+00:00,1,,0,0,https://github.com/vinted/dataverse-airflow-dag-common/pull/189,158,2024-08,2024,8,Q3 2024,True,False,False
687,feat: add meausres for fields relating to operational funding balance in d2c balance statement,dataverse-vintedgo-looker,vinted/dataverse-vintedgo-looker,merged,jeremychia,2024-08-21 08:30:53+00:00,2024-08-21 13:32:34+00:00,2024-08-21 13:32:33+00:00,0,"views, vgo_finance",2,0,https://github.com/vinted/dataverse-vintedgo-looker/pull/687,42,2024-08,2024,8,Q3 2024,True,False,False
2266,chore: add missing columns to mart_anomaly_invoice_rows and mart_ship…,dataverse-vintedgo-dbt,vinted/dataverse-vintedgo-dbt,merged,jeremychia,2024-08-21 08:37:08+00:00,2024-08-21 09:05:23+00:00,2024-08-21 09:03:40+00:00,3,vgo_finance,1,0,https://github.com/vinted/dataverse-vintedgo-dbt/pull/2266,4712,2024-08,2024,8,Q3 2024,True,False,False
2272,feat: add target_type (USPS) to external source and downstream tables,dataverse-vintedgo-dbt,vinted/dataverse-vintedgo-dbt,merged,jeremychia,2024-08-21 13:59:11+00:00,2024-08-21 15:40:53+00:00,2024-08-21 15:39:21+00:00,3,"vgo_finance, docs",2,0,https://github.com/vinted/dataverse-vintedgo-dbt/pull/2272,5033,2024-08,2024,8,Q3 2024,True,False,False
2273,refactor: revise the tasks and dbt commands executed,dataverse-vintedgo-dbt,vinted/dataverse-vintedgo-dbt,merged,jeremychia,2024-08-21 14:53:21+00:00,2024-08-29 09:39:44+00:00,2024-08-29 09:37:46+00:00,4,"vgo_finance, DAGs",2,7,https://github.com/vinted/dataverse-vintedgo-dbt/pull/2273,5812,2024-08,2024,8,Q3 2024,True,False,False
2275,chore: remove old tags for stg_accepted_values / dim_fact_accepted_values from yaml tests,dataverse-vintedgo-dbt,vinted/dataverse-vintedgo-dbt,merged,jeremychia,2024-08-22 09:07:32+00:00,2024-08-30 12:24:24+00:00,2024-08-30 12:22:53+00:00,3,vgo_finance,1,8,https://github.com/vinted/dataverse-vintedgo-dbt/pull/2275,4752,2024-08,2024,8,Q3 2024,True,False,False
15249,chore: to run in production [DO NOT MERGE],warehouse-jobs,vinted/warehouse-jobs,closed,jeremychia,2024-08-22 11:13:33+00:00,2024-08-29 12:33:35+00:00,2024-08-29 12:33:35+00:00,2,,0,7,https://github.com/vinted/warehouse-jobs/pull/15249,3307,2024-08,2024,8,Q3 2024,False,True,False
2280,fix: change source of contract carrier price to parquet file,dataverse-vintedgo-dbt,vinted/dataverse-vintedgo-dbt,merged,jeremychia,2024-08-22 15:53:57+00:00,2024-08-23 08:00:46+00:00,2024-08-23 07:59:01+00:00,3,vgo_finance,1,0,https://github.com/vinted/dataverse-vintedgo-dbt/pull/2280,4975,2024-08,2024,8,Q3 2024,True,False,False
2311,fix: channel names,dataverse-vintedgo-dbt,vinted/dataverse-vintedgo-dbt,merged,jeremychia,2024-08-29 09:58:09+00:00,2024-08-29 10:30:39+00:00,2024-08-29 10:29:05+00:00,3,"vgo_finance, DAGs",2,0,https://github.com/vinted/dataverse-vintedgo-dbt/pull/2311,4566,2024-08,2024,8,Q3 2024,True,False,False
2314,fix: change deduplication to invoice reference and invoice series,dataverse-vintedgo-dbt,vinted/dataverse-vintedgo-dbt,merged,jeremychia,2024-08-29 12:18:14+00:00,2024-08-29 12:38:34+00:00,2024-08-29 12:37:03+00:00,3,vgo_d2c,1,0,https://github.com/vinted/dataverse-vintedgo-dbt/pull/2314,5119,2024-08,2024,8,Q3 2024,True,False,False
15288,chore: remove @dev from #15251,warehouse-jobs,vinted/warehouse-jobs,closed,jeremychia,2024-08-29 12:29:32+00:00,2024-08-29 12:40:55+00:00,2024-08-29 12:31:00+00:00,2,,0,0,https://github.com/vinted/warehouse-jobs/pull/15288,3307,2024-08,2024,8,Q3 2024,False,True,False
15289,chore: remove retail invoice lines from on prem dwh jobs,warehouse-jobs,vinted/warehouse-jobs,merged,jeremychia,2024-08-29 12:44:56+00:00,2024-09-06 05:46:07+00:00,2024-09-06 05:46:06+00:00,0,,0,7,https://github.com/vinted/warehouse-jobs/pull/15289,282,2024-08,2024,8,Q3 2024,True,False,False
3074,chore: remove retail invoice lines from looker,lookml,vinted/lookml,merged,jeremychia,2024-08-29 12:47:43+00:00,2024-09-06 06:28:10+00:00,2024-09-06 06:28:09+00:00,0,,0,7,https://github.com/vinted/lookml/pull/3074,253,2024-08,2024,8,Q3 2024,True,False,False
2317,feat: add SPS-SHOP-SK to compensation carrier codes,dataverse-vintedgo-dbt,vinted/dataverse-vintedgo-dbt,merged,jeremychia,2024-08-30 07:33:53+00:00,2024-08-30 07:54:26+00:00,2024-08-30 07:52:49+00:00,3,vgo_finance,1,0,https://github.com/vinted/dataverse-vintedgo-dbt/pull/2317,4711,2024-08,2024,8,Q3 2024,True,False,False
2318,feat: add trigger rule all done such that subsequent tasks execute,dataverse-vintedgo-dbt,vinted/dataverse-vintedgo-dbt,merged,jeremychia,2024-08-30 08:10:44+00:00,2024-08-30 08:33:17+00:00,2024-08-30 08:31:29+00:00,3,"vgo_finance, DAGs",2,0,https://github.com/vinted/dataverse-vintedgo-dbt/pull/2318,4625,2024-08,2024,8,Q3 2024,True,False,False
2320,chore: order by retail invoice id,dataverse-vintedgo-dbt,vinted/dataverse-vintedgo-dbt,merged,jeremychia,2024-08-30 09:41:26+00:00,2024-08-30 09:56:50+00:00,2024-08-30 09:55:08+00:00,3,vgo_d2c,1,0,https://github.com/vinted/dataverse-vintedgo-dbt/pull/2320,4681,2024-08,2024,8,Q3 2024,True,False,False
2330,chore: remove @shipping-reporting from alerts,dataverse-vintedgo-dbt,vinted/dataverse-vintedgo-dbt,merged,jeremychia,2024-09-02 07:52:09+00:00,2024-09-02 09:35:53+00:00,2024-09-02 09:34:06+00:00,3,"vgo_finance, DAGs",2,0,https://github.com/vinted/dataverse-vintedgo-dbt/pull/2330,4628,2024-09,2024,9,Q3 2024,True,False,False
2331,feat: revise usps payment log determined amounts,dataverse-vintedgo-dbt,vinted/dataverse-vintedgo-dbt,merged,jeremychia,2024-09-02 10:42:25+00:00,2024-09-09 06:20:47+00:00,2024-09-09 06:18:55+00:00,3,"vgo_finance, do not merge",2,6,https://github.com/vinted/dataverse-vintedgo-dbt/pull/2331,6220,2024-09,2024,9,Q3 2024,True,False,False
2333,"feat: add category ""Refund (to exclude)"" to no detail invoice models",dataverse-vintedgo-dbt,vinted/dataverse-vintedgo-dbt,merged,jeremychia,2024-09-02 11:22:22+00:00,2024-09-02 11:41:26+00:00,2024-09-02 11:39:54+00:00,3,vgo_finance,1,0,https://github.com/vinted/dataverse-vintedgo-dbt/pull/2333,5527,2024-09,2024,9,Q3 2024,True,False,False
2340,feat: revise usps shipment invoice - takes only positive values from adjustments,dataverse-vintedgo-dbt,vinted/dataverse-vintedgo-dbt,merged,jeremychia,2024-09-02 14:23:13+00:00,2024-09-09 06:30:32+00:00,2024-09-09 06:28:47+00:00,3,"vgo_finance, do not merge",2,6,https://github.com/vinted/dataverse-vintedgo-dbt/pull/2340,6248,2024-09,2024,9,Q3 2024,True,False,False
737,fix: remove duplicate field driver_scan_out_for_delivery_at_time,dataverse-vintedgo-looker,vinted/dataverse-vintedgo-looker,merged,jeremychia,2024-09-02 15:33:32+00:00,2024-09-02 15:49:47+00:00,2024-09-02 15:49:45+00:00,1,"views, vgo_carrier",2,0,https://github.com/vinted/dataverse-vintedgo-looker/pull/737,231,2024-09,2024,9,Q3 2024,True,False,False
2344,chore: add owner for alerts,dataverse-vintedgo-dbt,vinted/dataverse-vintedgo-dbt,merged,jeremychia,2024-09-03 06:51:16+00:00,2024-09-03 07:11:26+00:00,2024-09-03 07:11:25+00:00,1,vgo_overflow_detector,1,0,https://github.com/vinted/dataverse-vintedgo-dbt/pull/2344,4586,2024-09,2024,9,Q3 2024,True,False,False
2345,feat: add new inbound and outbound combination for DEPO relabelling,dataverse-vintedgo-dbt,vinted/dataverse-vintedgo-dbt,merged,jeremychia,2024-09-03 07:13:22+00:00,2024-09-03 07:35:49+00:00,2024-09-03 07:34:03+00:00,3,vgo_finance,1,0,https://github.com/vinted/dataverse-vintedgo-dbt/pull/2345,4789,2024-09,2024,9,Q3 2024,True,False,False
2348,feat: add carrier contract price id downstream for visibility in historic carrier contract prices,dataverse-vintedgo-dbt,vinted/dataverse-vintedgo-dbt,merged,jeremychia,2024-09-03 10:08:29+00:00,2024-09-03 11:57:35+00:00,2024-09-03 11:56:04+00:00,3,vgo_finance,1,0,https://github.com/vinted/dataverse-vintedgo-dbt/pull/2348,4524,2024-09,2024,9,Q3 2024,True,False,False
2350,refactor: break up logic for price list joins create model for exact price list matches,dataverse-vintedgo-dbt,vinted/dataverse-vintedgo-dbt,merged,jeremychia,2024-09-03 11:46:34+00:00,2024-09-03 13:53:18+00:00,2024-09-03 13:51:27+00:00,3,"vgo_finance, docs",2,0,https://github.com/vinted/dataverse-vintedgo-dbt/pull/2350,5306,2024-09,2024,9,Q3 2024,True,False,False
2356,refactor: break up logic for price list joins create model for fallback price list matches,dataverse-vintedgo-dbt,vinted/dataverse-vintedgo-dbt,merged,jeremychia,2024-09-03 14:56:06+00:00,2024-09-05 08:11:27+00:00,2024-09-05 08:09:55+00:00,3,"vgo_finance, docs",2,1,https://github.com/vinted/dataverse-vintedgo-dbt/pull/2356,6108,2024-09,2024,9,Q3 2024,True,False,False
15310,chore: for trigger manual refresh for LaPosteShipmentReport,warehouse-jobs,vinted/warehouse-jobs,closed,jeremychia,2024-09-04 10:48:00+00:00,2024-09-04 12:52:20+00:00,2024-09-04 12:52:20+00:00,3,do not merge,1,0,https://github.com/vinted/warehouse-jobs/pull/15310,12,2024-09,2024,9,Q3 2024,False,True,False
2379,fix: typo in mart_prep_shipment_legs_price_list_joins_fallback_match_…,dataverse-vintedgo-dbt,vinted/dataverse-vintedgo-dbt,merged,jeremychia,2024-09-05 09:00:36+00:00,2024-09-05 09:20:46+00:00,2024-09-05 09:19:06+00:00,3,vgo_finance,1,0,https://github.com/vinted/dataverse-vintedgo-dbt/pull/2379,4540,2024-09,2024,9,Q3 2024,True,False,False
2382,fix: drop table with wrong name,dataverse-vintedgo-dbt,vinted/dataverse-vintedgo-dbt,merged,jeremychia,2024-09-05 09:45:48+00:00,2024-09-05 10:18:49+00:00,2024-09-05 10:17:16+00:00,2,vgo_finance,1,0,https://github.com/vinted/dataverse-vintedgo-dbt/pull/2382,4544,2024-09,2024,9,Q3 2024,True,False,False
2393,fix: first_seen_cancelled_event_timestamp in fct_accumulating_carrier_leg_tracking_events,dataverse-vintedgo-dbt,vinted/dataverse-vintedgo-dbt,merged,jeremychia,2024-09-06 06:54:38+00:00,2024-09-06 07:42:38+00:00,2024-09-06 07:40:58+00:00,3,vgo_general,1,0,https://github.com/vinted/dataverse-vintedgo-dbt/pull/2393,4686,2024-09,2024,9,Q3 2024,True,False,False
2396,feat: add retail payout id & currency to mart_retail_orders,dataverse-vintedgo-dbt,vinted/dataverse-vintedgo-dbt,merged,jeremychia,2024-09-06 13:06:55+00:00,2024-09-08 11:46:16+00:00,2024-09-08 11:44:32+00:00,3,"vgo_d2c, docs",2,1,https://github.com/vinted/dataverse-vintedgo-dbt/pull/2396,4680,2024-09,2024,9,Q3 2024,True,False,False
761,chore: change colour thresholds on processed invoice data quality dashboard,dataverse-vintedgo-looker,vinted/dataverse-vintedgo-looker,merged,jeremychia,2024-09-09 09:21:02+00:00,2024-09-09 11:17:37+00:00,2024-09-09 11:17:35+00:00,0,vgo_finance,1,0,https://github.com/vinted/dataverse-vintedgo-looker/pull/761,355,2024-09,2024,9,Q3 2024,True,False,False
2406,refactor: change partitioning config on `mart_shipment_legs_revenue_recognition_post_period_differences`,dataverse-vintedgo-dbt,vinted/dataverse-vintedgo-dbt,merged,jeremychia,2024-09-09 09:45:25+00:00,2024-09-09 12:03:41+00:00,2024-09-09 12:02:08+00:00,3,vgo_finance,1,0,https://github.com/vinted/dataverse-vintedgo-dbt/pull/2406,4658,2024-09,2024,9,Q3 2024,True,False,False
2409,fix: aggregation logic for post period differences,dataverse-vintedgo-dbt,vinted/dataverse-vintedgo-dbt,merged,jeremychia,2024-09-09 11:35:44+00:00,2024-09-09 12:12:24+00:00,2024-09-09 12:10:57+00:00,3,vgo_finance,1,0,https://github.com/vinted/dataverse-vintedgo-dbt/pull/2409,4724,2024-09,2024,9,Q3 2024,True,False,False
2413,feat: create model for comparing differences in customer invoices,dataverse-vintedgo-dbt,vinted/dataverse-vintedgo-dbt,merged,jeremychia,2024-09-09 13:35:22+00:00,2024-09-09 15:22:35+00:00,2024-09-09 15:20:54+00:00,3,vgo_finance,1,0,https://github.com/vinted/dataverse-vintedgo-dbt/pull/2413,4743,2024-09,2024,9,Q3 2024,True,False,False
2415,feat: add alt_courier in evri invoices,dataverse-vintedgo-dbt,vinted/dataverse-vintedgo-dbt,merged,jeremychia,2024-09-09 14:55:17+00:00,2024-09-09 15:33:05+00:00,2024-09-09 15:30:44+00:00,3,vgo_finance,1,0,https://github.com/vinted/dataverse-vintedgo-dbt/pull/2415,5056,2024-09,2024,9,Q3 2024,True,False,False
2416,chore: move coalesce upwards in agg post period differences,dataverse-vintedgo-dbt,vinted/dataverse-vintedgo-dbt,merged,jeremychia,2024-09-09 15:54:51+00:00,2024-09-10 12:37:50+00:00,2024-09-10 12:36:18+00:00,3,vgo_finance,1,0,https://github.com/vinted/dataverse-vintedgo-dbt/pull/2416,4629,2024-09,2024,9,Q3 2024,True,False,False
195,fix: include `{{ project }}` in macro query for assert freshness,dataverse-dbt-shared,vinted/dataverse-dbt-shared,merged,jeremychia,2024-09-10 06:45:10+00:00,2024-09-10 06:57:00+00:00,2024-09-10 06:56:58+00:00,0,transformations,1,0,https://github.com/vinted/dataverse-dbt-shared/pull/195,1268,2024-09,2024,9,Q3 2024,True,False,False
2418,chore: update references to dbt shared repository,dataverse-vintedgo-dbt,vinted/dataverse-vintedgo-dbt,merged,jeremychia,2024-09-10 07:01:06+00:00,2024-09-10 08:19:43+00:00,2024-09-10 08:18:06+00:00,3,vgo_d2c,1,0,https://github.com/vinted/dataverse-vintedgo-dbt/pull/2418,4703,2024-09,2024,9,Q3 2024,True,False,False
2419,feat: use collection date for invoice_date for EVRI chargeable events invoices,dataverse-vintedgo-dbt,vinted/dataverse-vintedgo-dbt,merged,jeremychia,2024-09-10 08:20:05+00:00,2024-09-10 08:45:14+00:00,2024-09-10 08:43:37+00:00,3,vgo_finance,1,0,https://github.com/vinted/dataverse-vintedgo-dbt/pull/2419,4695,2024-09,2024,9,Q3 2024,True,False,False
768,feat: introduce dashboard for customer invoices difference,dataverse-vintedgo-looker,vinted/dataverse-vintedgo-looker,merged,jeremychia,2024-09-10 09:44:05+00:00,2024-09-10 09:54:35+00:00,2024-09-10 09:54:33+00:00,0,vgo_finance,1,0,https://github.com/vinted/dataverse-vintedgo-looker/pull/768,546,2024-09,2024,9,Q3 2024,True,False,False
769,chore: rename dashboard name for revenue recognition post-period differences,dataverse-vintedgo-looker,vinted/dataverse-vintedgo-looker,merged,jeremychia,2024-09-10 09:47:52+00:00,2024-09-10 09:54:26+00:00,2024-09-10 09:54:25+00:00,0,vgo_finance,1,0,https://github.com/vinted/dataverse-vintedgo-looker/pull/769,111,2024-09,2024,9,Q3 2024,True,False,False
3352,"chore: remove finance sources from comp-intel, marketing, payments",dataverse-marketplace-dbt,vinted/dataverse-marketplace-dbt,merged,jeremychia,2024-09-10 11:24:10+00:00,2024-09-10 12:22:31+00:00,2024-09-10 12:20:40+00:00,8,"competitive_intelligence, payments, marketing",3,0,https://github.com/vinted/dataverse-marketplace-dbt/pull/3352,4447,2024-09,2024,9,Q3 2024,True,False,False
2425,feat: add columns into customer invoices which will allow for comparison of price list joins,dataverse-vintedgo-dbt,vinted/dataverse-vintedgo-dbt,merged,jeremychia,2024-09-10 12:22:54+00:00,2024-09-11 08:21:11+00:00,2024-09-11 08:19:21+00:00,3,vgo_finance,1,0,https://github.com/vinted/dataverse-vintedgo-dbt/pull/2425,4971,2024-09,2024,9,Q3 2024,True,False,False
15331,chore: dummy commit for refresh of tables VGOFIN-516,warehouse-jobs,vinted/warehouse-jobs,closed,jeremychia,2024-09-10 12:51:00+00:00,2024-09-10 14:39:51+00:00,2024-09-10 14:39:51+00:00,1,do not merge,1,0,https://github.com/vinted/warehouse-jobs/pull/15331,3307,2024-09,2024,9,Q3 2024,False,True,False
2427,feat: use from_country and to_country in determining country codes (postnord SE),dataverse-vintedgo-dbt,vinted/dataverse-vintedgo-dbt,merged,jeremychia,2024-09-10 14:55:10+00:00,2024-09-11 10:31:06+00:00,2024-09-11 10:29:32+00:00,3,vgo_finance,1,0,https://github.com/vinted/dataverse-vintedgo-dbt/pull/2427,5353,2024-09,2024,9,Q3 2024,True,False,False
2428,feat: adjusted carriers for relabelled invoice carrier codes,dataverse-vintedgo-dbt,vinted/dataverse-vintedgo-dbt,merged,jeremychia,2024-09-11 09:14:06+00:00,2024-09-11 15:24:31+00:00,2024-09-11 15:22:42+00:00,3,"vgo_finance, docs",2,0,https://github.com/vinted/dataverse-vintedgo-dbt/pull/2428,5866,2024-09,2024,9,Q3 2024,True,False,False
781,feat: add mesaures for relabelling invoice rows,dataverse-vintedgo-looker,vinted/dataverse-vintedgo-looker,merged,jeremychia,2024-09-12 07:36:44+00:00,2024-09-12 07:40:48+00:00,2024-09-12 07:40:46+00:00,1,"views, vgo_finance",2,0,https://github.com/vinted/dataverse-vintedgo-looker/pull/781,62,2024-09,2024,9,Q3 2024,True,False,False
3396,fix: missing column in `fct_acquired_item_migrations`,dataverse-marketplace-dbt,vinted/dataverse-marketplace-dbt,merged,jeremychia,2024-09-12 12:52:07+00:00,2024-09-12 13:35:01+00:00,2024-09-12 13:33:24+00:00,3,member_lifecycle,1,0,https://github.com/vinted/dataverse-marketplace-dbt/pull/3396,4457,2024-09,2024,9,Q3 2024,True,False,False
785,fix: remove sum/avg errors in mart_invoice_rows_purchase_price_validation,dataverse-vintedgo-looker,vinted/dataverse-vintedgo-looker,merged,jeremychia,2024-09-12 14:19:56+00:00,2024-09-12 14:21:14+00:00,2024-09-12 14:21:12+00:00,0,"views, vgo_finance",2,0,https://github.com/vinted/dataverse-vintedgo-looker/pull/785,91,2024-09,2024,9,Q3 2024,True,False,False
2446,feat: expose dim_shipping_points for group finance reporting,dataverse-vintedgo-dbt,vinted/dataverse-vintedgo-dbt,merged,jeremychia,2024-09-13 09:05:01+00:00,2024-09-13 09:30:52+00:00,2024-09-13 09:29:16+00:00,3,vgo_general,1,0,https://github.com/vinted/dataverse-vintedgo-dbt/pull/2446,6389,2024-09,2024,9,Q3 2024,True,False,False
2709,feat: add destination for dhl_de_integration,dwh-schema-registry,vinted/dwh-schema-registry,merged,jeremychia,2024-09-13 11:32:00+00:00,2024-09-18 14:22:32+00:00,2024-09-18 14:22:31+00:00,0,,0,5,https://github.com/vinted/dwh-schema-registry/pull/2709,365,2024-09,2024,9,Q3 2024,True,False,False
2453,chore: remove 10 divisor for dpd nl logic v2,dataverse-vintedgo-dbt,vinted/dataverse-vintedgo-dbt,merged,jeremychia,2024-09-16 08:30:37+00:00,2024-09-16 10:28:19+00:00,2024-09-16 10:26:28+00:00,3,vgo_finance,1,0,https://github.com/vinted/dataverse-vintedgo-dbt/pull/2453,5368,2024-09,2024,9,Q3 2024,True,False,False
2465,chore: convert invoice_id for popo to uppercase,dataverse-vintedgo-dbt,vinted/dataverse-vintedgo-dbt,merged,jeremychia,2024-09-17 08:46:55+00:00,2024-09-17 12:20:51+00:00,2024-09-17 12:19:14+00:00,3,vgo_finance,1,0,https://github.com/vinted/dataverse-vintedgo-dbt/pull/2465,5363,2024-09,2024,9,Q3 2024,True,False,False
2469,refactor: financial actions to fact table + expose retail_payment_uuid,dataverse-vintedgo-dbt,vinted/dataverse-vintedgo-dbt,merged,jeremychia,2024-09-17 13:37:31+00:00,2024-09-17 14:19:13+00:00,2024-09-17 14:17:48+00:00,3,vgo_finance,1,0,https://github.com/vinted/dataverse-vintedgo-dbt/pull/2469,4960,2024-09,2024,9,Q3 2024,True,False,False
2470,refactor: create fact layer for payouts,dataverse-vintedgo-dbt,vinted/dataverse-vintedgo-dbt,merged,jeremychia,2024-09-17 13:59:00+00:00,2024-09-17 14:24:56+00:00,2024-09-17 14:23:04+00:00,3,vgo_d2c,1,0,https://github.com/vinted/dataverse-vintedgo-dbt/pull/2470,4620,2024-09,2024,9,Q3 2024,True,False,False
2472,feat: create mart for d2c compensation payments,dataverse-vintedgo-dbt,vinted/dataverse-vintedgo-dbt,merged,jeremychia,2024-09-17 14:56:35+00:00,2024-09-18 08:46:57+00:00,2024-09-18 08:45:10+00:00,5,"vgo_finance, vgo_d2c",2,0,https://github.com/vinted/dataverse-vintedgo-dbt/pull/2472,5795,2024-09,2024,9,Q3 2024,True,False,False
2481,feat: expose mart_d2c_compensation_payouts to looker,dataverse-vintedgo-dbt,vinted/dataverse-vintedgo-dbt,merged,jeremychia,2024-09-18 13:46:53+00:00,2024-09-18 14:10:42+00:00,2024-09-18 14:09:01+00:00,3,vgo_finance,1,0,https://github.com/vinted/dataverse-vintedgo-dbt/pull/2481,4833,2024-09,2024,9,Q3 2024,True,False,False
2484,chore: create subset of processed shipments which will be used for d2c,dataverse-vintedgo-dbt,vinted/dataverse-vintedgo-dbt,closed,jeremychia,2024-09-18 14:27:43+00:00,2024-10-08 14:12:41+00:00,2024-10-08 14:12:40+00:00,4,"vgo_general, vgo_d2c",2,19,https://github.com/vinted/dataverse-vintedgo-dbt/pull/2484,5552,2024-09,2024,9,Q3 2024,False,True,False
2488,chore: add/remove data tests tags for vgo_finance,dataverse-vintedgo-dbt,vinted/dataverse-vintedgo-dbt,merged,jeremychia,2024-09-19 06:58:20+00:00,2024-09-19 07:41:34+00:00,2024-09-19 07:40:01+00:00,3,vgo_finance,1,0,https://github.com/vinted/dataverse-vintedgo-dbt/pull/2488,4924,2024-09,2024,9,Q3 2024,True,False,False
2496,feat: model dhl de integration labels ,dataverse-vintedgo-dbt,vinted/dataverse-vintedgo-dbt,merged,jeremychia,2024-09-19 13:23:22+00:00,2024-09-20 07:02:08+00:00,2024-09-20 07:00:29+00:00,3,"vgo_general, docs",2,0,https://github.com/vinted/dataverse-vintedgo-dbt/pull/2496,4711,2024-09,2024,9,Q3 2024,True,False,False
2498,"feat: model dhl de's settlements, payments & transfers",dataverse-vintedgo-dbt,vinted/dataverse-vintedgo-dbt,merged,jeremychia,2024-09-19 14:14:25+00:00,2024-09-20 09:51:35+00:00,2024-09-20 09:50:12+00:00,3,"vgo_finance, docs",2,0,https://github.com/vinted/dataverse-vintedgo-dbt/pull/2498,5744,2024-09,2024,9,Q3 2024,True,False,False
2502,feat: add BOXNOW-GR to compensation carrier codes seed,dataverse-vintedgo-dbt,vinted/dataverse-vintedgo-dbt,merged,jeremychia,2024-09-20 07:10:25+00:00,2024-09-20 07:31:56+00:00,2024-09-20 07:30:40+00:00,3,vgo_finance,1,0,https://github.com/vinted/dataverse-vintedgo-dbt/pull/2502,4606,2024-09,2024,9,Q3 2024,True,False,False
2514,"feat: add SEUR, ZASILKOVNA, COLIS-PRIVE + reordering",dataverse-vintedgo-dbt,vinted/dataverse-vintedgo-dbt,merged,jeremychia,2024-09-24 07:24:32+00:00,2024-09-24 07:44:30+00:00,2024-09-24 07:43:11+00:00,3,vgo_finance,1,0,https://github.com/vinted/dataverse-vintedgo-dbt/pull/2514,5820,2024-09,2024,9,Q3 2024,True,False,False
1383,fix: raise quota limits for vgo-finance,terraform-dataverse,vinted/terraform-dataverse,merged,jeremychia,2024-09-25 06:35:18+00:00,2024-09-25 06:53:45+00:00,2024-09-25 06:53:45+00:00,2,,0,0,https://github.com/vinted/terraform-dataverse/pull/1383,269,2024-09,2024,9,Q3 2024,True,False,False
1419,revert: lower limit for vgo-fin to 'S',terraform-dataverse,vinted/terraform-dataverse,merged,jeremychia,2024-09-27 11:27:26+00:00,2024-09-27 11:49:04+00:00,2024-09-27 11:49:03+00:00,2,,0,0,https://github.com/vinted/terraform-dataverse/pull/1419,13,2024-09,2024,9,Q3 2024,True,False,False
3614,feat: enable lookml generator for member's lifecycle,dataverse-marketplace-dbt,vinted/dataverse-marketplace-dbt,merged,jeremychia,2024-09-27 12:13:06+00:00,2024-10-01 13:12:38+00:00,2024-10-01 13:11:09+00:00,3,member_lifecycle,1,4,https://github.com/vinted/dataverse-marketplace-dbt/pull/3614,4531,2024-09,2024,9,Q3 2024,True,False,False
2526,feat: add flag to identify compensations in financial actions,dataverse-vintedgo-dbt,vinted/dataverse-vintedgo-dbt,merged,jeremychia,2024-09-27 13:56:20+00:00,2024-09-30 06:33:48+00:00,2024-09-30 06:32:06+00:00,3,"vgo_finance, docs",2,2,https://github.com/vinted/dataverse-vintedgo-dbt/pull/2526,4770,2024-09,2024,9,Q3 2024,True,False,False
2528,feat: add flag to identify compensations in retail invoice lines,dataverse-vintedgo-dbt,vinted/dataverse-vintedgo-dbt,merged,jeremychia,2024-09-27 14:48:33+00:00,2024-09-30 06:42:42+00:00,2024-09-30 06:41:00+00:00,3,"vgo_d2c, docs",2,2,https://github.com/vinted/dataverse-vintedgo-dbt/pull/2528,4614,2024-09,2024,9,Q3 2024,True,False,False
2529,fix: google sheets capacity_planning_verification_hubs data types + restage external sources,dataverse-vintedgo-dbt,vinted/dataverse-vintedgo-dbt,closed,jeremychia,2024-09-28 07:29:26+00:00,2024-09-28 12:14:54+00:00,2024-09-28 12:14:48+00:00,3,"vgo_hvf, DAGs",2,0,https://github.com/vinted/dataverse-vintedgo-dbt/pull/2529,5664,2024-09,2024,9,Q3 2024,False,True,False
855,chore: remove unnecessary measures from checkout reports,dataverse-vintedgo-looker,vinted/dataverse-vintedgo-looker,merged,jeremychia,2024-09-30 07:20:26+00:00,2024-09-30 08:41:42+00:00,2024-09-30 08:41:40+00:00,0,"views, vgo_finance",2,0,https://github.com/vinted/dataverse-vintedgo-looker/pull/855,402,2024-09,2024,9,Q3 2024,True,False,False
2535,feat: expose actual costs to customer invoices table,dataverse-vintedgo-dbt,vinted/dataverse-vintedgo-dbt,merged,jeremychia,2024-09-30 13:23:06+00:00,2024-09-30 13:46:44+00:00,2024-09-30 13:45:21+00:00,3,vgo_finance,1,0,https://github.com/vinted/dataverse-vintedgo-dbt/pull/2535,5172,2024-09,2024,9,Q3 2024,True,False,False
2540,feat: add from to country code and original invoice currency for customer invoice post period differences,dataverse-vintedgo-dbt,vinted/dataverse-vintedgo-dbt,merged,jeremychia,2024-09-30 14:47:02+00:00,2024-10-01 07:53:40+00:00,2024-10-01 07:51:49+00:00,3,vgo_finance,1,0,https://github.com/vinted/dataverse-vintedgo-dbt/pull/2540,4709,2024-09,2024,9,Q3 2024,True,False,False
2542,feat: add CZECH-POST (CP) and HERMES-DE to compensation carrier codes seed,dataverse-vintedgo-dbt,vinted/dataverse-vintedgo-dbt,merged,jeremychia,2024-10-01 07:14:42+00:00,2024-10-01 07:28:33+00:00,2024-10-01 07:27:10+00:00,3,vgo_finance,1,0,https://github.com/vinted/dataverse-vintedgo-dbt/pull/2542,4778,2024-10,2024,10,Q4 2024,True,False,False
2544,feat: use price list currency instead of invoice currency,dataverse-vintedgo-dbt,vinted/dataverse-vintedgo-dbt,merged,jeremychia,2024-10-01 13:19:17+00:00,2024-10-01 13:46:10+00:00,2024-10-01 13:44:48+00:00,3,vgo_finance,1,0,https://github.com/vinted/dataverse-vintedgo-dbt/pull/2544,4745,2024-10,2024,10,Q4 2024,True,False,False
2548,feat: update poetry lock to enable measures generation,dataverse-vintedgo-dbt,vinted/dataverse-vintedgo-dbt,merged,jeremychia,2024-10-01 15:13:38+00:00,2024-10-01 15:44:44+00:00,2024-10-01 15:42:50+00:00,13,"vgo_general, vgo_carrier, vgo_finance, vgo_overflow_detector, vgo_d2c, vgo_hvf, vgo_recommender",7,0,https://github.com/vinted/dataverse-vintedgo-dbt/pull/2548,4752,2024-10,2024,10,Q4 2024,True,False,False
2550,feat: expose transaction id to shipment legs tables in shipping reports,dataverse-vintedgo-dbt,vinted/dataverse-vintedgo-dbt,merged,jeremychia,2024-10-01 15:33:27+00:00,2024-10-17 07:39:21+00:00,2024-10-17 07:37:54+00:00,3,vgo_finance,1,15,https://github.com/vinted/dataverse-vintedgo-dbt/pull/2550,5243,2024-10,2024,10,Q4 2024,True,False,False
2554,fix: updating poetry lock for new version of lookml generator,dataverse-vintedgo-dbt,vinted/dataverse-vintedgo-dbt,merged,jeremychia,2024-10-02 11:59:04+00:00,2024-10-02 12:27:48+00:00,2024-10-02 12:26:00+00:00,13,"vgo_general, vgo_carrier, vgo_finance, vgo_overflow_detector, vgo_d2c, vgo_hvf, vgo_recommender",7,0,https://github.com/vinted/dataverse-vintedgo-dbt/pull/2554,4725,2024-10,2024,10,Q4 2024,True,False,False
2555,fix: missing documentation,dataverse-vintedgo-dbt,vinted/dataverse-vintedgo-dbt,merged,jeremychia,2024-10-02 12:43:31+00:00,2024-10-02 12:57:10+00:00,2024-10-02 12:55:51+00:00,3,vgo_finance,1,0,https://github.com/vinted/dataverse-vintedgo-dbt/pull/2555,5256,2024-10,2024,10,Q4 2024,True,False,False
2572,fix: remove fallback match model,dataverse-vintedgo-dbt,vinted/dataverse-vintedgo-dbt,merged,jeremychia,2024-10-09 05:12:08+00:00,2024-10-09 05:28:13+00:00,2024-10-09 05:26:46+00:00,3,vgo_finance,1,0,https://github.com/vinted/dataverse-vintedgo-dbt/pull/2572,5129,2024-10,2024,10,Q4 2024,True,False,False
2630,chore: meta>measures (spelling correction) for vgo_gen marts,dataverse-vintedgo-dbt,vinted/dataverse-vintedgo-dbt,merged,jeremychia,2024-10-17 13:45:13+00:00,2024-10-17 13:59:11+00:00,2024-10-17 13:57:32+00:00,3,vgo_general,1,0,https://github.com/vinted/dataverse-vintedgo-dbt/pull/2630,4784,2024-10,2024,10,Q4 2024,True,False,False
2632,feat: grant access to group finance for tables,dataverse-vintedgo-dbt,vinted/dataverse-vintedgo-dbt,merged,jeremychia,2024-10-17 15:13:46+00:00,2024-10-17 15:33:01+00:00,2024-10-17 15:31:11+00:00,5,"vgo_general, vgo_finance",2,0,https://github.com/vinted/dataverse-vintedgo-dbt/pull/2632,4761,2024-10,2024,10,Q4 2024,True,False,False
2634,feat: expose carrier id first/last mile in aggregates,dataverse-vintedgo-dbt,vinted/dataverse-vintedgo-dbt,merged,jeremychia,2024-10-18 08:51:31+00:00,2024-10-18 12:00:48+00:00,2024-10-18 11:59:04+00:00,3,"vgo_finance, docs",2,0,https://github.com/vinted/dataverse-vintedgo-dbt/pull/2634,4760,2024-10,2024,10,Q4 2024,True,False,False
2641,chore: remove non-dim/facts/marts/agg from vgo-fin looker_config,dataverse-vintedgo-dbt,vinted/dataverse-vintedgo-dbt,merged,jeremychia,2024-10-18 14:25:34+00:00,2024-10-21 06:41:29+00:00,2024-10-21 06:39:39+00:00,3,vgo_finance,1,2,https://github.com/vinted/dataverse-vintedgo-dbt/pull/2641,5838,2024-10,2024,10,Q4 2024,True,False,False
2643,chore: fix spelling in looker_config.yml for vgo_carrier,dataverse-vintedgo-dbt,vinted/dataverse-vintedgo-dbt,merged,jeremychia,2024-10-18 16:36:28+00:00,2024-10-21 06:32:19+00:00,2024-10-21 06:30:26+00:00,3,vgo_carrier,1,2,https://github.com/vinted/dataverse-vintedgo-dbt/pull/2643,5767,2024-10,2024,10,Q4 2024,True,False,False
2644,chore: fix spelling in looker_config.yml for vgo_general,dataverse-vintedgo-dbt,vinted/dataverse-vintedgo-dbt,merged,jeremychia,2024-10-18 16:36:45+00:00,2024-10-21 09:13:39+00:00,2024-10-21 09:11:56+00:00,3,vgo_general,1,2,https://github.com/vinted/dataverse-vintedgo-dbt/pull/2644,5917,2024-10,2024,10,Q4 2024,True,False,False
2645,chore: amend pull request template for schema conformity,dataverse-vintedgo-dbt,vinted/dataverse-vintedgo-dbt,merged,jeremychia,2024-10-18 16:40:49+00:00,2024-10-18 18:56:25+00:00,2024-10-18 18:56:24+00:00,0,docs,1,0,https://github.com/vinted/dataverse-vintedgo-dbt/pull/2645,5582,2024-10,2024,10,Q4 2024,True,False,False
36,fix: remove lee li lian from attendance,singapore-parliament-speeches-dbt,parleh-mate/singapore-parliament-speeches-dbt,merged,jeremychia,2024-10-20 18:14:26+00:00,2024-10-20 18:22:08+00:00,2024-10-20 18:22:06+00:00,0,,0,0,https://github.com/parleh-mate/singapore-parliament-speeches-dbt/pull/36,272,2024-10,2024,10,Q4 2024,True,False,False
2650,feat: clean country names for postnord-se (e.g. Sverige -> SE),dataverse-vintedgo-dbt,vinted/dataverse-vintedgo-dbt,merged,jeremychia,2024-10-21 11:06:27+00:00,2024-10-21 11:51:44+00:00,2024-10-21 11:50:09+00:00,3,vgo_finance,1,0,https://github.com/vinted/dataverse-vintedgo-dbt/pull/2650,8796,2024-10,2024,10,Q4 2024,True,False,False
2652,feat: copy tables from schemas `marts_snapshot` and `test_failures` to marts,dataverse-vintedgo-dbt,vinted/dataverse-vintedgo-dbt,merged,jeremychia,2024-10-21 12:10:07+00:00,2024-10-21 14:13:11+00:00,2024-10-21 14:10:01+00:00,2,vgo_finance,1,0,https://github.com/vinted/dataverse-vintedgo-dbt/pull/2652,6459,2024-10,2024,10,Q4 2024,True,False,False
2654,chore: move marts_snapshot and test_failures into marts schema,dataverse-vintedgo-dbt,vinted/dataverse-vintedgo-dbt,merged,jeremychia,2024-10-21 12:29:12+00:00,2024-10-21 14:33:36+00:00,2024-10-21 14:32:05+00:00,3,"vgo_finance, DAGs",2,0,https://github.com/vinted/dataverse-vintedgo-dbt/pull/2654,6563,2024-10,2024,10,Q4 2024,True,False,False
2655,chore: expose new marts with new schema to lookml generator,dataverse-vintedgo-dbt,vinted/dataverse-vintedgo-dbt,merged,jeremychia,2024-10-21 12:48:08+00:00,2024-10-21 15:51:14+00:00,2024-10-21 15:49:33+00:00,3,vgo_finance,1,0,https://github.com/vinted/dataverse-vintedgo-dbt/pull/2655,6742,2024-10,2024,10,Q4 2024,True,False,False
914,feat: relabel is_d2c_compensation_payout and change type,dataverse-vintedgo-looker,vinted/dataverse-vintedgo-looker,merged,jeremychia,2024-10-21 15:37:35+00:00,2024-10-22 08:23:45+00:00,2024-10-22 08:23:42+00:00,0,"views, vgo_finance, vgo_d2c",3,0,https://github.com/vinted/dataverse-vintedgo-looker/pull/914,92,2024-10,2024,10,Q4 2024,True,False,False
2663,feat: add measures to d2c compensation payouts,dataverse-vintedgo-dbt,vinted/dataverse-vintedgo-dbt,merged,jeremychia,2024-10-21 16:03:12+00:00,2024-10-22 08:23:59+00:00,2024-10-22 08:22:33+00:00,3,vgo_finance,1,0,https://github.com/vinted/dataverse-vintedgo-dbt/pull/2663,4894,2024-10,2024,10,Q4 2024,True,False,False
921,chore: make changes to lookml dashboards for dashboards affected by marts snapshot and test failure models,dataverse-vintedgo-looker,vinted/dataverse-vintedgo-looker,merged,jeremychia,2024-10-22 09:21:05+00:00,2024-10-22 11:16:26+00:00,2024-10-22 11:16:23+00:00,0,"views, vgo_finance",2,0,https://github.com/vinted/dataverse-vintedgo-looker/pull/921,1992,2024-10,2024,10,Q4 2024,True,False,False
922,chore: remove explores for test_failures,dataverse-vintedgo-looker,vinted/dataverse-vintedgo-looker,merged,jeremychia,2024-10-22 09:26:32+00:00,2024-10-25 09:12:40+00:00,2024-10-25 09:12:38+00:00,1,"views, vgo_finance, models",3,2,https://github.com/vinted/dataverse-vintedgo-looker/pull/922,1883,2024-10,2024,10,Q4 2024,True,False,False
2667,chore: drop marts_snapshot and test_failures,dataverse-vintedgo-dbt,vinted/dataverse-vintedgo-dbt,merged,jeremychia,2024-10-22 09:33:16+00:00,2024-10-28 08:14:33+00:00,2024-10-28 08:13:02+00:00,3,vgo_finance,1,5,https://github.com/vinted/dataverse-vintedgo-dbt/pull/2667,6744,2024-10,2024,10,Q4 2024,True,False,False
4064,fix: measures & dimensions to have different names (mrt_vendor_invoice_lines / HEX),dataverse-marketplace-dbt,vinted/dataverse-marketplace-dbt,closed,jeremychia,2024-10-22 12:50:26+00:00,2024-10-28 14:02:19+00:00,2024-10-28 14:02:19+00:00,2,help_experience,1,6,https://github.com/vinted/dataverse-marketplace-dbt/pull/4064,6846,2024-10,2024,10,Q4 2024,False,True,False
2673,feat: no billing costs for revenue recognition on or after 2024,dataverse-vintedgo-dbt,vinted/dataverse-vintedgo-dbt,merged,jeremychia,2024-10-22 13:10:24+00:00,2024-10-22 13:54:15+00:00,2024-10-22 13:52:31+00:00,3,"vgo_finance, docs",2,0,https://github.com/vinted/dataverse-vintedgo-dbt/pull/2673,5144,2024-10,2024,10,Q4 2024,True,False,False
2677,feat: test for non-null carrier codes in carrier_legs_prep,dataverse-vintedgo-dbt,vinted/dataverse-vintedgo-dbt,merged,jeremychia,2024-10-22 16:50:45+00:00,2024-10-24 06:50:02+00:00,2024-10-24 06:48:40+00:00,4,"vgo_general, vgo_finance",2,1,https://github.com/vinted/dataverse-vintedgo-dbt/pull/2677,6833,2024-10,2024,10,Q4 2024,True,False,False
2681,feat: no expected carrier costs for VINTEDGO-SHOP-FR from 2024 and beyond,dataverse-vintedgo-dbt,vinted/dataverse-vintedgo-dbt,merged,jeremychia,2024-10-23 09:09:34+00:00,2024-10-23 11:50:28+00:00,2024-10-23 11:49:01+00:00,3,"vgo_finance, docs",2,0,https://github.com/vinted/dataverse-vintedgo-dbt/pull/2681,5096,2024-10,2024,10,Q4 2024,True,False,False
2688,feat: hide is_credit_invoice in mart_retail_invoice_lines,dataverse-vintedgo-dbt,vinted/dataverse-vintedgo-dbt,merged,jeremychia,2024-10-23 13:47:48+00:00,2024-10-23 14:18:35+00:00,2024-10-23 14:17:12+00:00,3,vgo_d2c,1,0,https://github.com/vinted/dataverse-vintedgo-dbt/pull/2688,5190,2024-10,2024,10,Q4 2024,True,False,False
2700,feat: add invoice join key to customer invoices table,dataverse-vintedgo-dbt,vinted/dataverse-vintedgo-dbt,merged,jeremychia,2024-10-24 11:55:28+00:00,2024-10-24 14:46:50+00:00,2024-10-24 14:45:25+00:00,2,vgo_finance,1,0,https://github.com/vinted/dataverse-vintedgo-dbt/pull/2700,5016,2024-10,2024,10,Q4 2024,True,False,False
2704,feat: copy table mart historic carrier contract prices and expose information to looker,dataverse-vintedgo-dbt,vinted/dataverse-vintedgo-dbt,merged,jeremychia,2024-10-24 14:22:43+00:00,2024-10-25 06:45:24+00:00,2024-10-25 06:43:43+00:00,2,"vgo_finance, docs",2,0,https://github.com/vinted/dataverse-vintedgo-dbt/pull/2704,5919,2024-10,2024,10,Q4 2024,True,False,False
15598,[DO NOT MERGE] chore: to reimport FinRevenueCostsImportBigQuery,warehouse-jobs,vinted/warehouse-jobs,closed,jeremychia,2024-10-24 14:47:58+00:00,2024-10-24 15:16:18+00:00,2024-10-24 15:14:44+00:00,2,do not merge,1,0,https://github.com/vinted/warehouse-jobs/pull/15598,53,2024-10,2024,10,Q4 2024,False,True,False
4140,fix: include timestamp for required_partition_filter (prep_member_lifecycle_milestone_dates),dataverse-marketplace-dbt,vinted/dataverse-marketplace-dbt,merged,jeremychia,2024-10-25 06:24:48+00:00,2024-10-25 07:39:20+00:00,2024-10-25 07:37:48+00:00,2,member_lifecycle,1,0,https://github.com/vinted/dataverse-marketplace-dbt/pull/4140,5402,2024-10,2024,10,Q4 2024,True,False,False
4143,chore: materialise prep_member_lifecycle_milestone_dates as table,dataverse-marketplace-dbt,vinted/dataverse-marketplace-dbt,closed,jeremychia,2024-10-25 08:51:08+00:00,2024-10-25 12:17:31+00:00,2024-10-25 12:17:31+00:00,1,member_lifecycle,1,0,https://github.com/vinted/dataverse-marketplace-dbt/pull/4143,4598,2024-10,2024,10,Q4 2024,False,True,False
2718,fix: schema mismatch (mart_historic_carrier_contract_prices),dataverse-vintedgo-dbt,vinted/dataverse-vintedgo-dbt,merged,jeremychia,2024-10-25 08:56:58+00:00,2024-10-25 09:25:38+00:00,2024-10-25 09:24:00+00:00,2,vgo_finance,1,0,https://github.com/vinted/dataverse-vintedgo-dbt/pull/2718,5501,2024-10,2024,10,Q4 2024,True,False,False
2724,feat: set VINTEDGO-SHOP-FR's expected cost to 0,dataverse-vintedgo-dbt,vinted/dataverse-vintedgo-dbt,merged,jeremychia,2024-10-25 12:17:11+00:00,2024-10-25 12:32:58+00:00,2024-10-25 12:31:26+00:00,2,vgo_finance,1,0,https://github.com/vinted/dataverse-vintedgo-dbt/pull/2724,4888,2024-10,2024,10,Q4 2024,True,False,False
2729,feat: use montant_ttc for la poste invoice amounts,dataverse-vintedgo-dbt,vinted/dataverse-vintedgo-dbt,merged,jeremychia,2024-10-28 12:43:46+00:00,2024-10-29 14:31:29+00:00,2024-10-29 14:29:50+00:00,2,vgo_finance,1,1,https://github.com/vinted/dataverse-vintedgo-dbt/pull/2729,5269,2024-10,2024,10,Q4 2024,True,False,False
4190,chore: deprecate currency_conversions_long_format,dataverse-marketplace-dbt,vinted/dataverse-marketplace-dbt,merged,jeremychia,2024-10-28 13:42:51+00:00,2024-10-28 15:33:53+00:00,2024-10-28 15:32:18+00:00,2,finance,1,0,https://github.com/vinted/dataverse-marketplace-dbt/pull/4190,4699,2024-10,2024,10,Q4 2024,True,False,False
4196,chore: drop tables/views/external tables for google sheets currency conversion source,dataverse-marketplace-dbt,vinted/dataverse-marketplace-dbt,merged,jeremychia,2024-10-28 14:48:43+00:00,2024-10-28 15:42:31+00:00,2024-10-28 15:41:03+00:00,2,finance,1,0,https://github.com/vinted/dataverse-marketplace-dbt/pull/4196,4527,2024-10,2024,10,Q4 2024,True,False,False
2736,fix: update macro schema to marts for mart historics,dataverse-vintedgo-dbt,vinted/dataverse-vintedgo-dbt,merged,jeremychia,2024-10-29 06:45:13+00:00,2024-10-29 07:16:19+00:00,2024-10-29 07:14:52+00:00,2,vgo_finance,1,0,https://github.com/vinted/dataverse-vintedgo-dbt/pull/2736,4858,2024-10,2024,10,Q4 2024,True,False,False
4209,fix: add partition elimination condition for MLC iceberg event references,dataverse-marketplace-dbt,vinted/dataverse-marketplace-dbt,merged,jeremychia,2024-10-29 07:09:03+00:00,2024-10-29 08:01:28+00:00,2024-10-29 07:59:54+00:00,2,member_lifecycle,1,0,https://github.com/vinted/dataverse-marketplace-dbt/pull/4209,4985,2024-10,2024,10,Q4 2024,True,False,False
2739,feat: adding carrier code shipment level to price list joins dashboard,dataverse-vintedgo-dbt,vinted/dataverse-vintedgo-dbt,merged,jeremychia,2024-10-29 12:27:49+00:00,2024-10-29 14:22:44+00:00,2024-10-29 14:21:13+00:00,2,vgo_finance,1,0,https://github.com/vinted/dataverse-vintedgo-dbt/pull/2739,4805,2024-10,2024,10,Q4 2024,True,False,False
75,feat: add day_of_week as default date timeframe,dataverse-lookml-generator,vinted/dataverse-lookml-generator,merged,jeremychia,2024-10-29 12:38:23+00:00,2024-10-29 13:15:36+00:00,2024-10-29 13:15:36+00:00,1,,0,0,https://github.com/vinted/dataverse-lookml-generator/pull/75,454,2024-10,2024,10,Q4 2024,True,False,False
2744,"fix: ""{{ env_var('GIT_BRANCH_SHA', 'not_used') }}"" in dbt_docs and docs project",dataverse-vintedgo-dbt,vinted/dataverse-vintedgo-dbt,merged,jeremychia,2024-10-29 14:52:52+00:00,2024-10-29 15:05:50+00:00,2024-10-29 15:05:49+00:00,0,docs,1,0,https://github.com/vinted/dataverse-vintedgo-dbt/pull/2744,4658,2024-10,2024,10,Q4 2024,True,False,False
2745,feat: remove dv checkpoint deps,dataverse-vintedgo-dbt,vinted/dataverse-vintedgo-dbt,merged,jeremychia,2024-10-29 15:14:08+00:00,2024-10-29 16:26:48+00:00,2024-10-29 16:24:50+00:00,10,"vgo_general, vgo_carrier, vgo_overflow_detector, vgo_d2c, vgo_hvf, vgo_recommender",6,0,https://github.com/vinted/dataverse-vintedgo-dbt/pull/2745,5378,2024-10,2024,10,Q4 2024,True,False,False
2747,feat: add comparison for materiality of variance between expected and historical actual costs,dataverse-vintedgo-dbt,vinted/dataverse-vintedgo-dbt,merged,jeremychia,2024-10-29 15:43:42+00:00,2024-10-30 09:17:44+00:00,2024-10-30 09:16:21+00:00,2,"vgo_finance, docs",2,0,https://github.com/vinted/dataverse-vintedgo-dbt/pull/2747,4947,2024-10,2024,10,Q4 2024,True,False,False
2748,feat: add GLS-AT to compensation carrier codes mapping,dataverse-vintedgo-dbt,vinted/dataverse-vintedgo-dbt,merged,jeremychia,2024-10-30 07:12:14+00:00,2024-10-30 08:56:08+00:00,2024-10-30 08:49:44+00:00,2,vgo_finance,1,0,https://github.com/vinted/dataverse-vintedgo-dbt/pull/2748,4707,2024-10,2024,10,Q4 2024,True,False,False
2751,docs: add group labels to fields in dim_carrier_contract_prices,dataverse-vintedgo-dbt,vinted/dataverse-vintedgo-dbt,merged,jeremychia,2024-10-30 08:31:31+00:00,2024-10-30 12:29:42+00:00,2024-10-30 12:28:08+00:00,2,vgo_finance,1,0,https://github.com/vinted/dataverse-vintedgo-dbt/pull/2751,4573,2024-10,2024,10,Q4 2024,True,False,False
966,feat: adjustments to price list dashboard,dataverse-vintedgo-looker,vinted/dataverse-vintedgo-looker,merged,jeremychia,2024-10-30 10:06:56+00:00,2024-10-30 12:21:47+00:00,2024-10-30 12:21:45+00:00,0,"views, vgo_finance",2,0,https://github.com/vinted/dataverse-vintedgo-looker/pull/966,552,2024-10,2024,10,Q4 2024,True,False,False
2755,chore: remove models config from dbt_project.yml,dataverse-vintedgo-dbt,vinted/dataverse-vintedgo-dbt,merged,jeremychia,2024-10-30 12:40:52+00:00,2024-10-30 13:18:50+00:00,2024-10-30 13:17:11+00:00,2,vgo_finance,1,0,https://github.com/vinted/dataverse-vintedgo-dbt/pull/2755,4704,2024-10,2024,10,Q4 2024,True,False,False
2756,chore: rename custom multi-column measures in `agg_expected_vs_actual_costs_by_carriers_price_list_join_key`,dataverse-vintedgo-dbt,vinted/dataverse-vintedgo-dbt,merged,jeremychia,2024-10-30 12:48:42+00:00,2024-10-30 13:08:46+00:00,2024-10-30 13:07:10+00:00,2,vgo_finance,1,0,https://github.com/vinted/dataverse-vintedgo-dbt/pull/2756,5504,2024-10,2024,10,Q4 2024,True,False,False
972,feat: further amendments to price list dashboard,dataverse-vintedgo-looker,vinted/dataverse-vintedgo-looker,merged,jeremychia,2024-10-30 13:04:24+00:00,2024-10-30 13:29:58+00:00,2024-10-30 13:29:55+00:00,0,vgo_finance,1,0,https://github.com/vinted/dataverse-vintedgo-looker/pull/972,130,2024-10,2024,10,Q4 2024,True,False,False
2758,chore: update poetry lock for vgo_finance,dataverse-vintedgo-dbt,vinted/dataverse-vintedgo-dbt,merged,jeremychia,2024-10-30 13:23:07+00:00,2024-10-31 15:51:52+00:00,2024-10-31 15:50:04+00:00,2,vgo_finance,1,1,https://github.com/vinted/dataverse-vintedgo-dbt/pull/2758,4413,2024-10,2024,10,Q4 2024,True,False,False
2762,feat: source definition for royal mail,dataverse-vintedgo-dbt,vinted/dataverse-vintedgo-dbt,closed,jeremychia,2024-10-30 15:43:54+00:00,2024-11-07 13:12:08+00:00,2024-11-07 13:11:32+00:00,1,,0,7,https://github.com/vinted/dataverse-vintedgo-dbt/pull/2762,4654,2024-10,2024,10,Q4 2024,False,True,False
2774,feat: create prep shipping frequency mapping equivalent in vgo finance,dataverse-vintedgo-dbt,vinted/dataverse-vintedgo-dbt,merged,jeremychia,2024-10-31 13:32:15+00:00,2024-11-07 15:33:50+00:00,2024-11-07 15:32:19+00:00,2,"vgo_finance, docs",2,7,https://github.com/vinted/dataverse-vintedgo-dbt/pull/2774,6790,2024-10,2024,10,Q4 2024,True,False,False
2780,feat: only test for duplicate carrier contract prices if included in the specification calculation,dataverse-vintedgo-dbt,vinted/dataverse-vintedgo-dbt,merged,jeremychia,2024-11-04 09:27:55+00:00,2024-11-04 09:42:15+00:00,2024-11-04 09:40:43+00:00,2,vgo_finance,1,0,https://github.com/vinted/dataverse-vintedgo-dbt/pull/2780,4518,2024-11,2024,11,Q4 2024,True,False,False
2782,feat: expose shipment created at to customer invoices table,dataverse-vintedgo-dbt,vinted/dataverse-vintedgo-dbt,merged,jeremychia,2024-11-04 10:12:40+00:00,2024-11-04 13:06:46+00:00,2024-11-04 13:05:21+00:00,2,vgo_finance,1,0,https://github.com/vinted/dataverse-vintedgo-dbt/pull/2782,4522,2024-11,2024,11,Q4 2024,True,False,False
2784,feat: retake snapshot for historic mart to take on 2024 11 04,dataverse-vintedgo-dbt,vinted/dataverse-vintedgo-dbt,merged,jeremychia,2024-11-04 11:52:17+00:00,2024-11-04 13:20:31+00:00,2024-11-04 13:18:57+00:00,2,vgo_finance,1,0,https://github.com/vinted/dataverse-vintedgo-dbt/pull/2784,5741,2024-11,2024,11,Q4 2024,True,False,False
1000,feat: add carrier code names to filter,dataverse-vintedgo-looker,vinted/dataverse-vintedgo-looker,merged,jeremychia,2024-11-04 12:28:01+00:00,2024-11-04 13:02:49+00:00,2024-11-04 13:02:47+00:00,0,vgo_finance,1,0,https://github.com/vinted/dataverse-vintedgo-looker/pull/1000,347,2024-11,2024,11,Q4 2024,True,False,False
1004,feat: add carrier code shipment level to price list joins dashboard,dataverse-vintedgo-looker,vinted/dataverse-vintedgo-looker,merged,jeremychia,2024-11-04 14:25:43+00:00,2024-11-04 15:14:08+00:00,2024-11-04 15:14:05+00:00,0,vgo_finance,1,0,https://github.com/vinted/dataverse-vintedgo-looker/pull/1004,153,2024-11,2024,11,Q4 2024,True,False,False
1005,feat: add comparison of historical costs to price list joins dashboard using merged data,dataverse-vintedgo-looker,vinted/dataverse-vintedgo-looker,merged,jeremychia,2024-11-04 15:07:09+00:00,2024-11-04 15:57:15+00:00,2024-11-04 15:57:12+00:00,0,vgo_finance,1,0,https://github.com/vinted/dataverse-vintedgo-looker/pull/1005,238,2024-11,2024,11,Q4 2024,True,False,False
2788,refactor: aggregate by month and not date for `agg_expected_vs_actual_costs_by_carriers_price_list_join_key`,dataverse-vintedgo-dbt,vinted/dataverse-vintedgo-dbt,merged,jeremychia,2024-11-04 15:15:10+00:00,2024-11-04 15:50:46+00:00,2024-11-04 15:49:02+00:00,2,vgo_finance,1,0,https://github.com/vinted/dataverse-vintedgo-dbt/pull/2788,4337,2024-11,2024,11,Q4 2024,True,False,False
2789,feat: add dimensions to check if there are newer contract carrier prices,dataverse-vintedgo-dbt,vinted/dataverse-vintedgo-dbt,merged,jeremychia,2024-11-04 15:26:55+00:00,2024-11-04 15:43:10+00:00,2024-11-04 15:41:37+00:00,2,"vgo_finance, docs",2,0,https://github.com/vinted/dataverse-vintedgo-dbt/pull/2789,5381,2024-11,2024,11,Q4 2024,True,False,False
1580,fix: lower vgo-fin quota to 'S' from 'M',terraform-dataverse,vinted/terraform-dataverse,merged,jeremychia,2024-11-05 10:28:32+00:00,2024-11-05 10:35:47+00:00,2024-11-05 10:35:46+00:00,2,,0,0,https://github.com/vinted/terraform-dataverse/pull/1580,209,2024-11,2024,11,Q4 2024,True,False,False
2792,feat: add service provider legal name,dataverse-vintedgo-dbt,vinted/dataverse-vintedgo-dbt,merged,jeremychia,2024-11-05 11:44:35+00:00,2024-11-05 12:01:00+00:00,2024-11-05 11:59:22+00:00,2,"vgo_finance, docs",2,0,https://github.com/vinted/dataverse-vintedgo-dbt/pull/2792,4865,2024-11,2024,11,Q4 2024,True,False,False
2799,fix: schema mismatch `dv-vgo-fin`,dataverse-vintedgo-dbt,vinted/dataverse-vintedgo-dbt,merged,jeremychia,2024-11-05 13:28:31+00:00,2024-11-05 14:46:41+00:00,2024-11-05 14:45:01+00:00,2,vgo_finance,1,0,https://github.com/vinted/dataverse-vintedgo-dbt/pull/2799,4580,2024-11,2024,11,Q4 2024,True,False,False
1023,feat: expiring price lists dashboard,dataverse-vintedgo-looker,vinted/dataverse-vintedgo-looker,merged,jeremychia,2024-11-05 14:26:34+00:00,2024-11-05 14:33:41+00:00,2024-11-05 14:33:39+00:00,0,"views, vgo_finance",2,0,https://github.com/vinted/dataverse-vintedgo-looker/pull/1023,436,2024-11,2024,11,Q4 2024,True,False,False
2801,feat: add sum of expected cost to the price list join test error results,dataverse-vintedgo-dbt,vinted/dataverse-vintedgo-dbt,merged,jeremychia,2024-11-05 15:35:49+00:00,2024-11-05 16:03:00+00:00,2024-11-05 16:01:22+00:00,2,vgo_finance,1,0,https://github.com/vinted/dataverse-vintedgo-dbt/pull/2801,5039,2024-11,2024,11,Q4 2024,True,False,False
2802,fix: only join on invoice series = 'RC' for d2c payouts,dataverse-vintedgo-dbt,vinted/dataverse-vintedgo-dbt,merged,jeremychia,2024-11-05 16:43:19+00:00,2024-11-05 16:58:00+00:00,2024-11-05 16:56:29+00:00,2,vgo_d2c,1,0,https://github.com/vinted/dataverse-vintedgo-dbt/pull/2802,4900,2024-11,2024,11,Q4 2024,True,False,False
4385,fix: typo in airvint config HEX,dataverse-marketplace-dbt,vinted/dataverse-marketplace-dbt,merged,jeremychia,2024-11-06 08:15:42+00:00,2024-11-06 08:36:49+00:00,2024-11-06 08:35:09+00:00,2,help_experience,1,0,https://github.com/vinted/dataverse-marketplace-dbt/pull/4385,4832,2024-11,2024,11,Q4 2024,True,False,False
2803,"feat: add ""Supplement domicile prive"" as a new cost for chronopost",dataverse-vintedgo-dbt,vinted/dataverse-vintedgo-dbt,merged,jeremychia,2024-11-06 09:05:14+00:00,2024-11-06 09:21:53+00:00,2024-11-06 09:20:09+00:00,2,vgo_finance,1,0,https://github.com/vinted/dataverse-vintedgo-dbt/pull/2803,5350,2024-11,2024,11,Q4 2024,True,False,False
4401,"feat: grants to vgo accounts for dim_colors, dim_sizes (buyer)",dataverse-marketplace-dbt,vinted/dataverse-marketplace-dbt,merged,jeremychia,2024-11-06 14:06:43+00:00,2024-11-06 14:35:26+00:00,2024-11-06 14:33:48+00:00,2,buyer,1,0,https://github.com/vinted/dataverse-marketplace-dbt/pull/4401,4747,2024-11,2024,11,Q4 2024,True,False,False
4405,fix: looker_exposures for trxp,dataverse-marketplace-dbt,vinted/dataverse-marketplace-dbt,merged,jeremychia,2024-11-06 14:59:27+00:00,2024-11-06 15:23:40+00:00,2024-11-06 15:21:52+00:00,2,transactional_experience,1,0,https://github.com/vinted/dataverse-marketplace-dbt/pull/4405,4484,2024-11,2024,11,Q4 2024,True,False,False
15661,DO NOT MERGE chore: to re-run LaPosteShippingReportBq,warehouse-jobs,vinted/warehouse-jobs,closed,jeremychia,2024-11-06 15:44:53+00:00,2024-11-06 21:14:48+00:00,2024-11-06 21:14:48+00:00,1,,0,0,https://github.com/vinted/warehouse-jobs/pull/15661,105,2024-11,2024,11,Q4 2024,False,True,False
2813,feat: expose price_list_matching_method to D2C information,dataverse-vintedgo-dbt,vinted/dataverse-vintedgo-dbt,merged,jeremychia,2024-11-07 09:33:54+00:00,2024-11-07 09:50:24+00:00,2024-11-07 09:48:38+00:00,2,vgo_finance,1,0,https://github.com/vinted/dataverse-vintedgo-dbt/pull/2813,4451,2024-11,2024,11,Q4 2024,True,False,False
2815,fix: expose total fields in test for price list joins,dataverse-vintedgo-dbt,vinted/dataverse-vintedgo-dbt,merged,jeremychia,2024-11-07 10:08:51+00:00,2024-11-07 15:45:06+00:00,2024-11-07 15:43:27+00:00,2,vgo_finance,1,0,https://github.com/vinted/dataverse-vintedgo-dbt/pull/2815,4510,2024-11,2024,11,Q4 2024,True,False,False
2818,feat: change SLA retries to 0 for all spaces (except vgo-carr),dataverse-vintedgo-dbt,vinted/dataverse-vintedgo-dbt,merged,jeremychia,2024-11-07 11:31:25+00:00,2024-11-07 11:51:09+00:00,2024-11-07 11:49:28+00:00,10,"vgo_general, vgo_finance, vgo_d2c, vgo_hvf, vgo_recommender, DAGs",6,0,https://github.com/vinted/dataverse-vintedgo-dbt/pull/2818,4447,2024-11,2024,11,Q4 2024,True,False,False
2821,fix: write snapshots back,dataverse-vintedgo-dbt,vinted/dataverse-vintedgo-dbt,merged,jeremychia,2024-11-07 12:06:56+00:00,2024-11-07 12:37:05+00:00,2024-11-07 12:30:26+00:00,2,vgo_finance,1,0,https://github.com/vinted/dataverse-vintedgo-dbt/pull/2821,84,2024-11,2024,11,Q4 2024,True,False,False
2822,fix: spelling for materialized,dataverse-vintedgo-dbt,vinted/dataverse-vintedgo-dbt,closed,jeremychia,2024-11-07 12:38:14+00:00,2024-11-07 12:41:44+00:00,2024-11-07 12:39:13+00:00,1,vgo_carrier,1,0,https://github.com/vinted/dataverse-vintedgo-dbt/pull/2822,63,2024-11,2024,11,Q4 2024,False,True,False
1584,fix: raise vgo-fin quota to 'M' from 'S',terraform-dataverse,vinted/terraform-dataverse,merged,jeremychia,2024-11-07 14:19:11+00:00,2024-11-07 16:56:28+00:00,2024-11-07 16:56:27+00:00,2,,0,0,https://github.com/vinted/terraform-dataverse/pull/1584,262,2024-11,2024,11,Q4 2024,True,False,False
2826,feat: create mapping logic as mart prep,dataverse-vintedgo-dbt,vinted/dataverse-vintedgo-dbt,merged,jeremychia,2024-11-07 15:19:47+00:00,2024-11-08 14:49:17+00:00,2024-11-08 14:47:42+00:00,2,"vgo_finance, docs",2,0,https://github.com/vinted/dataverse-vintedgo-dbt/pull/2826,5073,2024-11,2024,11,Q4 2024,True,False,False
1585,fix: lower vgo-fin quota to 'S' from 'M',terraform-dataverse,vinted/terraform-dataverse,merged,jeremychia,2024-11-08 07:48:05+00:00,2024-11-08 15:37:14+00:00,2024-11-08 15:37:13+00:00,2,,0,0,https://github.com/vinted/terraform-dataverse/pull/1585,97,2024-11,2024,11,Q4 2024,True,False,False
2702,Grant access to finance teams for GitHub repositories,terraform-github,vinted/terraform-github,merged,jeremychia,2024-11-08 14:39:21+00:00,2024-11-11 07:48:01+00:00,2024-11-11 07:47:57+00:00,8,,0,2,https://github.com/vinted/terraform-github/pull/2702,602,2024-11,2024,11,Q4 2024,True,False,False
19,feat: set up project structure for VGoFin teams to contribute,dataverse-vintedgo-finance,vinted/dataverse-vintedgo-finance,merged,jeremychia,2024-11-08 14:49:44+00:00,2024-11-11 09:32:38+00:00,2024-11-11 09:32:37+00:00,0,,0,2,https://github.com/vinted/dataverse-vintedgo-finance/pull/19,776,2024-11,2024,11,Q4 2024,True,False,False
2840,fix: is d2c compensation flag should be no for cases where the net effect is 0,dataverse-vintedgo-dbt,vinted/dataverse-vintedgo-dbt,merged,jeremychia,2024-11-08 16:11:23+00:00,2024-11-11 11:08:40+00:00,2024-11-11 11:07:15+00:00,2,vgo_finance,1,2,https://github.com/vinted/dataverse-vintedgo-dbt/pull/2840,7060,2024-11,2024,11,Q4 2024,True,False,False
2841,chore: change tags to specification modelling for agg_invoice_file_upload_summary,dataverse-vintedgo-dbt,vinted/dataverse-vintedgo-dbt,merged,jeremychia,2024-11-09 08:42:06+00:00,2024-11-11 06:45:00+00:00,2024-11-11 06:43:22+00:00,2,vgo_finance,1,1,https://github.com/vinted/dataverse-vintedgo-dbt/pull/2841,4655,2024-11,2024,11,Q4 2024,True,False,False
4487,feat: send alerts to member-lifecycle-migration channel,dataverse-marketplace-dbt,vinted/dataverse-marketplace-dbt,merged,jeremychia,2024-11-09 13:52:54+00:00,2024-11-11 08:56:55+00:00,2024-11-11 08:55:21+00:00,2,member_lifecycle,1,1,https://github.com/vinted/dataverse-marketplace-dbt/pull/4487,404,2024-11,2024,11,Q4 2024,True,False,False
2842,fix: increase bytes billed (vgo-recommender),dataverse-vintedgo-dbt,vinted/dataverse-vintedgo-dbt,merged,jeremychia,2024-11-10 09:14:40+00:00,2024-11-11 07:20:37+00:00,2024-11-11 07:18:43+00:00,2,vgo_recommender,1,0,https://github.com/vinted/dataverse-vintedgo-dbt/pull/2842,412,2024-11,2024,11,Q4 2024,True,False,False
2846,feat: revisions to mart d2c compensations,dataverse-vintedgo-dbt,vinted/dataverse-vintedgo-dbt,merged,jeremychia,2024-11-11 12:40:57+00:00,2024-11-11 14:08:35+00:00,2024-11-11 14:06:49+00:00,4,"vgo_finance, vgo_d2c",2,0,https://github.com/vinted/dataverse-vintedgo-dbt/pull/2846,5266,2024-11,2024,11,Q4 2024,True,False,False
2849,fix: schema mismatch for mart_d2c_compensation,dataverse-vintedgo-dbt,vinted/dataverse-vintedgo-dbt,merged,jeremychia,2024-11-11 14:27:17+00:00,2024-11-11 14:54:23+00:00,2024-11-11 14:53:02+00:00,2,vgo_finance,1,0,https://github.com/vinted/dataverse-vintedgo-dbt/pull/2849,4522,2024-11,2024,11,Q4 2024,True,False,False
2853,feat: join references for payout to fct_retail_payouts in financial actions,dataverse-vintedgo-dbt,vinted/dataverse-vintedgo-dbt,merged,jeremychia,2024-11-11 15:09:44+00:00,2024-11-12 12:59:39+00:00,2024-11-12 12:58:03+00:00,2,vgo_finance,1,0,https://github.com/vinted/dataverse-vintedgo-dbt/pull/2853,4560,2024-11,2024,11,Q4 2024,True,False,False
2862,fix: null join keys in contract carrier prices,dataverse-vintedgo-dbt,vinted/dataverse-vintedgo-dbt,merged,jeremychia,2024-11-12 12:46:16+00:00,2024-11-12 13:06:55+00:00,2024-11-12 13:04:52+00:00,3,vgo_finance,1,0,https://github.com/vinted/dataverse-vintedgo-dbt/pull/2862,4554,2024-11,2024,11,Q4 2024,True,False,False
21,feat: move scripts from google colab to airflow royal mail,dataverse-vintedgo-finance,vinted/dataverse-vintedgo-finance,merged,jeremychia,2024-11-12 19:21:13+00:00,2024-11-22 08:32:49+00:00,2024-11-20 19:27:16+00:00,1,,0,8,https://github.com/vinted/dataverse-vintedgo-finance/pull/21,764,2024-11,2024,11,Q4 2024,True,False,False
2883,chore: clean drop tables views which are not being used in dv-vgo-fin-prod,dataverse-vintedgo-dbt,vinted/dataverse-vintedgo-dbt,merged,jeremychia,2024-11-13 13:25:42+00:00,2024-11-13 14:01:07+00:00,2024-11-13 13:59:40+00:00,2,vgo_finance,1,0,https://github.com/vinted/dataverse-vintedgo-dbt/pull/2883,4772,2024-11,2024,11,Q4 2024,True,False,False
2895,refactor: materialise mart_shipment_legs_revenue_recognition as view,dataverse-vintedgo-dbt,vinted/dataverse-vintedgo-dbt,merged,jeremychia,2024-11-14 08:40:51+00:00,2024-11-14 09:11:36+00:00,2024-11-14 09:10:00+00:00,2,vgo_finance,1,0,https://github.com/vinted/dataverse-vintedgo-dbt/pull/2895,4639,2024-11,2024,11,Q4 2024,True,False,False
2923,feat: expose adjusted reporting fields to downstream tables,dataverse-vintedgo-dbt,vinted/dataverse-vintedgo-dbt,merged,jeremychia,2024-11-18 17:05:32+00:00,2024-11-19 09:06:38+00:00,2024-11-19 09:05:10+00:00,2,vgo_finance,1,0,https://github.com/vinted/dataverse-vintedgo-dbt/pull/2923,4805,2024-11,2024,11,Q4 2024,True,False,False
2927,feat: revisions to mart_d2c_compensations to add shipment-related information,dataverse-vintedgo-dbt,vinted/dataverse-vintedgo-dbt,merged,jeremychia,2024-11-19 12:53:49+00:00,2024-11-19 14:02:31+00:00,2024-11-19 14:01:02+00:00,2,vgo_finance,1,0,https://github.com/vinted/dataverse-vintedgo-dbt/pull/2927,4795,2024-11,2024,11,Q4 2024,True,False,False
2931,refactor: change source of no detail invoices,dataverse-vintedgo-dbt,vinted/dataverse-vintedgo-dbt,merged,jeremychia,2024-11-19 20:03:35+00:00,2024-11-22 12:38:43+00:00,2024-11-22 12:37:16+00:00,4,vgo_finance,1,2,https://github.com/vinted/dataverse-vintedgo-dbt/pull/2931,8510,2024-11,2024,11,Q4 2024,True,False,False
2943,fix: adjust condition to include in shipments in comparison if it appeared in the historical (VGOFIN-702),dataverse-vintedgo-dbt,vinted/dataverse-vintedgo-dbt,merged,jeremychia,2024-11-20 18:23:33+00:00,2024-11-21 07:16:27+00:00,2024-11-21 07:14:32+00:00,2,vgo_finance,1,0,https://github.com/vinted/dataverse-vintedgo-dbt/pull/2943,4806,2024-11,2024,11,Q4 2024,True,False,False
24,chore: downgrade pandas + python for compatability,dataverse-vintedgo-finance,vinted/dataverse-vintedgo-finance,merged,jeremychia,2024-11-20 19:51:42+00:00,2024-11-21 07:09:17+00:00,2024-11-21 07:07:42+00:00,1,,0,0,https://github.com/vinted/dataverse-vintedgo-finance/pull/24,3219,2024-11,2024,11,Q4 2024,True,False,False
25,chore: remove target declaration,dataverse-vintedgo-finance,vinted/dataverse-vintedgo-finance,merged,jeremychia,2024-11-21 07:30:51+00:00,2024-11-21 07:38:03+00:00,2024-11-21 07:36:13+00:00,1,,0,0,https://github.com/vinted/dataverse-vintedgo-finance/pull/25,142,2024-11,2024,11,Q4 2024,True,False,False
26,chore: remove default arg,dataverse-vintedgo-finance,vinted/dataverse-vintedgo-finance,merged,jeremychia,2024-11-21 07:50:53+00:00,2024-11-21 08:00:28+00:00,2024-11-21 07:58:34+00:00,1,,0,0,https://github.com/vinted/dataverse-vintedgo-finance/pull/26,0,2024-11,2024,11,Q4 2024,True,False,False
27,fix: check in main file,dataverse-vintedgo-finance,vinted/dataverse-vintedgo-finance,merged,jeremychia,2024-11-21 09:15:15+00:00,2024-11-21 09:47:29+00:00,2024-11-21 09:45:42+00:00,1,,0,0,https://github.com/vinted/dataverse-vintedgo-finance/pull/27,154,2024-11,2024,11,Q4 2024,True,False,False
28,fix: env variable was GOOGLE_CLOUD_PROJECT not GCP_PROJECT_ID,dataverse-vintedgo-finance,vinted/dataverse-vintedgo-finance,merged,jeremychia,2024-11-21 10:31:55+00:00,2024-11-21 11:38:22+00:00,2024-11-21 11:36:45+00:00,1,,0,0,https://github.com/vinted/dataverse-vintedgo-finance/pull/28,89,2024-11,2024,11,Q4 2024,True,False,False
15736,chore: deprecate unused on prem models,warehouse-jobs,vinted/warehouse-jobs,merged,jeremychia,2024-11-21 11:57:22+00:00,2024-11-21 15:36:14+00:00,2024-11-21 15:36:13+00:00,0,,0,0,https://github.com/vinted/warehouse-jobs/pull/15736,816,2024-11,2024,11,Q4 2024,True,False,False
3177,chore: remove looker explores for on prem jobs which are unused,lookml,vinted/lookml,merged,jeremychia,2024-11-21 12:29:50+00:00,2024-11-21 12:56:06+00:00,2024-11-21 12:56:04+00:00,0,,0,0,https://github.com/vinted/lookml/pull/3177,284,2024-11,2024,11,Q4 2024,True,False,False
29,chore: add back alerts,dataverse-vintedgo-finance,vinted/dataverse-vintedgo-finance,merged,jeremychia,2024-11-21 12:40:21+00:00,2024-11-21 12:56:57+00:00,2024-11-21 12:49:16+00:00,4,,0,0,https://github.com/vinted/dataverse-vintedgo-finance/pull/29,73,2024-11,2024,11,Q4 2024,True,False,False
30,chore: only tag @laura.snieckute in alerts for vgo_finance_royalmail_api_reconciliation_report,dataverse-vintedgo-finance,vinted/dataverse-vintedgo-finance,merged,jeremychia,2024-11-21 13:03:58+00:00,2024-11-21 13:09:33+00:00,2024-11-21 13:06:56+00:00,4,,0,0,https://github.com/vinted/dataverse-vintedgo-finance/pull/30,151,2024-11,2024,11,Q4 2024,True,False,False
2957,feat: set tests to check on the validity of values from review no detail file,dataverse-vintedgo-dbt,vinted/dataverse-vintedgo-dbt,merged,jeremychia,2024-11-21 14:44:13+00:00,2024-11-26 09:20:46+00:00,2024-11-26 09:18:51+00:00,2,vgo_finance,1,4,https://github.com/vinted/dataverse-vintedgo-dbt/pull/2957,4932,2024-11,2024,11,Q4 2024,True,False,False
31,feat: download reports from 15+30 days ago (royal mail),dataverse-vintedgo-finance,vinted/dataverse-vintedgo-finance,merged,jeremychia,2024-11-21 15:49:44+00:00,2024-11-25 15:38:06+00:00,2024-11-25 15:34:18+00:00,4,,0,3,https://github.com/vinted/dataverse-vintedgo-finance/pull/31,1760,2024-11,2024,11,Q4 2024,True,False,False
83,chore: add _hour as time suffix,dataverse-lookml-generator,vinted/dataverse-lookml-generator,merged,jeremychia,2024-11-21 16:18:01+00:00,2024-11-26 09:00:16+00:00,2024-11-26 09:00:16+00:00,2,do not merge,1,4,https://github.com/vinted/dataverse-lookml-generator/pull/83,90,2024-11,2024,11,Q4 2024,True,False,False
2966,fix: adjust tracking code issues for dpd-sk,dataverse-vintedgo-dbt,vinted/dataverse-vintedgo-dbt,merged,jeremychia,2024-11-22 12:07:52+00:00,2024-11-22 12:27:07+00:00,2024-11-22 12:25:38+00:00,2,vgo_finance,1,0,https://github.com/vinted/dataverse-vintedgo-dbt/pull/2966,4777,2024-11,2024,11,Q4 2024,True,False,False
2971,"fix: DAO-DK if there are no fuel surcharges, do not calculate nor append rows for fuel surcharge",dataverse-vintedgo-dbt,vinted/dataverse-vintedgo-dbt,merged,jeremychia,2024-11-22 15:26:55+00:00,2024-11-26 11:15:05+00:00,2024-11-26 11:13:24+00:00,2,vgo_finance,1,3,https://github.com/vinted/dataverse-vintedgo-dbt/pull/2971,4952,2024-11,2024,11,Q4 2024,True,False,False
2981,fix: retries config for vgo_fin & vgo_gen,dataverse-vintedgo-dbt,vinted/dataverse-vintedgo-dbt,merged,jeremychia,2024-11-26 09:56:11+00:00,2024-11-26 10:16:36+00:00,2024-11-26 10:15:01+00:00,4,"vgo_general, vgo_finance, DAGs",3,0,https://github.com/vinted/dataverse-vintedgo-dbt/pull/2981,4899,2024-11,2024,11,Q4 2024,True,False,False
2983,chore: drop unused tables (vgo_fin),dataverse-vintedgo-dbt,vinted/dataverse-vintedgo-dbt,merged,jeremychia,2024-11-26 11:41:57+00:00,2024-11-26 13:52:34+00:00,2024-11-26 13:50:55+00:00,2,vgo_finance,1,0,https://github.com/vinted/dataverse-vintedgo-dbt/pull/2983,4708,2024-11,2024,11,Q4 2024,True,False,False
1153,feat: sort price list unjoins by materiality,dataverse-vintedgo-looker,vinted/dataverse-vintedgo-looker,merged,jeremychia,2024-11-26 14:23:28+00:00,2024-11-26 14:36:49+00:00,2024-11-26 14:36:47+00:00,0,vgo_finance,1,0,https://github.com/vinted/dataverse-vintedgo-looker/pull/1153,306,2024-11,2024,11,Q4 2024,True,False,False
2996,feat: no details mapping,dataverse-vintedgo-dbt,vinted/dataverse-vintedgo-dbt,merged,jeremychia,2024-11-27 09:51:57+00:00,2024-11-27 15:17:09+00:00,2024-11-27 15:15:32+00:00,2,"vgo_finance, docs",2,0,https://github.com/vinted/dataverse-vintedgo-dbt/pull/2996,4908,2024-11,2024,11,Q4 2024,True,False,False
3009,feat: observability over last refresh times (vgo-fin),dataverse-vintedgo-dbt,vinted/dataverse-vintedgo-dbt,merged,jeremychia,2024-11-28 08:46:15+00:00,2024-11-28 13:22:15+00:00,2024-11-28 13:20:35+00:00,2,"vgo_finance, docs",2,0,https://github.com/vinted/dataverse-vintedgo-dbt/pull/3009,4842,2024-11,2024,11,Q4 2024,True,False,False
33,feat: price_list_google_sheet_to_parquet_dockerfile,dataverse-vintedgo-finance,vinted/dataverse-vintedgo-finance,merged,jeremychia,2024-11-28 13:15:09+00:00,2024-11-28 14:07:05+00:00,2024-11-28 14:05:28+00:00,1,,0,0,https://github.com/vinted/dataverse-vintedgo-finance/pull/33,357,2024-11,2024,11,Q4 2024,True,False,False
3018,feat: expose mart_model_last_modified_overview,dataverse-vintedgo-dbt,vinted/dataverse-vintedgo-dbt,merged,jeremychia,2024-11-28 14:05:49+00:00,2024-11-28 15:25:02+00:00,2024-11-28 15:23:28+00:00,2,vgo_finance,1,0,https://github.com/vinted/dataverse-vintedgo-dbt/pull/3018,4446,2024-11,2024,11,Q4 2024,True,False,False
34,fix: spelling error in type hint,dataverse-vintedgo-finance,vinted/dataverse-vintedgo-finance,merged,jeremychia,2024-11-28 14:11:21+00:00,2024-11-28 14:15:46+00:00,2024-11-28 14:14:24+00:00,1,,0,0,https://github.com/vinted/dataverse-vintedgo-finance/pull/34,0,2024-11,2024,11,Q4 2024,True,False,False
35,fix: add secrets json,dataverse-vintedgo-finance,vinted/dataverse-vintedgo-finance,merged,jeremychia,2024-11-28 14:27:50+00:00,2024-11-28 14:37:57+00:00,2024-11-28 14:36:19+00:00,1,,0,0,https://github.com/vinted/dataverse-vintedgo-finance/pull/35,527,2024-11,2024,11,Q4 2024,True,False,False
36,fix: airvint config id,dataverse-vintedgo-finance,vinted/dataverse-vintedgo-finance,merged,jeremychia,2024-11-28 17:00:24+00:00,2024-11-29 10:17:56+00:00,2024-11-29 10:05:52+00:00,6,,0,0,https://github.com/vinted/dataverse-vintedgo-finance/pull/36,0,2024-11,2024,11,Q4 2024,True,False,False
3032,"feat: adjustments to mart_d2c_compensations (new columns,  adjust sign convention)",dataverse-vintedgo-dbt,vinted/dataverse-vintedgo-dbt,merged,jeremychia,2024-11-29 14:17:31+00:00,2024-11-29 14:37:12+00:00,2024-11-29 14:35:43+00:00,4,"vgo_finance, vgo_d2c",2,0,https://github.com/vinted/dataverse-vintedgo-dbt/pull/3032,4742,2024-11,2024,11,Q4 2024,True,False,False
3033,fix: schema mismatch (mart_retail_orders),dataverse-vintedgo-dbt,vinted/dataverse-vintedgo-dbt,merged,jeremychia,2024-11-29 15:05:41+00:00,2024-11-29 15:38:07+00:00,2024-11-29 15:36:44+00:00,2,vgo_d2c,1,0,https://github.com/vinted/dataverse-vintedgo-dbt/pull/3033,5113,2024-11,2024,11,Q4 2024,True,False,False
3035,fix: schema mismatch (mart_shipment_legs_revenue_recognition),dataverse-vintedgo-dbt,vinted/dataverse-vintedgo-dbt,merged,jeremychia,2024-11-29 15:28:51+00:00,2024-11-29 16:01:11+00:00,2024-11-29 15:59:39+00:00,2,vgo_finance,1,0,https://github.com/vinted/dataverse-vintedgo-dbt/pull/3035,5379,2024-11,2024,11,Q4 2024,True,False,False
38,fix: new schema (dashboards),singapore-parliament-speeches-dbt,parleh-mate/singapore-parliament-speeches-dbt,merged,jeremychia,2024-11-30 12:06:43+00:00,2024-11-30 12:07:30+00:00,2024-11-30 12:07:29+00:00,1,,0,0,https://github.com/parleh-mate/singapore-parliament-speeches-dbt/pull/38,181,2024-11,2024,11,Q4 2024,True,False,False
39,chore: sqlfmt linting,singapore-parliament-speeches-dbt,parleh-mate/singapore-parliament-speeches-dbt,merged,jeremychia,2024-11-30 12:08:36+00:00,2024-11-30 12:14:26+00:00,2024-11-30 12:14:25+00:00,0,,0,0,https://github.com/parleh-mate/singapore-parliament-speeches-dbt/pull/39,308,2024-11,2024,11,Q4 2024,True,False,False
3037,fix: mart_model_last_modified_overview,dataverse-vintedgo-dbt,vinted/dataverse-vintedgo-dbt,merged,jeremychia,2024-12-02 08:36:15+00:00,2024-12-02 08:50:28+00:00,2024-12-02 08:48:54+00:00,2,vgo_finance,1,0,https://github.com/vinted/dataverse-vintedgo-dbt/pull/3037,5324,2024-12,2024,12,Q4 2024,True,False,False
1205,feat: observability over last refresh times looker dashboard,dataverse-vintedgo-looker,vinted/dataverse-vintedgo-looker,merged,jeremychia,2024-12-02 11:01:00+00:00,2024-12-02 13:46:03+00:00,2024-12-02 13:46:01+00:00,0,vgo_finance,1,0,https://github.com/vinted/dataverse-vintedgo-looker/pull/1205,280,2024-12,2024,12,Q4 2024,True,False,False
3040,feat: add freshness tests for checkout reports,dataverse-vintedgo-dbt,vinted/dataverse-vintedgo-dbt,merged,jeremychia,2024-12-02 11:08:51+00:00,2024-12-02 13:48:46+00:00,2024-12-02 13:47:07+00:00,2,vgo_finance,1,0,https://github.com/vinted/dataverse-vintedgo-dbt/pull/3040,4631,2024-12,2024,12,Q4 2024,True,False,False
15811,DO NOT MERGE chore: rerun FinRevenueCostsImportBigQuery and downstream dependencies,warehouse-jobs,vinted/warehouse-jobs,closed,jeremychia,2024-12-02 11:22:28+00:00,2024-12-02 12:59:50+00:00,2024-12-02 12:59:50+00:00,1,do not merge,1,0,https://github.com/vinted/warehouse-jobs/pull/15811,263,2024-12,2024,12,Q4 2024,False,True,False
3047,fix: HOTFIX raise threshold for error in uniqueness for `mart_shipment_legs_invoice_cost_and_revenue`,dataverse-vintedgo-dbt,vinted/dataverse-vintedgo-dbt,merged,jeremychia,2024-12-03 07:17:02+00:00,2024-12-03 07:38:53+00:00,2024-12-03 07:37:04+00:00,3,vgo_finance,1,0,https://github.com/vinted/dataverse-vintedgo-dbt/pull/3047,5230,2024-12,2024,12,Q4 2024,True,False,False
3052,fix: type cast for source freshness,dataverse-vintedgo-dbt,vinted/dataverse-vintedgo-dbt,merged,jeremychia,2024-12-03 09:51:41+00:00,2024-12-03 10:16:16+00:00,2024-12-03 10:14:42+00:00,2,vgo_finance,1,0,https://github.com/vinted/dataverse-vintedgo-dbt/pull/3052,4462,2024-12,2024,12,Q4 2024,True,False,False
3056,feat: adding `expected_carrier_cost_eur_backend_weight` to `mart_d2c_invoice_cost_and_revenue`,dataverse-vintedgo-dbt,vinted/dataverse-vintedgo-dbt,merged,jeremychia,2024-12-03 12:03:08+00:00,2024-12-03 13:06:33+00:00,2024-12-03 13:04:59+00:00,2,vgo_finance,1,0,https://github.com/vinted/dataverse-vintedgo-dbt/pull/3056,4509,2024-12,2024,12,Q4 2024,True,False,False
3066,feat: include evs legs information,dataverse-vintedgo-dbt,vinted/dataverse-vintedgo-dbt,merged,jeremychia,2024-12-03 16:58:18+00:00,2024-12-05 11:59:28+00:00,2024-12-05 11:57:48+00:00,3,"vgo_finance, docs",2,1,https://github.com/vinted/dataverse-vintedgo-dbt/pull/3066,5232,2024-12,2024,12,Q4 2024,True,False,False
37,chore: download checkout reports earlier,dataverse-vintedgo-finance,vinted/dataverse-vintedgo-finance,merged,jeremychia,2024-12-04 08:55:07+00:00,2024-12-04 09:18:40+00:00,2024-12-04 09:12:10+00:00,5,,0,0,https://github.com/vinted/dataverse-vintedgo-finance/pull/37,325,2024-12,2024,12,Q4 2024,True,False,False
3067,chore: add accepted values (invoice_cost_description) to stg_carrier_invoices__dpd_de,dataverse-vintedgo-dbt,vinted/dataverse-vintedgo-dbt,merged,jeremychia,2024-12-04 09:05:57+00:00,2024-12-04 09:21:44+00:00,2024-12-04 09:20:05+00:00,2,vgo_finance,1,0,https://github.com/vinted/dataverse-vintedgo-dbt/pull/3067,5335,2024-12,2024,12,Q4 2024,True,False,False
3076,feat: model for price list changes,dataverse-vintedgo-dbt,vinted/dataverse-vintedgo-dbt,merged,jeremychia,2024-12-04 15:48:43+00:00,2024-12-05 10:43:24+00:00,2024-12-05 10:41:41+00:00,2,vgo_finance,1,0,https://github.com/vinted/dataverse-vintedgo-dbt/pull/3076,5209,2024-12,2024,12,Q4 2024,True,False,False
3077,chore: change filter for warn-type tests,dataverse-vintedgo-dbt,vinted/dataverse-vintedgo-dbt,merged,jeremychia,2024-12-04 16:06:31+00:00,2024-12-04 16:30:39+00:00,2024-12-04 16:29:03+00:00,2,vgo_general,1,0,https://github.com/vinted/dataverse-vintedgo-dbt/pull/3077,4504,2024-12,2024,12,Q4 2024,True,False,False
3078,chore: adjust freshness,dataverse-vintedgo-dbt,vinted/dataverse-vintedgo-dbt,merged,jeremychia,2024-12-05 06:47:05+00:00,2024-12-05 08:28:46+00:00,2024-12-05 08:27:13+00:00,2,vgo_finance,1,0,https://github.com/vinted/dataverse-vintedgo-dbt/pull/3078,4631,2024-12,2024,12,Q4 2024,True,False,False
3079,chore: remove mart_prep for price list joins (not being used),dataverse-vintedgo-dbt,vinted/dataverse-vintedgo-dbt,merged,jeremychia,2024-12-05 06:52:24+00:00,2024-12-05 08:22:16+00:00,2024-12-05 08:20:24+00:00,2,vgo_finance,1,0,https://github.com/vinted/dataverse-vintedgo-dbt/pull/3079,4471,2024-12,2024,12,Q4 2024,True,False,False
3080,chore: CHECK_UNIT_TEST_REQUIRED flag,dataverse-vintedgo-dbt,vinted/dataverse-vintedgo-dbt,merged,jeremychia,2024-12-05 09:04:05+00:00,2024-12-05 09:17:22+00:00,2024-12-05 09:17:21+00:00,0,,0,0,https://github.com/vinted/dataverse-vintedgo-dbt/pull/3080,75,2024-12,2024,12,Q4 2024,True,False,False
3083,feat: expose mart_carrier_contract_prices_changes to looker,dataverse-vintedgo-dbt,vinted/dataverse-vintedgo-dbt,merged,jeremychia,2024-12-05 11:17:34+00:00,2024-12-05 11:45:38+00:00,2024-12-05 11:44:01+00:00,2,vgo_finance,1,0,https://github.com/vinted/dataverse-vintedgo-dbt/pull/3083,87,2024-12,2024,12,Q4 2024,True,False,False
3085,fix: IDs in the price list,dataverse-vintedgo-dbt,vinted/dataverse-vintedgo-dbt,merged,jeremychia,2024-12-05 13:18:47+00:00,2024-12-05 13:53:35+00:00,2024-12-05 13:51:54+00:00,2,vgo_finance,1,0,https://github.com/vinted/dataverse-vintedgo-dbt/pull/3085,5400,2024-12,2024,12,Q4 2024,True,False,False
1244,feat: price list changes dashboard,dataverse-vintedgo-looker,vinted/dataverse-vintedgo-looker,merged,jeremychia,2024-12-05 13:22:34+00:00,2024-12-05 13:35:10+00:00,2024-12-05 13:35:09+00:00,0,"views, vgo_finance",2,0,https://github.com/vinted/dataverse-vintedgo-looker/pull/1244,376,2024-12,2024,12,Q4 2024,True,False,False
3087,fix: add partitioning,dataverse-vintedgo-dbt,vinted/dataverse-vintedgo-dbt,merged,jeremychia,2024-12-05 14:01:12+00:00,2024-12-05 14:15:38+00:00,2024-12-05 14:13:49+00:00,2,vgo_finance,1,0,https://github.com/vinted/dataverse-vintedgo-dbt/pull/3087,31,2024-12,2024,12,Q4 2024,True,False,False
3090,feat: add hvf leg information to mart shipment legs invoice cost and revenue,dataverse-vintedgo-dbt,vinted/dataverse-vintedgo-dbt,merged,jeremychia,2024-12-05 15:22:02+00:00,2024-12-05 15:41:50+00:00,2024-12-05 15:40:17+00:00,2,vgo_finance,1,0,https://github.com/vinted/dataverse-vintedgo-dbt/pull/3090,6396,2024-12,2024,12,Q4 2024,True,False,False
3112,chore: adjustments to dim_reporting_route_mapping_by_month (`adjusted_` to `reporting_`),dataverse-vintedgo-dbt,vinted/dataverse-vintedgo-dbt,merged,jeremychia,2024-12-09 15:10:27+00:00,2024-12-10 11:59:48+00:00,2024-12-10 11:58:16+00:00,2,"vgo_finance, docs",2,0,https://github.com/vinted/dataverse-vintedgo-dbt/pull/3112,4728,2024-12,2024,12,Q4 2024,True,False,False
3114,feat: test that values exist in `carrier_name_mapping` and `existing_shipping_routes`,dataverse-vintedgo-dbt,vinted/dataverse-vintedgo-dbt,merged,jeremychia,2024-12-09 15:43:55+00:00,2024-12-10 11:52:30+00:00,2024-12-10 11:50:47+00:00,2,vgo_finance,1,0,https://github.com/vinted/dataverse-vintedgo-dbt/pull/3114,4791,2024-12,2024,12,Q4 2024,True,False,False
2938,feat: add members to vintedgo-ae,terraform-github,vinted/terraform-github,closed,jeremychia,2024-12-11 07:37:06+00:00,2025-04-01 07:47:38+00:00,2024-12-11 07:54:49+00:00,4,,0,0,https://github.com/vinted/terraform-github/pull/2938,189,2024-12,2024,12,Q4 2024,False,True,False
5773,feat: add members to `@vintedgo-ae`,service-catalog,vinted/service-catalog,merged,jeremychia,2024-12-11 07:44:28+00:00,2024-12-11 11:06:13+00:00,2024-12-11 11:06:11+00:00,3,,0,0,https://github.com/vinted/service-catalog/pull/5773,791,2024-12,2024,12,Q4 2024,True,False,False
3126,refactor: split specifications and compensations test alert into two separate DAGs,dataverse-vintedgo-dbt,vinted/dataverse-vintedgo-dbt,merged,jeremychia,2024-12-11 12:44:57+00:00,2024-12-11 13:16:38+00:00,2024-12-11 13:14:59+00:00,3,"vgo_finance, DAGs",2,0,https://github.com/vinted/dataverse-vintedgo-dbt/pull/3126,4681,2024-12,2024,12,Q4 2024,True,False,False
3128,fix: missing column names in mart_shipment_legs_revenue_recognition,dataverse-vintedgo-dbt,vinted/dataverse-vintedgo-dbt,merged,jeremychia,2024-12-11 13:23:34+00:00,2024-12-11 14:26:59+00:00,2024-12-11 14:25:19+00:00,2,vgo_finance,1,0,https://github.com/vinted/dataverse-vintedgo-dbt/pull/3128,4814,2024-12,2024,12,Q4 2024,True,False,False
3131,fix: change date range for frequency calculations,dataverse-vintedgo-dbt,vinted/dataverse-vintedgo-dbt,merged,jeremychia,2024-12-11 17:58:58+00:00,2024-12-11 18:20:16+00:00,2024-12-11 18:18:43+00:00,2,vgo_finance,1,0,https://github.com/vinted/dataverse-vintedgo-dbt/pull/3131,4791,2024-12,2024,12,Q4 2024,True,False,False
3136,feat: improve observability over reporting route matching methods,dataverse-vintedgo-dbt,vinted/dataverse-vintedgo-dbt,merged,jeremychia,2024-12-12 08:43:26+00:00,2024-12-12 09:04:07+00:00,2024-12-12 09:02:41+00:00,2,vgo_finance,1,0,https://github.com/vinted/dataverse-vintedgo-dbt/pull/3136,4645,2024-12,2024,12,Q4 2024,True,False,False
15902,fix: carrier codes logic in DoubleEntryShippingRevenue,warehouse-jobs,vinted/warehouse-jobs,closed,jeremychia,2024-12-12 13:42:18+00:00,2024-12-18 14:35:33+00:00,2024-12-18 14:35:06+00:00,7,,0,6,https://github.com/vinted/warehouse-jobs/pull/15902,1618,2024-12,2024,12,Q4 2024,False,True,False
3138,feat: custom test continuous weight ranges for price lists,dataverse-vintedgo-dbt,vinted/dataverse-vintedgo-dbt,merged,jeremychia,2024-12-12 16:07:02+00:00,2024-12-13 12:12:44+00:00,2024-12-13 12:11:04+00:00,3,vgo_finance,1,0,https://github.com/vinted/dataverse-vintedgo-dbt/pull/3138,4926,2024-12,2024,12,Q4 2024,True,False,False
3139,feat: observability add columns to make clear which price list is being used for values in mart invoice rows purchase price validation,dataverse-vintedgo-dbt,vinted/dataverse-vintedgo-dbt,merged,jeremychia,2024-12-12 16:32:25+00:00,2024-12-13 09:56:56+00:00,2024-12-13 09:55:25+00:00,2,vgo_finance,1,0,https://github.com/vinted/dataverse-vintedgo-dbt/pull/3139,4993,2024-12,2024,12,Q4 2024,True,False,False
3140,chore: adjust timeframe of warning (d2c/fact_retail_payouts),dataverse-vintedgo-dbt,vinted/dataverse-vintedgo-dbt,merged,jeremychia,2024-12-12 16:52:53+00:00,2024-12-12 17:07:53+00:00,2024-12-12 17:06:16+00:00,2,vgo_d2c,1,0,https://github.com/vinted/dataverse-vintedgo-dbt/pull/3140,4808,2024-12,2024,12,Q4 2024,True,False,False
3144,fix: schema mismatch `mart_overflow_detector_performance`,dataverse-vintedgo-dbt,vinted/dataverse-vintedgo-dbt,merged,jeremychia,2024-12-13 09:34:04+00:00,2024-12-13 10:13:17+00:00,2024-12-13 10:13:16+00:00,0,vgo_overflow_detector,1,0,https://github.com/vinted/dataverse-vintedgo-dbt/pull/3144,232,2024-12,2024,12,Q4 2024,True,False,False
3151,fix: change freshness window for d2c: fact_retail_payouts dependencies,dataverse-vintedgo-dbt,vinted/dataverse-vintedgo-dbt,merged,jeremychia,2024-12-14 07:18:17+00:00,2024-12-14 07:33:38+00:00,2024-12-14 07:32:05+00:00,2,vgo_finance,1,0,https://github.com/vinted/dataverse-vintedgo-dbt/pull/3151,4934,2024-12,2024,12,Q4 2024,True,False,False
221,fix: dynamic periods ago in assert_table_is_fresh / is_fresh_by_col,dataverse-dbt-shared,vinted/dataverse-dbt-shared,merged,jeremychia,2024-12-14 08:00:31+00:00,2024-12-16 08:05:52+00:00,2024-12-16 08:05:51+00:00,0,"documentation, ci/cd, transformations",3,2,https://github.com/vinted/dataverse-dbt-shared/pull/221,431,2024-12,2024,12,Q4 2024,True,False,False
3166,feat: new condition for expected costs for self-billing where revenue recognition is `null`,dataverse-vintedgo-dbt,vinted/dataverse-vintedgo-dbt,merged,jeremychia,2024-12-16 16:37:25+00:00,2024-12-17 08:10:10+00:00,2024-12-17 08:04:48+00:00,2,vgo_finance,1,0,https://github.com/vinted/dataverse-vintedgo-dbt/pull/3166,7983,2024-12,2024,12,Q4 2024,True,False,False
3168,chore: add trigger rule for dbt test compensation data modelling,dataverse-vintedgo-dbt,vinted/dataverse-vintedgo-dbt,merged,jeremychia,2024-12-17 07:34:07+00:00,2024-12-17 08:28:41+00:00,2024-12-17 08:27:08+00:00,2,"vgo_finance, DAGs",2,0,https://github.com/vinted/dataverse-vintedgo-dbt/pull/3168,4729,2024-12,2024,12,Q4 2024,True,False,False
3169,chore: change basis for price list join testing,dataverse-vintedgo-dbt,vinted/dataverse-vintedgo-dbt,merged,jeremychia,2024-12-17 08:22:21+00:00,2024-12-17 11:34:22+00:00,2024-12-17 10:34:30+00:00,2,vgo_finance,1,0,https://github.com/vinted/dataverse-vintedgo-dbt/pull/3169,4985,2024-12,2024,12,Q4 2024,True,False,False
1314,chore: change dashboard for last 3 months,dataverse-vintedgo-looker,vinted/dataverse-vintedgo-looker,merged,jeremychia,2024-12-17 10:25:17+00:00,2024-12-17 10:39:12+00:00,2024-12-17 10:39:12+00:00,0,vgo_finance,1,0,https://github.com/vinted/dataverse-vintedgo-looker/pull/1314,216,2024-12,2024,12,Q4 2024,True,False,False
1315,feat: dashboard check_price_list_joins_this_month,dataverse-vintedgo-looker,vinted/dataverse-vintedgo-looker,merged,jeremychia,2024-12-17 13:19:31+00:00,2024-12-17 14:04:59+00:00,2024-12-17 14:04:58+00:00,0,vgo_finance,1,0,https://github.com/vinted/dataverse-vintedgo-looker/pull/1315,544,2024-12,2024,12,Q4 2024,True,False,False
3175,feat: grant mkp access to verification information,dataverse-vintedgo-dbt,vinted/dataverse-vintedgo-dbt,merged,jeremychia,2024-12-17 13:58:08+00:00,2024-12-17 17:16:27+00:00,2024-12-17 17:14:51+00:00,2,vgo_hvf,1,0,https://github.com/vinted/dataverse-vintedgo-dbt/pull/3175,4697,2024-12,2024,12,Q4 2024,True,False,False
5359,fix: only look at data interval start for uniqueness,dataverse-marketplace-dbt,vinted/dataverse-marketplace-dbt,merged,jeremychia,2024-12-18 08:43:18+00:00,2024-12-18 09:14:53+00:00,2024-12-18 09:13:20+00:00,6,member_lifecycle,1,0,https://github.com/vinted/dataverse-marketplace-dbt/pull/5359,4866,2024-12,2024,12,Q4 2024,True,False,False
5373,fix: kafka_write_time instead of kafka_write_date,dataverse-marketplace-dbt,vinted/dataverse-marketplace-dbt,merged,jeremychia,2024-12-18 12:43:27+00:00,2024-12-18 13:05:44+00:00,2024-12-18 13:04:00+00:00,2,member_lifecycle,1,0,https://github.com/vinted/dataverse-marketplace-dbt/pull/5373,343,2024-12,2024,12,Q4 2024,True,False,False
3186,feat: add test for accepted values for service type for price list,dataverse-vintedgo-dbt,vinted/dataverse-vintedgo-dbt,merged,jeremychia,2024-12-18 14:24:04+00:00,2024-12-30 13:38:24+00:00,2024-12-30 13:36:58+00:00,2,vgo_finance,1,11,https://github.com/vinted/dataverse-vintedgo-dbt/pull/3186,4919,2024-12,2024,12,Q4 2024,True,False,False
3190,fix: missing values from mapping joins,dataverse-vintedgo-dbt,vinted/dataverse-vintedgo-dbt,merged,jeremychia,2024-12-18 15:24:22+00:00,2024-12-18 16:08:01+00:00,2024-12-18 16:06:35+00:00,2,vgo_finance,1,0,https://github.com/vinted/dataverse-vintedgo-dbt/pull/3190,6627,2024-12,2024,12,Q4 2024,True,False,False
87,"feat: add suffix ""_on"" for dimension group time",dataverse-lookml-generator,vinted/dataverse-lookml-generator,closed,jeremychia,2024-12-18 16:07:01+00:00,2024-12-24 08:17:39+00:00,2024-12-24 08:17:39+00:00,5,,0,5,https://github.com/vinted/dataverse-lookml-generator/pull/87,281,2024-12,2024,12,Q4 2024,False,True,False
3195,feat: additional mapping required marketplace carriers,dataverse-vintedgo-dbt,vinted/dataverse-vintedgo-dbt,merged,jeremychia,2024-12-19 10:14:01+00:00,2024-12-19 10:49:46+00:00,2024-12-19 10:48:23+00:00,2,vgo_finance,1,0,https://github.com/vinted/dataverse-vintedgo-dbt/pull/3195,5674,2024-12,2024,12,Q4 2024,True,False,False
402,feat: dim_marketplace_shipment_routes,dataverse-finance,vinted/dataverse-finance,merged,jeremychia,2024-12-19 10:31:19+00:00,2025-01-15 10:48:15+00:00,2025-01-15 10:41:29+00:00,7,,0,27,https://github.com/vinted/dataverse-finance/pull/402,2784,2024-12,2024,12,Q4 2024,True,False,False
3198,fix: duplicate measure in mart_d2c_compensations,dataverse-vintedgo-dbt,vinted/dataverse-vintedgo-dbt,merged,jeremychia,2024-12-19 11:42:19+00:00,2024-12-19 12:04:53+00:00,2024-12-19 12:03:18+00:00,2,vgo_finance,1,0,https://github.com/vinted/dataverse-vintedgo-dbt/pull/3198,4691,2024-12,2024,12,Q4 2024,True,False,False
39,feat: add one more download window (7 days ago),dataverse-vintedgo-finance,vinted/dataverse-vintedgo-finance,merged,jeremychia,2024-12-19 13:55:24+00:00,2024-12-19 14:18:31+00:00,2024-12-19 14:16:02+00:00,5,,0,0,https://github.com/vinted/dataverse-vintedgo-finance/pull/39,438,2024-12,2024,12,Q4 2024,True,False,False
262,fix: easypost ingestion,dataverse-airflow-dag-common,vinted/dataverse-airflow-dag-common,merged,jeremychia,2024-12-19 16:16:21+00:00,2024-12-20 08:17:01+00:00,2024-12-20 08:17:00+00:00,1,,0,0,https://github.com/vinted/dataverse-airflow-dag-common/pull/262,189,2024-12,2024,12,Q4 2024,True,False,False
3204,feat: exclude 178 from expected costs (exclude VINTEDGO-BNL),dataverse-vintedgo-dbt,vinted/dataverse-vintedgo-dbt,closed,jeremychia,2024-12-19 16:30:18+00:00,2025-04-22 07:09:19+00:00,2025-04-22 07:09:18+00:00,2,vgo_finance,1,123,https://github.com/vinted/dataverse-vintedgo-dbt/pull/3204,4540,2024-12,2024,12,Q4 2024,False,True,False
3207,fix: remove duplicates from union between mkp & vgo routes in dim_reporting_route_mapping_by_month,dataverse-vintedgo-dbt,vinted/dataverse-vintedgo-dbt,merged,jeremychia,2024-12-20 07:13:05+00:00,2024-12-20 07:42:56+00:00,2024-12-20 07:41:27+00:00,2,vgo_finance,1,0,https://github.com/vinted/dataverse-vintedgo-dbt/pull/3207,4499,2024-12,2024,12,Q4 2024,True,False,False
264,refactor: move easypost api file retrieval daily dag to dataverse-vintedgo-finance,dataverse-airflow-dag-common,vinted/dataverse-airflow-dag-common,merged,jeremychia,2024-12-20 10:11:20+00:00,2024-12-23 10:47:14+00:00,2024-12-23 10:47:12+00:00,1,,0,3,https://github.com/vinted/dataverse-airflow-dag-common/pull/264,72,2024-12,2024,12,Q4 2024,True,False,False
40,feat: move usps ingestor to dataverse vintedgo finance,dataverse-vintedgo-finance,vinted/dataverse-vintedgo-finance,merged,jeremychia,2024-12-20 11:53:24+00:00,2024-12-23 09:29:12+00:00,2024-12-23 09:27:24+00:00,1,,0,2,https://github.com/vinted/dataverse-vintedgo-finance/pull/40,2271,2024-12,2024,12,Q4 2024,True,False,False
3215,fix: adapting to new format of USPS invoices,dataverse-vintedgo-dbt,vinted/dataverse-vintedgo-dbt,merged,jeremychia,2024-12-20 13:17:01+00:00,2024-12-23 09:22:51+00:00,2024-12-23 09:21:27+00:00,2,vgo_finance,1,2,https://github.com/vinted/dataverse-vintedgo-dbt/pull/3215,11372,2024-12,2024,12,Q4 2024,True,False,False
5446,feat: send alerts to hex channel,dataverse-marketplace-dbt,vinted/dataverse-marketplace-dbt,merged,jeremychia,2024-12-20 14:32:10+00:00,2024-12-20 15:05:33+00:00,2024-12-20 15:03:53+00:00,2,help_experience,1,0,https://github.com/vinted/dataverse-marketplace-dbt/pull/5446,202,2024-12,2024,12,Q4 2024,True,False,False
3,refactor: modularise execution,singapore-government-directory,jeremychia/singapore-government-directory,merged,jeremychia,2024-12-22 16:49:22+00:00,2024-12-22 16:57:59+00:00,2024-12-22 16:50:11+00:00,0,,0,0,https://github.com/jeremychia/singapore-government-directory/pull/3,959,2024-12,2024,12,Q4 2024,True,False,False
3218,fix: schema prefix in looker config,dataverse-vintedgo-dbt,vinted/dataverse-vintedgo-dbt,merged,jeremychia,2024-12-23 09:25:19+00:00,2024-12-23 10:13:30+00:00,2024-12-23 10:11:57+00:00,2,vgo_finance,1,0,https://github.com/vinted/dataverse-vintedgo-dbt/pull/3218,149,2024-12,2024,12,Q4 2024,True,False,False
41,fix: file path for yaml file,dataverse-vintedgo-finance,vinted/dataverse-vintedgo-finance,merged,jeremychia,2024-12-23 09:47:25+00:00,2024-12-23 10:14:55+00:00,2024-12-23 10:00:06+00:00,6,,0,0,https://github.com/vinted/dataverse-vintedgo-finance/pull/41,87,2024-12,2024,12,Q4 2024,True,False,False
3221,feat: add measures to dbt yaml for: agg_invoice_file_upload_summary,dataverse-vintedgo-dbt,vinted/dataverse-vintedgo-dbt,merged,jeremychia,2024-12-23 15:49:18+00:00,2024-12-27 10:50:34+00:00,2024-12-27 10:49:03+00:00,2,vgo_finance,1,3,https://github.com/vinted/dataverse-vintedgo-dbt/pull/3221,306,2024-12,2024,12,Q4 2024,True,False,False
1357,feat: remove custom_content tag from agg_invoice_file_upload_summary,dataverse-vintedgo-looker,vinted/dataverse-vintedgo-looker,merged,jeremychia,2024-12-23 15:49:23+00:00,2024-12-27 08:13:55+00:00,2024-12-27 08:13:54+00:00,0,"views, vgo_finance",2,3,https://github.com/vinted/dataverse-vintedgo-looker/pull/1357,343,2024-12,2024,12,Q4 2024,True,False,False
1358,feat: remove custom content tag from measures in agg_invoice_rows_exceptions_by_date,dataverse-vintedgo-looker,vinted/dataverse-vintedgo-looker,merged,jeremychia,2024-12-23 16:07:54+00:00,2024-12-27 11:38:23+00:00,2024-12-27 11:38:22+00:00,0,"views, vgo_finance",2,3,https://github.com/vinted/dataverse-vintedgo-looker/pull/1358,353,2024-12,2024,12,Q4 2024,True,False,False
3222,feat: add measures to dbt yaml for: agg_invoice_rows_exceptions_by_date,dataverse-vintedgo-dbt,vinted/dataverse-vintedgo-dbt,merged,jeremychia,2024-12-23 16:08:19+00:00,2024-12-27 11:57:16+00:00,2024-12-27 11:55:33+00:00,2,vgo_finance,1,3,https://github.com/vinted/dataverse-vintedgo-dbt/pull/3222,358,2024-12,2024,12,Q4 2024,True,False,False
3223,feat: add measures to dbt yaml for: dim_carrier_contract_prices,dataverse-vintedgo-dbt,vinted/dataverse-vintedgo-dbt,merged,jeremychia,2024-12-23 16:28:08+00:00,2024-12-27 11:33:34+00:00,2024-12-27 11:31:58+00:00,2,vgo_finance,1,3,https://github.com/vinted/dataverse-vintedgo-dbt/pull/3223,358,2024-12,2024,12,Q4 2024,True,False,False
1359,feat: remove custom content tag from measures in dim_carrier_contract_prices,dataverse-vintedgo-looker,vinted/dataverse-vintedgo-looker,merged,jeremychia,2024-12-23 16:28:20+00:00,2024-12-27 11:14:41+00:00,2024-12-27 11:14:40+00:00,0,"views, vgo_finance",2,3,https://github.com/vinted/dataverse-vintedgo-looker/pull/1359,353,2024-12,2024,12,Q4 2024,True,False,False
1360,feat: remove custom content tag from measures in fct_invoice_rows,dataverse-vintedgo-looker,vinted/dataverse-vintedgo-looker,merged,jeremychia,2024-12-23 16:47:12+00:00,2024-12-27 12:04:52+00:00,2024-12-27 12:04:51+00:00,0,"views, vgo_finance",2,3,https://github.com/vinted/dataverse-vintedgo-looker/pull/1360,566,2024-12,2024,12,Q4 2024,True,False,False
3224,feat: add measures to dbt yaml for: fct_invoice_rows,dataverse-vintedgo-dbt,vinted/dataverse-vintedgo-dbt,merged,jeremychia,2024-12-23 16:47:25+00:00,2024-12-27 12:07:00+00:00,2024-12-27 12:05:37+00:00,2,vgo_finance,1,3,https://github.com/vinted/dataverse-vintedgo-dbt/pull/3224,358,2024-12,2024,12,Q4 2024,True,False,False
3225,feat: add measures to dbt yaml for: fct_late_and_service_now_retrieved_compensation_rows,dataverse-vintedgo-dbt,vinted/dataverse-vintedgo-dbt,merged,jeremychia,2024-12-23 16:59:27+00:00,2024-12-27 12:18:26+00:00,2024-12-27 12:16:47+00:00,2,vgo_finance,1,3,https://github.com/vinted/dataverse-vintedgo-dbt/pull/3225,358,2024-12,2024,12,Q4 2024,True,False,False
1361,feat: remove custom content tag from measures in fct_late_and_service_now_retrieved_compensation_rows,dataverse-vintedgo-looker,vinted/dataverse-vintedgo-looker,merged,jeremychia,2024-12-23 16:59:38+00:00,2024-12-27 12:13:03+00:00,2024-12-27 12:13:02+00:00,0,"views, vgo_finance",2,3,https://github.com/vinted/dataverse-vintedgo-looker/pull/1361,515,2024-12,2024,12,Q4 2024,True,False,False
3226,feat: add measures to dbt yaml for: mart_carrier_invoices_totals,dataverse-vintedgo-dbt,vinted/dataverse-vintedgo-dbt,merged,jeremychia,2024-12-24 09:00:05+00:00,2024-12-27 12:33:22+00:00,2024-12-27 12:31:43+00:00,2,vgo_finance,1,3,https://github.com/vinted/dataverse-vintedgo-dbt/pull/3226,0,2024-12,2024,12,Q4 2024,True,False,False
1362,feat: remove custom content tag from measures in mart_carrier_invoices_totals,dataverse-vintedgo-looker,vinted/dataverse-vintedgo-looker,merged,jeremychia,2024-12-24 09:01:30+00:00,2024-12-27 12:27:06+00:00,2024-12-27 12:27:05+00:00,0,"views, vgo_finance",2,3,https://github.com/vinted/dataverse-vintedgo-looker/pull/1362,0,2024-12,2024,12,Q4 2024,True,False,False
1363,feat: remove custom content tag from measures in mart_checkout_balance_statement_reports,dataverse-vintedgo-looker,vinted/dataverse-vintedgo-looker,merged,jeremychia,2024-12-24 09:02:36+00:00,2024-12-27 12:40:56+00:00,2024-12-27 12:40:55+00:00,0,"views, vgo_finance",2,3,https://github.com/vinted/dataverse-vintedgo-looker/pull/1363,0,2024-12,2024,12,Q4 2024,True,False,False
3227,feat: add measures to dbt yaml for: mart_checkout_balance_statement_reports,dataverse-vintedgo-dbt,vinted/dataverse-vintedgo-dbt,merged,jeremychia,2024-12-24 09:03:19+00:00,2024-12-27 12:43:30+00:00,2024-12-27 12:42:08+00:00,2,vgo_finance,1,3,https://github.com/vinted/dataverse-vintedgo-dbt/pull/3227,0,2024-12,2024,12,Q4 2024,True,False,False
3228,feat: add measures to dbt yaml for: mart_checkout_financial_actions_reports,dataverse-vintedgo-dbt,vinted/dataverse-vintedgo-dbt,merged,jeremychia,2024-12-24 09:08:49+00:00,2024-12-27 12:54:43+00:00,2024-12-27 12:52:59+00:00,2,vgo_finance,1,3,https://github.com/vinted/dataverse-vintedgo-dbt/pull/3228,0,2024-12,2024,12,Q4 2024,True,False,False
1364,feat: remove custom content tag from measures in mart_checkout_financial_actions_reports,dataverse-vintedgo-looker,vinted/dataverse-vintedgo-looker,merged,jeremychia,2024-12-24 09:09:02+00:00,2024-12-27 12:52:02+00:00,2024-12-27 12:52:01+00:00,0,"views, vgo_finance",2,3,https://github.com/vinted/dataverse-vintedgo-looker/pull/1364,0,2024-12,2024,12,Q4 2024,True,False,False
1365,feat: remove custom content tag from measures in mart_d2c_compensations,dataverse-vintedgo-looker,vinted/dataverse-vintedgo-looker,merged,jeremychia,2024-12-24 09:13:53+00:00,2024-12-27 14:18:49+00:00,2024-12-27 14:18:48+00:00,0,"views, vgo_finance",2,3,https://github.com/vinted/dataverse-vintedgo-looker/pull/1365,0,2024-12,2024,12,Q4 2024,True,False,False
3229,feat: add measures to dbt yaml for: mart_d2c_compensations,dataverse-vintedgo-dbt,vinted/dataverse-vintedgo-dbt,merged,jeremychia,2024-12-24 09:14:06+00:00,2024-12-27 13:04:22+00:00,2024-12-27 13:02:58+00:00,2,vgo_finance,1,3,https://github.com/vinted/dataverse-vintedgo-dbt/pull/3229,0,2024-12,2024,12,Q4 2024,True,False,False
1366,feat: remove custom content tag from measures in mart_d2c_invoice_cost_and_revenue,dataverse-vintedgo-looker,vinted/dataverse-vintedgo-looker,merged,jeremychia,2024-12-24 09:18:10+00:00,2024-12-27 14:22:38+00:00,2024-12-27 14:22:37+00:00,0,"views, vgo_finance",2,3,https://github.com/vinted/dataverse-vintedgo-looker/pull/1366,1,2024-12,2024,12,Q4 2024,True,False,False
3230,feat: add measures to dbt yaml for: mart_d2c_invoice_cost_and_revenue,dataverse-vintedgo-dbt,vinted/dataverse-vintedgo-dbt,merged,jeremychia,2024-12-24 09:18:23+00:00,2024-12-27 14:27:40+00:00,2024-12-27 14:26:09+00:00,2,vgo_finance,1,3,https://github.com/vinted/dataverse-vintedgo-dbt/pull/3230,0,2024-12,2024,12,Q4 2024,True,False,False
3231,feat: add measures to dbt yaml for: mart_duplicate_invoice_rows,dataverse-vintedgo-dbt,vinted/dataverse-vintedgo-dbt,merged,jeremychia,2024-12-24 09:24:54+00:00,2024-12-27 14:45:24+00:00,2024-12-27 14:43:53+00:00,2,vgo_finance,1,3,https://github.com/vinted/dataverse-vintedgo-dbt/pull/3231,0,2024-12,2024,12,Q4 2024,True,False,False
1367,feat: remove custom content tag from measures in mart_duplicate_invoice_rows,dataverse-vintedgo-looker,vinted/dataverse-vintedgo-looker,merged,jeremychia,2024-12-24 09:25:08+00:00,2024-12-27 14:38:16+00:00,2024-12-27 14:38:16+00:00,0,"views, vgo_finance",2,3,https://github.com/vinted/dataverse-vintedgo-looker/pull/1367,0,2024-12,2024,12,Q4 2024,True,False,False
3232,feat: add measures to dbt yaml for: mart_historic_shipment_legs_customer_invoices,dataverse-vintedgo-dbt,vinted/dataverse-vintedgo-dbt,merged,jeremychia,2024-12-24 09:32:24+00:00,2024-12-27 14:56:32+00:00,2024-12-27 14:55:02+00:00,2,vgo_finance,1,3,https://github.com/vinted/dataverse-vintedgo-dbt/pull/3232,0,2024-12,2024,12,Q4 2024,True,False,False
1368,feat: remove custom content tag from measures in mart_historic_shipment_legs_customer_invoices,dataverse-vintedgo-looker,vinted/dataverse-vintedgo-looker,merged,jeremychia,2024-12-24 09:32:36+00:00,2024-12-27 14:53:18+00:00,2024-12-27 14:53:18+00:00,0,"views, vgo_finance",2,3,https://github.com/vinted/dataverse-vintedgo-looker/pull/1368,0,2024-12,2024,12,Q4 2024,True,False,False
3233,feat: add measures to dbt yaml for: mart_historic_shipment_legs_revenue_recognition,dataverse-vintedgo-dbt,vinted/dataverse-vintedgo-dbt,merged,jeremychia,2024-12-24 09:36:28+00:00,2024-12-27 15:14:08+00:00,2024-12-27 15:12:28+00:00,2,vgo_finance,1,3,https://github.com/vinted/dataverse-vintedgo-dbt/pull/3233,0,2024-12,2024,12,Q4 2024,True,False,False
1369,feat: remove custom content tag from measures in mart_historic_shipment_legs_revenue_recognition,dataverse-vintedgo-looker,vinted/dataverse-vintedgo-looker,merged,jeremychia,2024-12-24 09:36:47+00:00,2024-12-27 15:01:33+00:00,2024-12-27 15:01:32+00:00,0,"views, vgo_finance",2,3,https://github.com/vinted/dataverse-vintedgo-looker/pull/1369,0,2024-12,2024,12,Q4 2024,True,False,False
3235,feat: add measures to dbt yaml for: mart_invoice_rows_purchase_price_validation,dataverse-vintedgo-dbt,vinted/dataverse-vintedgo-dbt,merged,jeremychia,2024-12-24 09:40:21+00:00,2024-12-27 15:35:04+00:00,2024-12-27 15:33:28+00:00,2,vgo_finance,1,3,https://github.com/vinted/dataverse-vintedgo-dbt/pull/3235,0,2024-12,2024,12,Q4 2024,True,False,False
1370,feat: remove custom content tag from measures in mart_invoice_rows_purchase_price_validation,dataverse-vintedgo-looker,vinted/dataverse-vintedgo-looker,merged,jeremychia,2024-12-24 09:41:57+00:00,2024-12-27 15:25:16+00:00,2024-12-27 15:25:15+00:00,0,"views, vgo_finance",2,3,https://github.com/vinted/dataverse-vintedgo-looker/pull/1370,0,2024-12,2024,12,Q4 2024,True,False,False
1371,feat: remove custom content tag from measures in mart_invoice_totals_verification,dataverse-vintedgo-looker,vinted/dataverse-vintedgo-looker,merged,jeremychia,2024-12-24 09:44:26+00:00,2024-12-27 15:32:15+00:00,2024-12-27 15:32:14+00:00,0,"views, vgo_finance",2,3,https://github.com/vinted/dataverse-vintedgo-looker/pull/1371,0,2024-12,2024,12,Q4 2024,True,False,False
3236,feat: add measures to dbt yaml for: mart_invoice_totals_verification,dataverse-vintedgo-dbt,vinted/dataverse-vintedgo-dbt,merged,jeremychia,2024-12-24 09:44:34+00:00,2024-12-27 15:46:35+00:00,2024-12-27 15:44:40+00:00,2,vgo_finance,1,3,https://github.com/vinted/dataverse-vintedgo-dbt/pull/3236,0,2024-12,2024,12,Q4 2024,True,False,False
3237,feat: add measures to dbt yaml for: mart_relabelling_invoice_rows,dataverse-vintedgo-dbt,vinted/dataverse-vintedgo-dbt,merged,jeremychia,2024-12-24 09:49:53+00:00,2024-12-27 15:56:59+00:00,2024-12-27 15:55:36+00:00,2,vgo_finance,1,3,https://github.com/vinted/dataverse-vintedgo-dbt/pull/3237,0,2024-12,2024,12,Q4 2024,True,False,False
1372,feat: remove custom content tag from measures in mart_relabelling_invoice_rows,dataverse-vintedgo-looker,vinted/dataverse-vintedgo-looker,merged,jeremychia,2024-12-24 09:50:06+00:00,2024-12-27 15:54:19+00:00,2024-12-27 15:54:18+00:00,0,"views, vgo_finance",2,3,https://github.com/vinted/dataverse-vintedgo-looker/pull/1372,0,2024-12,2024,12,Q4 2024,True,False,False
1373,feat: remove custom content tag from measures in mart_service_now_claim_eligible_and_carrier_invoices,dataverse-vintedgo-looker,vinted/dataverse-vintedgo-looker,merged,jeremychia,2024-12-24 10:35:38+00:00,2024-12-27 16:05:05+00:00,2024-12-27 16:05:04+00:00,0,"views, vgo_finance",2,3,https://github.com/vinted/dataverse-vintedgo-looker/pull/1373,0,2024-12,2024,12,Q4 2024,True,False,False
3242,feat: add measures to dbt yaml for: mart_service_now_claim_eligible_and_carrier_invoices,dataverse-vintedgo-dbt,vinted/dataverse-vintedgo-dbt,merged,jeremychia,2024-12-24 10:35:52+00:00,2024-12-27 16:08:32+00:00,2024-12-27 16:07:07+00:00,2,vgo_finance,1,3,https://github.com/vinted/dataverse-vintedgo-dbt/pull/3242,0,2024-12,2024,12,Q4 2024,True,False,False
3243,feat: add measures to dbt yaml for: mart_shipment_legs_cancelled_and_invoiced,dataverse-vintedgo-dbt,vinted/dataverse-vintedgo-dbt,merged,jeremychia,2024-12-24 10:39:12+00:00,2024-12-27 16:21:30+00:00,2024-12-27 16:20:02+00:00,2,vgo_finance,1,3,https://github.com/vinted/dataverse-vintedgo-dbt/pull/3243,0,2024-12,2024,12,Q4 2024,True,False,False
1374,feat: remove custom content tag from measures in mart_shipment_legs_cancelled_and_invoiced,dataverse-vintedgo-looker,vinted/dataverse-vintedgo-looker,merged,jeremychia,2024-12-24 10:39:23+00:00,2024-12-27 16:16:27+00:00,2024-12-27 16:16:26+00:00,0,"views, vgo_finance",2,3,https://github.com/vinted/dataverse-vintedgo-looker/pull/1374,0,2024-12,2024,12,Q4 2024,True,False,False
1375,feat: remove custom content tag from measures in mart_shipment_legs_customer_invoices,dataverse-vintedgo-looker,vinted/dataverse-vintedgo-looker,merged,jeremychia,2024-12-24 10:45:13+00:00,2024-12-27 17:41:24+00:00,2024-12-27 17:41:22+00:00,0,"views, vgo_finance",2,3,https://github.com/vinted/dataverse-vintedgo-looker/pull/1375,0,2024-12,2024,12,Q4 2024,True,False,False
3244,feat: add measures to dbt yaml for: mart_shipment_legs_customer_invoices,dataverse-vintedgo-dbt,vinted/dataverse-vintedgo-dbt,merged,jeremychia,2024-12-24 10:45:38+00:00,2024-12-27 16:32:36+00:00,2024-12-27 16:31:00+00:00,2,vgo_finance,1,3,https://github.com/vinted/dataverse-vintedgo-dbt/pull/3244,0,2024-12,2024,12,Q4 2024,True,False,False
3245,feat: add measures to dbt yaml for: mart_shipment_legs_invoice_cost_and_revenue,dataverse-vintedgo-dbt,vinted/dataverse-vintedgo-dbt,merged,jeremychia,2024-12-24 10:49:35+00:00,2024-12-27 17:31:54+00:00,2024-12-27 17:30:14+00:00,2,vgo_finance,1,3,https://github.com/vinted/dataverse-vintedgo-dbt/pull/3245,0,2024-12,2024,12,Q4 2024,True,False,False
1376,feat: remove custom content tag from measures in mart_shipment_legs_invoice_cost_and_revenue,dataverse-vintedgo-looker,vinted/dataverse-vintedgo-looker,merged,jeremychia,2024-12-24 10:49:52+00:00,2024-12-27 17:17:49+00:00,2024-12-27 17:17:48+00:00,0,"views, vgo_finance",2,3,https://github.com/vinted/dataverse-vintedgo-looker/pull/1376,0,2024-12,2024,12,Q4 2024,True,False,False
3246,feat: add measures to dbt yaml for: mart_shipment_legs_revenue_recognition,dataverse-vintedgo-dbt,vinted/dataverse-vintedgo-dbt,merged,jeremychia,2024-12-24 10:53:17+00:00,2024-12-27 17:58:00+00:00,2024-12-27 17:56:39+00:00,2,vgo_finance,1,3,https://github.com/vinted/dataverse-vintedgo-dbt/pull/3246,0,2024-12,2024,12,Q4 2024,True,False,False
1377,feat: remove custom content tag from measures in mart_shipment_legs_revenue_recognition,dataverse-vintedgo-looker,vinted/dataverse-vintedgo-looker,merged,jeremychia,2024-12-24 10:53:25+00:00,2024-12-27 17:45:07+00:00,2024-12-27 17:45:06+00:00,0,"views, vgo_finance",2,3,https://github.com/vinted/dataverse-vintedgo-looker/pull/1377,0,2024-12,2024,12,Q4 2024,True,False,False
3247,feat: add measures to dbt yaml for: mart_uncategorised_invoice_rows,dataverse-vintedgo-dbt,vinted/dataverse-vintedgo-dbt,merged,jeremychia,2024-12-24 10:55:43+00:00,2024-12-27 21:21:46+00:00,2024-12-27 21:19:52+00:00,2,vgo_finance,1,3,https://github.com/vinted/dataverse-vintedgo-dbt/pull/3247,0,2024-12,2024,12,Q4 2024,True,False,False
1378,feat: remove custom content tag from measures in mart_uncategorised_invoice_rows,dataverse-vintedgo-looker,vinted/dataverse-vintedgo-looker,merged,jeremychia,2024-12-24 10:55:53+00:00,2024-12-27 21:13:26+00:00,2024-12-27 21:13:25+00:00,0,"views, vgo_finance",2,3,https://github.com/vinted/dataverse-vintedgo-looker/pull/1378,0,2024-12,2024,12,Q4 2024,True,False,False
3248,feat: add measures to dbt yaml for: mart_unmatched_invoice_rows,dataverse-vintedgo-dbt,vinted/dataverse-vintedgo-dbt,merged,jeremychia,2024-12-24 11:00:27+00:00,2024-12-27 21:42:30+00:00,2024-12-27 21:40:47+00:00,2,vgo_finance,1,3,https://github.com/vinted/dataverse-vintedgo-dbt/pull/3248,0,2024-12,2024,12,Q4 2024,True,False,False
1379,feat: remove custom content tag from measures in mart_unmatched_invoice_rows,dataverse-vintedgo-looker,vinted/dataverse-vintedgo-looker,merged,jeremychia,2024-12-24 11:00:34+00:00,2024-12-27 21:20:50+00:00,2024-12-27 21:20:49+00:00,0,"views, vgo_finance",2,3,https://github.com/vinted/dataverse-vintedgo-looker/pull/1379,1,2024-12,2024,12,Q4 2024,True,False,False
1381,feat: remove custom content tag from measures in mart_vgo_finance_unmatched_price_list_test_failures,dataverse-vintedgo-looker,vinted/dataverse-vintedgo-looker,merged,jeremychia,2024-12-24 11:13:53+00:00,2024-12-27 21:55:28+00:00,2024-12-27 21:55:27+00:00,0,"views, vgo_finance",2,3,https://github.com/vinted/dataverse-vintedgo-looker/pull/1381,0,2024-12,2024,12,Q4 2024,True,False,False
3249,feat: add measures to dbt yaml for: mart_vgo_finance_unmatched_price_list_test_failures,dataverse-vintedgo-dbt,vinted/dataverse-vintedgo-dbt,merged,jeremychia,2024-12-24 11:14:09+00:00,2024-12-27 22:11:01+00:00,2024-12-27 22:09:36+00:00,2,vgo_finance,1,3,https://github.com/vinted/dataverse-vintedgo-dbt/pull/3249,0,2024-12,2024,12,Q4 2024,True,False,False
3252,chore: change time of vgo_finance_test_highfreq_lowimpact DAG run,dataverse-vintedgo-dbt,vinted/dataverse-vintedgo-dbt,merged,jeremychia,2024-12-27 08:15:23+00:00,2024-12-27 11:23:02+00:00,2024-12-27 11:21:38+00:00,2,"vgo_finance, DAGs",2,0,https://github.com/vinted/dataverse-vintedgo-dbt/pull/3252,482,2024-12,2024,12,Q4 2024,True,False,False
42,fix: easypost ingestor files,dataverse-vintedgo-finance,vinted/dataverse-vintedgo-finance,merged,jeremychia,2024-12-27 10:13:16+00:00,2024-12-27 11:11:05+00:00,2024-12-27 11:08:39+00:00,6,,0,0,https://github.com/vinted/dataverse-vintedgo-finance/pull/42,281,2024-12,2024,12,Q4 2024,True,False,False
3256,chore: change names to remove dash in reporting route mapping,dataverse-vintedgo-dbt,vinted/dataverse-vintedgo-dbt,merged,jeremychia,2024-12-27 12:55:41+00:00,2024-12-27 15:03:14+00:00,2024-12-27 15:01:43+00:00,2,vgo_finance,1,0,https://github.com/vinted/dataverse-vintedgo-dbt/pull/3256,5322,2024-12,2024,12,Q4 2024,True,False,False
3259,fix: add measure for sum_count_fallback_price,dataverse-vintedgo-dbt,vinted/dataverse-vintedgo-dbt,merged,jeremychia,2024-12-27 22:30:00+00:00,2024-12-30 08:18:13+00:00,2024-12-30 08:16:18+00:00,2,vgo_finance,1,2,https://github.com/vinted/dataverse-vintedgo-dbt/pull/3259,39,2024-12,2024,12,Q4 2024,True,False,False
43,chore: adjust waiting time between tasks,dataverse-vintedgo-finance,vinted/dataverse-vintedgo-finance,merged,jeremychia,2024-12-30 11:18:46+00:00,2024-12-30 11:59:53+00:00,2024-12-30 11:57:44+00:00,6,,0,0,https://github.com/vinted/dataverse-vintedgo-finance/pull/43,579,2024-12,2024,12,Q4 2024,True,False,False
3264,feat: add reporting adjustment columns to mart_d2c_invoice_cost_and_revenue,dataverse-vintedgo-dbt,vinted/dataverse-vintedgo-dbt,merged,jeremychia,2024-12-30 12:05:14+00:00,2024-12-30 13:13:06+00:00,2024-12-30 13:11:26+00:00,2,vgo_finance,1,0,https://github.com/vinted/dataverse-vintedgo-dbt/pull/3264,4765,2024-12,2024,12,Q4 2024,True,False,False
3265,feat: test on delivery_type_code in dim_prep_shipment_legs_information,dataverse-vintedgo-dbt,vinted/dataverse-vintedgo-dbt,merged,jeremychia,2024-12-30 13:23:43+00:00,2024-12-30 14:28:30+00:00,2024-12-30 14:26:22+00:00,2,vgo_finance,1,0,https://github.com/vinted/dataverse-vintedgo-dbt/pull/3265,5289,2024-12,2024,12,Q4 2024,True,False,False
3268,feat: add tests on invoice from/to country for alfred24,dataverse-vintedgo-dbt,vinted/dataverse-vintedgo-dbt,closed,jeremychia,2024-12-30 14:21:53+00:00,2024-12-30 15:56:46+00:00,2024-12-30 15:56:45+00:00,2,vgo_finance,1,0,https://github.com/vinted/dataverse-vintedgo-dbt/pull/3268,4968,2024-12,2024,12,Q4 2024,False,True,False
3269,feat: add tests on invoice from/to country for boxnow-hr,dataverse-vintedgo-dbt,vinted/dataverse-vintedgo-dbt,closed,jeremychia,2024-12-30 14:34:30+00:00,2024-12-30 15:56:58+00:00,2024-12-30 15:56:57+00:00,2,vgo_finance,1,0,https://github.com/vinted/dataverse-vintedgo-dbt/pull/3269,4972,2024-12,2024,12,Q4 2024,False,True,False
3270,chore: include one more keyword for cleaning (RELAY-UK),dataverse-vintedgo-dbt,vinted/dataverse-vintedgo-dbt,merged,jeremychia,2024-12-30 16:09:43+00:00,2024-12-30 17:07:51+00:00,2024-12-30 17:06:16+00:00,2,vgo_finance,1,0,https://github.com/vinted/dataverse-vintedgo-dbt/pull/3270,4723,2024-12,2024,12,Q4 2024,True,False,False
3271,refactor: make clearer source of columns in fct_invoice_rows,dataverse-vintedgo-dbt,vinted/dataverse-vintedgo-dbt,merged,jeremychia,2024-12-30 16:42:52+00:00,2024-12-30 17:19:10+00:00,2024-12-30 17:17:22+00:00,2,vgo_finance,1,0,https://github.com/vinted/dataverse-vintedgo-dbt/pull/3271,4625,2024-12,2024,12,Q4 2024,True,False,False
3272,refactor: use dim_prep_shipment_legs_information as source for dim_prep_shipment_carrier_legs_joining_keys,dataverse-vintedgo-dbt,vinted/dataverse-vintedgo-dbt,merged,jeremychia,2024-12-30 17:21:57+00:00,2024-12-31 08:40:34+00:00,2024-12-31 08:39:00+00:00,2,vgo_finance,1,0,https://github.com/vinted/dataverse-vintedgo-dbt/pull/3272,4534,2024-12,2024,12,Q4 2024,True,False,False
3275,feat: check carrier_contract_prices_continuous_weights more frequently,dataverse-vintedgo-dbt,vinted/dataverse-vintedgo-dbt,merged,jeremychia,2024-12-31 08:56:10+00:00,2024-12-31 09:18:47+00:00,2024-12-31 09:17:11+00:00,2,vgo_finance,1,0,https://github.com/vinted/dataverse-vintedgo-dbt/pull/3275,91,2024-12,2024,12,Q4 2024,True,False,False
3276,feat: mapping reporting carrier code for unmatched invoice rows,dataverse-vintedgo-dbt,vinted/dataverse-vintedgo-dbt,merged,jeremychia,2024-12-31 09:25:36+00:00,2025-01-06 08:19:42+00:00,2025-01-06 08:18:06+00:00,2,vgo_finance,1,5,https://github.com/vinted/dataverse-vintedgo-dbt/pull/3276,4559,2024-12,2024,12,Q4 2024,True,False,False
3301,feat: enable check_model_ownership,dataverse-vintedgo-dbt,vinted/dataverse-vintedgo-dbt,closed,jeremychia,2025-01-06 08:11:04+00:00,2025-01-08 17:16:59+00:00,2025-01-08 17:16:59+00:00,1,,0,2,https://github.com/vinted/dataverse-vintedgo-dbt/pull/3301,4940,2025-01,2025,1,Q1 2025,False,True,False
3352,chore: comment out accepted_values_stg_google_sheets__carrier_contract_prices_service_type,dataverse-vintedgo-dbt,vinted/dataverse-vintedgo-dbt,merged,jeremychia,2025-01-10 08:40:46+00:00,2025-01-10 09:08:50+00:00,2025-01-10 09:07:09+00:00,2,vgo_finance,1,0,https://github.com/vinted/dataverse-vintedgo-dbt/pull/3352,304,2025-01,2025,1,Q1 2025,True,False,False
3253,chore: remove shipping_loss_profit_new,lookml,vinted/lookml,merged,jeremychia,2025-01-10 10:27:16+00:00,2025-01-13 10:35:45+00:00,2025-01-13 10:35:44+00:00,0,,0,3,https://github.com/vinted/lookml/pull/3253,184,2025-01,2025,1,Q1 2025,True,False,False
3355,chore: retail invoice deduplication removal,dataverse-vintedgo-dbt,vinted/dataverse-vintedgo-dbt,merged,jeremychia,2025-01-10 11:33:14+00:00,2025-01-10 11:59:09+00:00,2025-01-10 11:59:08+00:00,0,vgo_d2c,1,0,https://github.com/vinted/dataverse-vintedgo-dbt/pull/3355,5184,2025-01,2025,1,Q1 2025,True,False,False
3363,fix: deduplication for time tracking users,dataverse-vintedgo-dbt,vinted/dataverse-vintedgo-dbt,merged,jeremychia,2025-01-13 06:03:05+00:00,2025-01-13 09:43:16+00:00,2025-01-13 09:41:51+00:00,2,"vgo_hvf, docs",2,0,https://github.com/vinted/dataverse-vintedgo-dbt/pull/3363,5558,2025-01,2025,1,Q1 2025,True,False,False
3364,"feat: new patterns for inbound_label (slovak-post-sk, inpost-locker-pl)",dataverse-vintedgo-dbt,vinted/dataverse-vintedgo-dbt,merged,jeremychia,2025-01-13 08:34:50+00:00,2025-01-13 09:34:40+00:00,2025-01-13 09:33:04+00:00,2,vgo_finance,1,0,https://github.com/vinted/dataverse-vintedgo-dbt/pull/3364,8042,2025-01,2025,1,Q1 2025,True,False,False
3365,fix: adjustments for time horizon in dim_reporting_route_mapping_by_month,dataverse-vintedgo-dbt,vinted/dataverse-vintedgo-dbt,merged,jeremychia,2025-01-13 10:49:36+00:00,2025-01-13 12:00:59+00:00,2025-01-13 11:59:31+00:00,2,vgo_finance,1,0,https://github.com/vinted/dataverse-vintedgo-dbt/pull/3365,4603,2025-01,2025,1,Q1 2025,True,False,False
3366,feat: add count distincts on IDs on exposed marts,dataverse-vintedgo-dbt,vinted/dataverse-vintedgo-dbt,merged,jeremychia,2025-01-13 10:59:54+00:00,2025-01-13 12:11:32+00:00,2025-01-13 12:10:02+00:00,2,vgo_finance,1,0,https://github.com/vinted/dataverse-vintedgo-dbt/pull/3366,4476,2025-01,2025,1,Q1 2025,True,False,False
3368,feat: add not null test for depo,dataverse-vintedgo-dbt,vinted/dataverse-vintedgo-dbt,closed,jeremychia,2025-01-13 12:04:53+00:00,2025-01-13 12:15:25+00:00,2025-01-13 12:15:24+00:00,2,vgo_finance,1,0,https://github.com/vinted/dataverse-vintedgo-dbt/pull/3368,4479,2025-01,2025,1,Q1 2025,False,True,False
3378,fix: safe_cast user_id on stg_lake_hub_time_tracking__hub_timestamps,dataverse-vintedgo-dbt,vinted/dataverse-vintedgo-dbt,merged,jeremychia,2025-01-14 02:48:54+00:00,2025-01-14 08:47:31+00:00,2025-01-14 08:46:06+00:00,2,vgo_hvf,1,0,https://github.com/vinted/dataverse-vintedgo-dbt/pull/3378,5679,2025-01,2025,1,Q1 2025,True,False,False
3257,chore: deprecate bq invoices on looker,lookml,vinted/lookml,merged,jeremychia,2025-01-14 06:23:10+00:00,2025-01-14 07:20:16+00:00,2025-01-14 07:20:14+00:00,0,,0,0,https://github.com/vinted/lookml/pull/3257,270,2025-01,2025,1,Q1 2025,True,False,False
44,feat: add aleksey.yalovega to alerts for easypost ingestor,dataverse-vintedgo-finance,vinted/dataverse-vintedgo-finance,merged,jeremychia,2025-01-14 09:37:44+00:00,2025-01-15 07:35:49+00:00,2025-01-15 07:33:49+00:00,6,,0,0,https://github.com/vinted/dataverse-vintedgo-finance/pull/44,0,2025-01,2025,1,Q1 2025,True,False,False
3398,fix: factor in that transfers can fail in dhl-de integration,dataverse-vintedgo-dbt,vinted/dataverse-vintedgo-dbt,merged,jeremychia,2025-01-15 06:49:54+00:00,2025-01-15 07:13:24+00:00,2025-01-15 07:11:39+00:00,2,vgo_finance,1,0,https://github.com/vinted/dataverse-vintedgo-dbt/pull/3398,5302,2025-01,2025,1,Q1 2025,True,False,False
3400,feat: add transaction id to fct invoice rows,dataverse-vintedgo-dbt,vinted/dataverse-vintedgo-dbt,merged,jeremychia,2025-01-15 08:05:54+00:00,2025-01-15 09:15:45+00:00,2025-01-15 09:14:09+00:00,2,vgo_finance,1,0,https://github.com/vinted/dataverse-vintedgo-dbt/pull/3400,5060,2025-01,2025,1,Q1 2025,True,False,False
2266,fix: typecasting for booleans in item_transactions_attribution,dataverse-marketplace-looker,vinted/dataverse-marketplace-looker,merged,jeremychia,2025-01-15 08:43:50+00:00,2025-01-15 08:47:56+00:00,2025-01-15 08:47:55+00:00,0,"views, buyer",2,0,https://github.com/vinted/dataverse-marketplace-looker/pull/2266,623,2025-01,2025,1,Q1 2025,True,False,False
2267,chore: remove custom content for item_transactions_attribution,dataverse-marketplace-looker,vinted/dataverse-marketplace-looker,merged,jeremychia,2025-01-15 08:53:38+00:00,2025-01-15 09:09:45+00:00,2025-01-15 09:09:44+00:00,0,"views, buyer",2,0,https://github.com/vinted/dataverse-marketplace-looker/pull/2267,81,2025-01,2025,1,Q1 2025,True,False,False
1519,chore: move vinted_go_bigquery_usage_cost_metrics to billing_bigquery (remove from vgo-observability),dataverse-vintedgo-looker,vinted/dataverse-vintedgo-looker,merged,jeremychia,2025-01-15 12:02:34+00:00,2025-01-15 12:13:40+00:00,2025-01-15 12:13:39+00:00,0,,0,0,https://github.com/vinted/dataverse-vintedgo-looker/pull/1519,488,2025-01,2025,1,Q1 2025,True,False,False
389,chore: move vinted_go_bigquery_usage_cost_metrics to billing_bigquery,dataverse-groupfunctions-looker,vinted/dataverse-groupfunctions-looker,merged,jeremychia,2025-01-15 12:02:43+00:00,2025-01-15 12:09:29+00:00,2025-01-15 12:09:28+00:00,0,,0,0,https://github.com/vinted/dataverse-groupfunctions-looker/pull/389,215,2025-01,2025,1,Q1 2025,True,False,False
3412,chore: change to safe_divide instead of using `/` operator for purchase price validation,dataverse-vintedgo-dbt,vinted/dataverse-vintedgo-dbt,merged,jeremychia,2025-01-16 06:51:44+00:00,2025-01-16 08:05:11+00:00,2025-01-16 08:03:41+00:00,2,vgo_finance,1,0,https://github.com/vinted/dataverse-vintedgo-dbt/pull/3412,4762,2025-01,2025,1,Q1 2025,True,False,False
3413,feat: add required partition filters for bigger vgo_finance models,dataverse-vintedgo-dbt,vinted/dataverse-vintedgo-dbt,merged,jeremychia,2025-01-16 09:22:46+00:00,2025-05-22 12:48:54+00:00,2025-05-22 12:48:53+00:00,5,vgo_finance,1,126,https://github.com/vinted/dataverse-vintedgo-dbt/pull/3413,5147,2025-01,2025,1,Q1 2025,True,False,False
16011,fix: transaction_id is ambiguous (retain original logic in BQInvoices),warehouse-jobs,vinted/warehouse-jobs,merged,jeremychia,2025-01-16 09:44:21+00:00,2025-01-16 11:32:14+00:00,2025-01-16 11:32:13+00:00,2,,0,0,https://github.com/vinted/warehouse-jobs/pull/16011,677,2025-01,2025,1,Q1 2025,True,False,False
3420,feat: expose fct_no_spec_file_invoice_rows to looker,dataverse-vintedgo-dbt,vinted/dataverse-vintedgo-dbt,merged,jeremychia,2025-01-16 12:51:03+00:00,2025-01-16 13:28:51+00:00,2025-01-16 13:27:23+00:00,2,vgo_finance,1,0,https://github.com/vinted/dataverse-vintedgo-dbt/pull/3420,4533,2025-01,2025,1,Q1 2025,True,False,False
3421,refactor: change materialisation to view for underutilised tables,dataverse-vintedgo-dbt,vinted/dataverse-vintedgo-dbt,closed,jeremychia,2025-01-16 13:01:57+00:00,2025-04-22 07:09:53+00:00,2025-04-22 07:09:53+00:00,5,vgo_finance,1,95,https://github.com/vinted/dataverse-vintedgo-dbt/pull/3421,5334,2025-01,2025,1,Q1 2025,False,True,False
3423,fix: docs for _row_source in fct_no_spec_file_invoice_rows,dataverse-vintedgo-dbt,vinted/dataverse-vintedgo-dbt,merged,jeremychia,2025-01-16 13:46:34+00:00,2025-01-16 14:10:17+00:00,2025-01-16 14:08:28+00:00,2,vgo_finance,1,0,https://github.com/vinted/dataverse-vintedgo-dbt/pull/3423,199,2025-01,2025,1,Q1 2025,True,False,False
6,feat: new source for wise hkd,personal-finances-dbt,jeremychia/personal-finances-dbt,merged,jeremychia,2025-01-23 03:40:30+00:00,2025-01-23 03:53:11+00:00,2025-01-23 03:53:09+00:00,0,,0,0,https://github.com/jeremychia/personal-finances-dbt/pull/6,202,2025-01,2025,1,Q1 2025,True,False,False
3477,feat: add responsible spm column to price lists,dataverse-vintedgo-dbt,vinted/dataverse-vintedgo-dbt,merged,jeremychia,2025-01-23 06:41:00+00:00,2025-01-23 07:26:45+00:00,2025-01-23 07:25:16+00:00,2,"vgo_finance, docs",2,0,https://github.com/vinted/dataverse-vintedgo-dbt/pull/3477,5602,2025-01,2025,1,Q1 2025,True,False,False
1559,feat: add filter for reponsible SPM,dataverse-vintedgo-looker,vinted/dataverse-vintedgo-looker,merged,jeremychia,2025-01-23 09:07:04+00:00,2025-01-23 09:54:37+00:00,2025-01-23 09:54:36+00:00,0,vgo_finance,1,0,https://github.com/vinted/dataverse-vintedgo-looker/pull/1559,217,2025-01,2025,1,Q1 2025,True,False,False
3487,fix: investigate and resolve duplicate shipment carrier leg ids causing database errors,dataverse-vintedgo-dbt,vinted/dataverse-vintedgo-dbt,merged,jeremychia,2025-01-24 07:12:19+00:00,2025-01-24 08:20:47+00:00,2025-01-24 08:19:15+00:00,2,vgo_finance,1,0,https://github.com/vinted/dataverse-vintedgo-dbt/pull/3487,5335,2025-01,2025,1,Q1 2025,True,False,False
3488,chore: raise error threshold for null carrier code test in shipment legs information,dataverse-vintedgo-dbt,vinted/dataverse-vintedgo-dbt,merged,jeremychia,2025-01-24 08:18:32+00:00,2025-01-24 08:54:32+00:00,2025-01-24 08:53:01+00:00,2,vgo_finance,1,0,https://github.com/vinted/dataverse-vintedgo-dbt/pull/3488,4593,2025-01,2025,1,Q1 2025,True,False,False
3489,feat: stage external sources as part of daily DAG,dataverse-vintedgo-dbt,vinted/dataverse-vintedgo-dbt,merged,jeremychia,2025-01-24 09:08:50+00:00,2025-01-24 12:16:48+00:00,2025-01-24 12:15:19+00:00,2,"vgo_carrier, DAGs",2,0,https://github.com/vinted/dataverse-vintedgo-dbt/pull/3489,4566,2025-01,2025,1,Q1 2025,True,False,False
3492,feat: use marketplace routes for mapping instead of seed,dataverse-vintedgo-dbt,vinted/dataverse-vintedgo-dbt,merged,jeremychia,2025-01-24 10:19:13+00:00,2025-01-24 12:04:41+00:00,2025-01-24 12:03:09+00:00,2,vgo_finance,1,0,https://github.com/vinted/dataverse-vintedgo-dbt/pull/3492,4969,2025-01,2025,1,Q1 2025,True,False,False
16056,chore: change to weekly imports only (invoice rows & no details),warehouse-jobs,vinted/warehouse-jobs,merged,jeremychia,2025-01-24 12:21:39+00:00,2025-01-27 09:41:11+00:00,2025-01-27 09:41:10+00:00,0,,0,2,https://github.com/vinted/warehouse-jobs/pull/16056,643,2025-01,2025,1,Q1 2025,True,False,False
451,feat: remove filter on dates for dim_marketplace_shipment_routes,dataverse-finance,vinted/dataverse-finance,merged,jeremychia,2025-01-24 13:16:45+00:00,2025-01-24 13:33:38+00:00,2025-01-24 13:28:04+00:00,7,,0,0,https://github.com/vinted/dataverse-finance/pull/451,0,2025-01,2025,1,Q1 2025,True,False,False
3500,feat: include more rows (filter to consider customer invoice month),dataverse-vintedgo-dbt,vinted/dataverse-vintedgo-dbt,merged,jeremychia,2025-01-24 13:31:04+00:00,2025-01-24 14:03:28+00:00,2025-01-24 14:01:56+00:00,2,vgo_finance,1,0,https://github.com/vinted/dataverse-vintedgo-dbt/pull/3500,4571,2025-01,2025,1,Q1 2025,True,False,False
1,feat: deduplication of data,singapore-real-estate-agents,jeremychia/singapore-real-estate-agents,merged,jeremychia,2025-01-25 02:37:27+00:00,2025-01-26 05:48:52+00:00,2025-01-25 02:44:03+00:00,0,,0,0,https://github.com/jeremychia/singapore-real-estate-agents/pull/1,288,2025-01,2025,1,Q1 2025,True,False,False
2,feat: agents deduplication,singapore-real-estate-agents,jeremychia/singapore-real-estate-agents,merged,jeremychia,2025-01-25 03:31:52+00:00,2025-01-26 05:48:51+00:00,2025-01-25 03:33:29+00:00,0,,0,0,https://github.com/jeremychia/singapore-real-estate-agents/pull/2,93,2025-01,2025,1,Q1 2025,True,False,False
3,fix: change headers + add retry to scrape mobile number,singapore-real-estate-agents,jeremychia/singapore-real-estate-agents,merged,jeremychia,2025-01-25 04:01:43+00:00,2025-01-26 05:48:50+00:00,2025-01-25 04:05:27+00:00,0,,0,0,https://github.com/jeremychia/singapore-real-estate-agents/pull/3,146,2025-01,2025,1,Q1 2025,True,False,False
4,feat: handle different agencies by agents,singapore-real-estate-agents,jeremychia/singapore-real-estate-agents,merged,jeremychia,2025-01-25 16:36:54+00:00,2025-01-26 05:48:50+00:00,2025-01-26 04:43:15+00:00,0,,0,0,https://github.com/jeremychia/singapore-real-estate-agents/pull/4,139,2025-01,2025,1,Q1 2025,True,False,False
5,docs: mart_agent and mart_property_transactions,singapore-real-estate-agents,jeremychia/singapore-real-estate-agents,merged,jeremychia,2025-01-26 05:46:31+00:00,2025-01-26 05:48:30+00:00,2025-01-26 05:48:25+00:00,0,,0,0,https://github.com/jeremychia/singapore-real-estate-agents/pull/5,597,2025-01,2025,1,Q1 2025,True,False,False
6,fix: null agencies,singapore-real-estate-agents,jeremychia/singapore-real-estate-agents,merged,jeremychia,2025-01-26 13:48:07+00:00,2025-01-26 13:48:26+00:00,2025-01-26 13:48:26+00:00,0,,0,0,https://github.com/jeremychia/singapore-real-estate-agents/pull/6,241,2025-01,2025,1,Q1 2025,True,False,False
3507,chore: raise threshold for null carrier codes,dataverse-vintedgo-dbt,vinted/dataverse-vintedgo-dbt,merged,jeremychia,2025-01-27 08:06:24+00:00,2025-01-27 08:40:12+00:00,2025-01-27 08:38:43+00:00,2,vgo_finance,1,0,https://github.com/vinted/dataverse-vintedgo-dbt/pull/3507,4692,2025-01,2025,1,Q1 2025,True,False,False
1581,chore: update table to show Marketplace rates by default,dataverse-vintedgo-looker,vinted/dataverse-vintedgo-looker,merged,jeremychia,2025-01-27 08:15:00+00:00,2025-01-27 08:20:12+00:00,2025-01-27 08:20:11+00:00,0,vgo_finance,1,0,https://github.com/vinted/dataverse-vintedgo-looker/pull/1581,218,2025-01,2025,1,Q1 2025,True,False,False
3513,feat: adjust ups invoice date calculation logic,dataverse-vintedgo-dbt,vinted/dataverse-vintedgo-dbt,merged,jeremychia,2025-01-27 13:38:09+00:00,2025-01-28 08:19:44+00:00,2025-01-28 08:18:17+00:00,3,vgo_finance,1,0,https://github.com/vinted/dataverse-vintedgo-dbt/pull/3513,6079,2025-01,2025,1,Q1 2025,True,False,False
7,"chore: migrate to new PROJECT_ID = ""singapore-real-estate-agents""",singapore-real-estate-agents,jeremychia/singapore-real-estate-agents,merged,jeremychia,2025-01-28 04:47:59+00:00,2025-01-28 04:48:05+00:00,2025-01-28 04:48:04+00:00,0,,0,0,https://github.com/jeremychia/singapore-real-estate-agents/pull/7,0,2025-01,2025,1,Q1 2025,True,False,False
3517,feat: add YODEL-UK-HOME2HOME to seed for carrier codes,dataverse-vintedgo-dbt,vinted/dataverse-vintedgo-dbt,merged,jeremychia,2025-01-28 07:39:52+00:00,2025-01-28 08:33:09+00:00,2025-01-28 08:31:31+00:00,2,vgo_finance,1,0,https://github.com/vinted/dataverse-vintedgo-dbt/pull/3517,5375,2025-01,2025,1,Q1 2025,True,False,False
8,feat: integrate data source from data.gov.sg,singapore-real-estate-agents,jeremychia/singapore-real-estate-agents,merged,jeremychia,2025-01-29 13:32:41+00:00,2025-01-29 13:33:06+00:00,2025-01-29 13:33:06+00:00,0,,0,0,https://github.com/jeremychia/singapore-real-estate-agents/pull/8,450,2025-01,2025,1,Q1 2025,True,False,False
9,chore: change agent downloading logic,singapore-real-estate-agents,jeremychia/singapore-real-estate-agents,merged,jeremychia,2025-01-29 14:34:54+00:00,2025-03-01 11:15:40+00:00,2025-03-01 11:15:40+00:00,0,,0,30,https://github.com/jeremychia/singapore-real-estate-agents/pull/9,100,2025-01,2025,1,Q1 2025,True,False,False
3572,fix: append missing month's values in existing shipping routes,dataverse-vintedgo-dbt,vinted/dataverse-vintedgo-dbt,merged,jeremychia,2025-02-01 08:58:58+00:00,2025-02-01 09:47:29+00:00,2025-02-01 09:45:48+00:00,2,vgo_finance,1,0,https://github.com/vinted/dataverse-vintedgo-dbt/pull/3572,4934,2025-02,2025,2,Q1 2025,True,False,False
3573,fix: mistake in matching method,dataverse-vintedgo-dbt,vinted/dataverse-vintedgo-dbt,merged,jeremychia,2025-02-01 09:07:13+00:00,2025-02-01 09:32:26+00:00,2025-02-01 09:30:39+00:00,2,vgo_finance,1,0,https://github.com/vinted/dataverse-vintedgo-dbt/pull/3573,110,2025-02,2025,2,Q1 2025,True,False,False
4,refactor: raw data to SCD,singapore-government-directory,jeremychia/singapore-government-directory,merged,jeremychia,2025-02-28 11:23:16+00:00,2025-02-28 11:24:59+00:00,2025-02-28 11:24:59+00:00,0,,0,0,https://github.com/jeremychia/singapore-government-directory/pull/4,212,2025-02,2025,2,Q1 2025,True,False,False
3830,chore: update D2C alert tags (include @kimjunn),dataverse-vintedgo-dbt,vinted/dataverse-vintedgo-dbt,merged,jeremychia,2025-03-03 12:10:11+00:00,2025-03-03 12:31:02+00:00,2025-03-03 12:31:01+00:00,0,"vgo_d2c, scheduler",2,0,https://github.com/vinted/dataverse-vintedgo-dbt/pull/3830,192,2025-03,2025,3,Q1 2025,True,False,False
3838,fix: add is_open_network_shipment to mart_vcarrier_parcel_journey_tracking_daily_overview for documentation,dataverse-vintedgo-dbt,vinted/dataverse-vintedgo-dbt,merged,jeremychia,2025-03-04 08:12:42+00:00,2025-03-04 08:39:37+00:00,2025-03-04 08:39:36+00:00,0,vgo_carrier,1,0,https://github.com/vinted/dataverse-vintedgo-dbt/pull/3838,751,2025-03,2025,3,Q1 2025,True,False,False
3850,chore: filtering condition for accepted value test on invoice review main,dataverse-vintedgo-dbt,vinted/dataverse-vintedgo-dbt,merged,jeremychia,2025-03-05 07:05:13+00:00,2025-03-05 07:28:55+00:00,2025-03-05 07:27:28+00:00,2,vgo_finance,1,0,https://github.com/vinted/dataverse-vintedgo-dbt/pull/3850,4811,2025-03,2025,3,Q1 2025,True,False,False
3855,"chore: add inbound_label code for pattern ""EM001%""",dataverse-vintedgo-dbt,vinted/dataverse-vintedgo-dbt,merged,jeremychia,2025-03-05 11:05:42+00:00,2025-03-05 11:39:23+00:00,2025-03-05 11:38:04+00:00,2,vgo_finance,1,0,https://github.com/vinted/dataverse-vintedgo-dbt/pull/3855,4648,2025-03,2025,3,Q1 2025,True,False,False
3860,chore: retrigger lookml generator for vcarrier,dataverse-vintedgo-dbt,vinted/dataverse-vintedgo-dbt,merged,jeremychia,2025-03-05 14:00:56+00:00,2025-03-05 14:39:48+00:00,2025-03-05 14:39:47+00:00,0,vgo_carrier,1,0,https://github.com/vinted/dataverse-vintedgo-dbt/pull/3860,191,2025-03,2025,3,Q1 2025,True,False,False
42,chore: amend test for fact_speeches (addresses warnings),singapore-parliament-speeches-dbt,parleh-mate/singapore-parliament-speeches-dbt,merged,jeremychia,2025-03-05 21:19:44+00:00,2025-03-05 21:20:39+00:00,2025-03-05 21:20:38+00:00,0,,0,0,https://github.com/parleh-mate/singapore-parliament-speeches-dbt/pull/42,1451,2025-03,2025,3,Q1 2025,True,False,False
1864,chore: remove explores for driver efficiency (replaced),dataverse-vintedgo-looker,vinted/dataverse-vintedgo-looker,merged,jeremychia,2025-03-10 07:13:10+00:00,2025-03-10 07:31:52+00:00,2025-03-10 07:31:51+00:00,0,"views, vgo_carrier, models",3,0,https://github.com/vinted/dataverse-vintedgo-looker/pull/1864,573,2025-03,2025,3,Q1 2025,True,False,False
48,feat: invoice completeness check v2.0,dataverse-vintedgo-finance,vinted/dataverse-vintedgo-finance,merged,jeremychia,2025-03-10 12:35:42+00:00,2025-03-10 14:52:45+00:00,2025-03-10 14:51:27+00:00,1,,0,0,https://github.com/vinted/dataverse-vintedgo-finance/pull/48,464,2025-03,2025,3,Q1 2025,True,False,False
3890,"chore: remove tests for completeness, to use invoice completeness check",dataverse-vintedgo-dbt,vinted/dataverse-vintedgo-dbt,merged,jeremychia,2025-03-10 14:30:12+00:00,2025-03-24 11:51:42+00:00,2025-03-24 11:50:13+00:00,5,vgo_finance,1,13,https://github.com/vinted/dataverse-vintedgo-dbt/pull/3890,4915,2025-03,2025,3,Q1 2025,True,False,False
49,fix: expected arguments,dataverse-vintedgo-finance,vinted/dataverse-vintedgo-finance,merged,jeremychia,2025-03-10 15:01:34+00:00,2025-03-10 15:09:00+00:00,2025-03-10 15:04:45+00:00,7,,0,0,https://github.com/vinted/dataverse-vintedgo-finance/pull/49,429,2025-03,2025,3,Q1 2025,True,False,False
51,feat: add remaining carrier configuration to config yml,dataverse-vintedgo-finance,vinted/dataverse-vintedgo-finance,merged,jeremychia,2025-03-10 15:44:58+00:00,2025-03-11 16:45:25+00:00,2025-03-11 16:18:48+00:00,1,,0,1,https://github.com/vinted/dataverse-vintedgo-finance/pull/51,159,2025-03,2025,3,Q1 2025,True,False,False
3893,fix: add soft dependencies on data download pipelines for vgo_finance,dataverse-vintedgo-dbt,vinted/dataverse-vintedgo-dbt,closed,jeremychia,2025-03-11 05:43:23+00:00,2025-03-11 09:15:29+00:00,2025-03-11 09:15:29+00:00,4,vgo_finance,1,0,https://github.com/vinted/dataverse-vintedgo-dbt/pull/3893,4601,2025-03,2025,3,Q1 2025,False,True,False
3894,fix: command reference in scheduler for vgo_finance,dataverse-vintedgo-dbt,vinted/dataverse-vintedgo-dbt,merged,jeremychia,2025-03-11 06:06:18+00:00,2025-03-11 08:38:46+00:00,2025-03-11 08:32:07+00:00,5,"vgo_finance, scheduler",2,0,https://github.com/vinted/dataverse-vintedgo-dbt/pull/3894,5176,2025-03,2025,3,Q1 2025,True,False,False
3895,fix: change filtering condition for freshness test,dataverse-vintedgo-dbt,vinted/dataverse-vintedgo-dbt,merged,jeremychia,2025-03-11 09:10:06+00:00,2025-03-11 10:07:04+00:00,2025-03-11 10:01:03+00:00,5,vgo_finance,1,0,https://github.com/vinted/dataverse-vintedgo-dbt/pull/3895,4658,2025-03,2025,3,Q1 2025,True,False,False
3896,"chore: change alert channel (vgo_finance, scheduler)",dataverse-vintedgo-dbt,vinted/dataverse-vintedgo-dbt,merged,jeremychia,2025-03-11 11:40:25+00:00,2025-03-13 12:09:23+00:00,2025-03-13 12:03:17+00:00,5,"vgo_finance, scheduler",2,2,https://github.com/vinted/dataverse-vintedgo-dbt/pull/3896,151,2025-03,2025,3,Q1 2025,True,False,False
52,chore: allow for credit notes parsing,dataverse-vintedgo-finance,vinted/dataverse-vintedgo-finance,merged,jeremychia,2025-03-11 15:23:56+00:00,2025-03-13 06:01:18+00:00,2025-03-12 09:02:13+00:00,8,,0,0,https://github.com/vinted/dataverse-vintedgo-finance/pull/52,530,2025-03,2025,3,Q1 2025,True,False,False
3899,chore: remove credit note completeness alerts,dataverse-vintedgo-dbt,vinted/dataverse-vintedgo-dbt,merged,jeremychia,2025-03-11 15:36:36+00:00,2025-03-24 12:05:26+00:00,2025-03-24 12:03:58+00:00,4,vgo_finance,1,12,https://github.com/vinted/dataverse-vintedgo-dbt/pull/3899,4558,2025-03,2025,3,Q1 2025,True,False,False
53,feat: process irregular column names,dataverse-vintedgo-finance,vinted/dataverse-vintedgo-finance,merged,jeremychia,2025-03-11 16:15:48+00:00,2025-03-12 07:02:35+00:00,2025-03-12 06:43:03+00:00,7,,0,0,https://github.com/vinted/dataverse-vintedgo-finance/pull/53,1256,2025-03,2025,3,Q1 2025,True,False,False
54,chore: increase number of retries for royal mail ingestor,dataverse-vintedgo-finance,vinted/dataverse-vintedgo-finance,merged,jeremychia,2025-03-12 06:29:50+00:00,2025-03-12 06:37:05+00:00,2025-03-12 06:35:44+00:00,1,,0,0,https://github.com/vinted/dataverse-vintedgo-finance/pull/54,602,2025-03,2025,3,Q1 2025,True,False,False
3904,chore: no retries for royal mail API,dataverse-vintedgo-dbt,vinted/dataverse-vintedgo-dbt,merged,jeremychia,2025-03-12 06:52:44+00:00,2025-03-12 08:22:57+00:00,2025-03-12 08:16:55+00:00,5,"vgo_finance, scheduler",2,0,https://github.com/vinted/dataverse-vintedgo-dbt/pull/3904,4764,2025-03,2025,3,Q1 2025,True,False,False
55,fix: change staging model for invoice completeness alert,dataverse-vintedgo-finance,vinted/dataverse-vintedgo-finance,merged,jeremychia,2025-03-12 08:08:58+00:00,2025-03-12 08:15:13+00:00,2025-03-12 08:11:38+00:00,7,,0,0,https://github.com/vinted/dataverse-vintedgo-finance/pull/55,48,2025-03,2025,3,Q1 2025,True,False,False
3912,feat: add consumer channels for all data spaces,dataverse-vintedgo-dbt,vinted/dataverse-vintedgo-dbt,merged,jeremychia,2025-03-13 08:53:45+00:00,2025-03-20 22:02:39+00:00,2025-03-13 11:50:27+00:00,20,"vgo_general, vgo_carrier, vgo_overflow_detector, vgo_d2c, vgo_hvf, vgo_recommender, scheduler, observability",8,0,https://github.com/vinted/dataverse-vintedgo-dbt/pull/3912,5382,2025-03,2025,3,Q1 2025,True,False,False
56,chore: change names of owners,dataverse-vintedgo-finance,vinted/dataverse-vintedgo-finance,merged,jeremychia,2025-03-13 09:34:49+00:00,2025-03-14 09:43:26+00:00,2025-03-14 09:41:50+00:00,1,,0,1,https://github.com/vinted/dataverse-vintedgo-finance/pull/56,177,2025-03,2025,3,Q1 2025,True,False,False
30, chore: formatting fixes,dsabook,vinted/dsabook,merged,jeremychia,2025-03-13 10:29:16+00:00,2025-03-24 08:21:42+00:00,2025-03-24 08:21:40+00:00,0,,0,10,https://github.com/vinted/dsabook/pull/30,0,2025-03,2025,3,Q1 2025,True,False,False
3773,feat: add issues to dsabook,terraform-github,vinted/terraform-github,merged,jeremychia,2025-03-13 10:44:17+00:00,2025-03-13 10:46:43+00:00,2025-03-13 10:46:36+00:00,5,,0,0,https://github.com/vinted/terraform-github/pull/3773,472,2025-03,2025,3,Q1 2025,True,False,False
58,chore: switch alert slack channel,dataverse-vintedgo-finance,vinted/dataverse-vintedgo-finance,merged,jeremychia,2025-03-13 12:00:36+00:00,2025-03-19 11:15:15+00:00,2025-03-19 11:13:24+00:00,6,,0,5,https://github.com/vinted/dataverse-vintedgo-finance/pull/58,53,2025-03,2025,3,Q1 2025,True,False,False
3915,feat: deploy invoice completeness alert to scheduler,dataverse-vintedgo-dbt,vinted/dataverse-vintedgo-dbt,merged,jeremychia,2025-03-13 14:24:58+00:00,2025-03-14 09:16:19+00:00,2025-03-14 09:14:40+00:00,4,"vgo_finance, scheduler",2,0,https://github.com/vinted/dataverse-vintedgo-dbt/pull/3915,4653,2025-03,2025,3,Q1 2025,True,False,False
59,feat: switch from composer to scheduler,dataverse-vintedgo-finance,vinted/dataverse-vintedgo-finance,merged,jeremychia,2025-03-13 14:26:32+00:00,2025-03-14 10:18:31+00:00,2025-03-14 09:58:41+00:00,6,,0,0,https://github.com/vinted/dataverse-vintedgo-finance/pull/59,171,2025-03,2025,3,Q1 2025,True,False,False
3916,chore: remove migrated pipelines (vgo_finance),dataverse-vintedgo-dbt,vinted/dataverse-vintedgo-dbt,merged,jeremychia,2025-03-13 14:47:15+00:00,2025-03-14 10:37:27+00:00,2025-03-14 10:35:52+00:00,4,"vgo_finance, scheduler",2,0,https://github.com/vinted/dataverse-vintedgo-dbt/pull/3916,4794,2025-03,2025,3,Q1 2025,True,False,False
60,chore: remove migrated pipelines (vgo_finance),dataverse-vintedgo-finance,vinted/dataverse-vintedgo-finance,merged,jeremychia,2025-03-13 14:48:58+00:00,2025-03-24 11:15:58+00:00,2025-03-24 11:15:57+00:00,0,,0,10,https://github.com/vinted/dataverse-vintedgo-finance/pull/60,296,2025-03,2025,3,Q1 2025,True,False,False
3918,chore: adjust retries in scheduler for vgo_finance (modelling tests should not retry),dataverse-vintedgo-dbt,vinted/dataverse-vintedgo-dbt,merged,jeremychia,2025-03-14 08:06:59+00:00,2025-03-14 09:02:05+00:00,2025-03-14 09:00:30+00:00,4,"vgo_finance, scheduler",2,0,https://github.com/vinted/dataverse-vintedgo-dbt/pull/3918,137,2025-03,2025,3,Q1 2025,True,False,False
3922,fix: convert usps weight from `oz` to `kg`,dataverse-vintedgo-dbt,vinted/dataverse-vintedgo-dbt,merged,jeremychia,2025-03-14 10:39:01+00:00,2025-03-14 11:19:56+00:00,2025-03-14 11:18:21+00:00,4,vgo_finance,1,0,https://github.com/vinted/dataverse-vintedgo-dbt/pull/3922,5098,2025-03,2025,3,Q1 2025,True,False,False
3923,chore: deprecate old models relating to pub/sub and invoice errors,dataverse-vintedgo-dbt,vinted/dataverse-vintedgo-dbt,merged,jeremychia,2025-03-14 10:54:27+00:00,2025-03-24 15:38:51+00:00,2025-03-24 15:38:49+00:00,2,"vgo_finance, scheduler",2,10,https://github.com/vinted/dataverse-vintedgo-dbt/pull/3923,4728,2025-03,2025,3,Q1 2025,True,False,False
86,chore: remove pub/sub trigger in the csv cleaner,dataverse-cloud-functions,vinted/dataverse-cloud-functions,merged,jeremychia,2025-03-14 11:04:43+00:00,2025-03-24 11:19:31+00:00,2025-03-24 11:16:46+00:00,1,,0,10,https://github.com/vinted/dataverse-cloud-functions/pull/86,396,2025-03,2025,3,Q1 2025,True,False,False
7,feat: add miles & more as a source,personal-finances-dbt,jeremychia/personal-finances-dbt,merged,jeremychia,2025-03-17 07:51:01+00:00,2025-03-17 07:57:22+00:00,2025-03-17 07:57:20+00:00,0,,0,0,https://github.com/jeremychia/personal-finances-dbt/pull/7,229,2025-03,2025,3,Q1 2025,True,False,False
61,feat: integrate uniqueness tests,dataverse-vintedgo-finance,vinted/dataverse-vintedgo-finance,merged,jeremychia,2025-03-17 10:45:32+00:00,2025-03-17 13:32:13+00:00,2025-03-17 13:30:19+00:00,5,,0,0,https://github.com/vinted/dataverse-vintedgo-finance/pull/61,228,2025-03,2025,3,Q1 2025,True,False,False
3929,chore: remove uniquneness tests from dbt configuration,dataverse-vintedgo-dbt,vinted/dataverse-vintedgo-dbt,merged,jeremychia,2025-03-17 12:56:13+00:00,2025-03-24 13:58:54+00:00,2025-03-24 13:58:53+00:00,3,"vgo_finance, scheduler",2,7,https://github.com/vinted/dataverse-vintedgo-dbt/pull/3929,4600,2025-03,2025,3,Q1 2025,True,False,False
62,"chore: amend logic - if results are empty, do not run the rest",dataverse-vintedgo-finance,vinted/dataverse-vintedgo-finance,merged,jeremychia,2025-03-17 14:57:12+00:00,2025-03-17 15:08:41+00:00,2025-03-17 15:06:55+00:00,5,,0,0,https://github.com/vinted/dataverse-vintedgo-finance/pull/62,1652,2025-03,2025,3,Q1 2025,True,False,False
63,Fix dumb error,dataverse-vintedgo-finance,vinted/dataverse-vintedgo-finance,merged,jeremychia,2025-03-17 15:19:19+00:00,2025-03-17 15:24:05+00:00,2025-03-17 15:22:20+00:00,5,,0,0,https://github.com/vinted/dataverse-vintedgo-finance/pull/63,356,2025-03,2025,3,Q1 2025,True,False,False
64,fix: use length,dataverse-vintedgo-finance,vinted/dataverse-vintedgo-finance,merged,jeremychia,2025-03-17 15:36:54+00:00,2025-03-17 15:42:31+00:00,2025-03-17 15:40:11+00:00,5,,0,0,https://github.com/vinted/dataverse-vintedgo-finance/pull/64,0,2025-03,2025,3,Q1 2025,True,False,False
65,chore: minor tweaking for successful cases,dataverse-vintedgo-finance,vinted/dataverse-vintedgo-finance,merged,jeremychia,2025-03-17 16:18:05+00:00,2025-03-17 16:52:14+00:00,2025-03-17 16:50:23+00:00,5,,0,0,https://github.com/vinted/dataverse-vintedgo-finance/pull/65,27,2025-03,2025,3,Q1 2025,True,False,False
66,fix: typo,dataverse-vintedgo-finance,vinted/dataverse-vintedgo-finance,merged,jeremychia,2025-03-17 16:57:36+00:00,2025-03-17 17:01:33+00:00,2025-03-17 16:59:50+00:00,5,,0,0,https://github.com/vinted/dataverse-vintedgo-finance/pull/66,0,2025-03,2025,3,Q1 2025,True,False,False
67,chore: small tweaks to output,dataverse-vintedgo-finance,vinted/dataverse-vintedgo-finance,merged,jeremychia,2025-03-17 17:46:44+00:00,2025-03-18 07:27:25+00:00,2025-03-18 07:25:31+00:00,5,,0,0,https://github.com/vinted/dataverse-vintedgo-finance/pull/67,203,2025-03,2025,3,Q1 2025,True,False,False
68,chore: only takes parquet files,dataverse-vintedgo-finance,vinted/dataverse-vintedgo-finance,merged,jeremychia,2025-03-19 08:22:21+00:00,2025-03-19 09:21:11+00:00,2025-03-19 09:19:24+00:00,5,,0,0,https://github.com/vinted/dataverse-vintedgo-finance/pull/68,241,2025-03,2025,3,Q1 2025,True,False,False
3951,feat: remap VINTEDGO-SHOP-FR to reporting carriers which have information on VINTEDGO BNL,dataverse-vintedgo-dbt,vinted/dataverse-vintedgo-dbt,merged,jeremychia,2025-03-19 09:39:53+00:00,2025-03-19 16:10:53+00:00,2025-03-19 16:09:16+00:00,4,vgo_finance,1,0,https://github.com/vinted/dataverse-vintedgo-dbt/pull/3951,7640,2025-03,2025,3,Q1 2025,True,False,False
3952,feat: update inpost it for fuel surcharge files,dataverse-vintedgo-dbt,vinted/dataverse-vintedgo-dbt,merged,jeremychia,2025-03-19 10:38:07+00:00,2025-03-19 17:14:24+00:00,2025-03-19 17:12:51+00:00,4,vgo_finance,1,0,https://github.com/vinted/dataverse-vintedgo-dbt/pull/3952,5566,2025-03,2025,3,Q1 2025,True,False,False
69,Update config.yml,dataverse-vintedgo-finance,vinted/dataverse-vintedgo-finance,closed,jeremychia,2025-03-19 11:28:32+00:00,2025-03-19 11:30:10+00:00,2025-03-19 11:30:09+00:00,1,,0,0,https://github.com/vinted/dataverse-vintedgo-finance/pull/69,12,2025-03,2025,3,Q1 2025,False,True,False
71,feat: add configuration for new bucket,dataverse-vintedgo-finance,vinted/dataverse-vintedgo-finance,merged,jeremychia,2025-03-19 16:05:07+00:00,2025-03-20 08:12:23+00:00,2025-03-20 08:10:24+00:00,5,,0,0,https://github.com/vinted/dataverse-vintedgo-finance/pull/71,1080,2025-03,2025,3,Q1 2025,True,False,False
3959,feat: introduce another bucket for retrieved compensations,dataverse-vintedgo-dbt,vinted/dataverse-vintedgo-dbt,merged,jeremychia,2025-03-19 16:11:35+00:00,2025-03-20 10:42:04+00:00,2025-03-20 10:40:39+00:00,4,vgo_finance,1,0,https://github.com/vinted/dataverse-vintedgo-dbt/pull/3959,5789,2025-03,2025,3,Q1 2025,True,False,False
3961,fix: wrong values from mapping,dataverse-vintedgo-dbt,vinted/dataverse-vintedgo-dbt,merged,jeremychia,2025-03-20 10:27:51+00:00,2025-03-20 10:57:56+00:00,2025-03-20 10:56:31+00:00,4,vgo_finance,1,0,https://github.com/vinted/dataverse-vintedgo-dbt/pull/3961,95,2025-03,2025,3,Q1 2025,True,False,False
3964,chore: retake snapshots for `dim_prep_existing_shipping_routes` and `dim_prep_carrier_name_mapping`,dataverse-vintedgo-dbt,vinted/dataverse-vintedgo-dbt,merged,jeremychia,2025-03-20 12:19:11+00:00,2025-03-20 13:02:42+00:00,2025-03-20 13:01:18+00:00,2,vgo_finance,1,0,https://github.com/vinted/dataverse-vintedgo-dbt/pull/3964,698,2025-03,2025,3,Q1 2025,True,False,False
3966,chore: alter reporting carrier in the `dim_prep_existing_shipping_routes_frequency` for homerr changes,dataverse-vintedgo-dbt,vinted/dataverse-vintedgo-dbt,merged,jeremychia,2025-03-20 13:09:30+00:00,2025-03-20 13:46:37+00:00,2025-03-20 13:43:17+00:00,2,vgo_finance,1,0,https://github.com/vinted/dataverse-vintedgo-dbt/pull/3966,1607,2025-03,2025,3,Q1 2025,True,False,False
3968,chore: add clustering condition,dataverse-vintedgo-dbt,vinted/dataverse-vintedgo-dbt,merged,jeremychia,2025-03-20 13:51:46+00:00,2025-03-20 14:10:51+00:00,2025-03-20 14:09:20+00:00,2,vgo_finance,1,0,https://github.com/vinted/dataverse-vintedgo-dbt/pull/3968,117,2025-03,2025,3,Q1 2025,True,False,False
3969,chore: new queries for custom query,dataverse-vintedgo-dbt,vinted/dataverse-vintedgo-dbt,merged,jeremychia,2025-03-20 14:13:51+00:00,2025-03-20 14:24:42+00:00,2025-03-20 14:23:08+00:00,2,vgo_finance,1,0,https://github.com/vinted/dataverse-vintedgo-dbt/pull/3969,123,2025-03,2025,3,Q1 2025,True,False,False
567,feat: make general usage metrics into dashboard,dataverse-groupfunctions-looker,vinted/dataverse-groupfunctions-looker,merged,jeremychia,2025-03-20 14:15:57+00:00,2025-03-20 14:38:31+00:00,2025-03-20 14:38:30+00:00,0,,0,0,https://github.com/vinted/dataverse-groupfunctions-looker/pull/567,147,2025-03,2025,3,Q1 2025,True,False,False
568,feat: add filters to navigate to respective domains,dataverse-groupfunctions-looker,vinted/dataverse-groupfunctions-looker,merged,jeremychia,2025-03-20 15:51:43+00:00,2025-03-20 16:45:18+00:00,2025-03-20 16:45:17+00:00,0,,0,0,https://github.com/vinted/dataverse-groupfunctions-looker/pull/568,225,2025-03,2025,3,Q1 2025,True,False,False
569,chore: remove buyer specific dashboard,dataverse-groupfunctions-looker,vinted/dataverse-groupfunctions-looker,merged,jeremychia,2025-03-20 15:59:06+00:00,2025-03-20 16:48:09+00:00,2025-03-20 16:48:08+00:00,0,,0,0,https://github.com/vinted/dataverse-groupfunctions-looker/pull/569,511,2025-03,2025,3,Q1 2025,True,False,False
72,feat: add configuration for METHOD,dataverse-vintedgo-finance,vinted/dataverse-vintedgo-finance,merged,jeremychia,2025-03-24 08:29:07+00:00,2025-03-24 09:16:08+00:00,2025-03-24 09:16:05+00:00,0,,0,0,https://github.com/vinted/dataverse-vintedgo-finance/pull/72,174,2025-03,2025,3,Q1 2025,True,False,False
73,chore: include justina in invoice completeness alert,dataverse-vintedgo-finance,vinted/dataverse-vintedgo-finance,merged,jeremychia,2025-03-24 09:16:56+00:00,2025-03-24 09:19:58+00:00,2025-03-24 09:19:56+00:00,0,,0,0,https://github.com/vinted/dataverse-vintedgo-finance/pull/73,133,2025-03,2025,3,Q1 2025,True,False,False
3994,feat: add is_currently_valid column to dim carrier contract prices table,dataverse-vintedgo-dbt,vinted/dataverse-vintedgo-dbt,merged,jeremychia,2025-03-24 10:23:20+00:00,2025-03-24 11:29:08+00:00,2025-03-24 11:27:49+00:00,4,"vgo_finance, docs",2,0,https://github.com/vinted/dataverse-vintedgo-dbt/pull/3994,5391,2025-03,2025,3,Q1 2025,True,False,False
580,feat: add remaining buttons for other domains,dataverse-groupfunctions-looker,vinted/dataverse-groupfunctions-looker,merged,jeremychia,2025-03-24 10:54:05+00:00,2025-03-24 13:07:09+00:00,2025-03-24 13:07:08+00:00,0,,0,0,https://github.com/vinted/dataverse-groupfunctions-looker/pull/580,373,2025-03,2025,3,Q1 2025,True,False,False
1917,feat: add filter for is currently valid,dataverse-vintedgo-looker,vinted/dataverse-vintedgo-looker,merged,jeremychia,2025-03-24 13:13:35+00:00,2025-03-24 13:22:04+00:00,2025-03-24 13:22:03+00:00,0,vgo_finance,1,0,https://github.com/vinted/dataverse-vintedgo-looker/pull/1917,315,2025-03,2025,3,Q1 2025,True,False,False
583,fix: add back listen criterion,dataverse-groupfunctions-looker,vinted/dataverse-groupfunctions-looker,merged,jeremychia,2025-03-24 13:21:00+00:00,2025-03-24 13:26:13+00:00,2025-03-24 13:26:12+00:00,0,,0,0,https://github.com/vinted/dataverse-groupfunctions-looker/pull/583,144,2025-03,2025,3,Q1 2025,True,False,False
4004,chore: change unique identifer of no details sheet,dataverse-vintedgo-dbt,vinted/dataverse-vintedgo-dbt,merged,jeremychia,2025-03-25 13:13:04+00:00,2025-03-25 13:57:22+00:00,2025-03-25 13:57:21+00:00,2,"vgo_finance, docs",2,0,https://github.com/vinted/dataverse-vintedgo-dbt/pull/4004,4765,2025-03,2025,3,Q1 2025,True,False,False
4006,"feat: populate country codes, adjusted invoice carrier code shipment level if missing",dataverse-vintedgo-dbt,vinted/dataverse-vintedgo-dbt,merged,jeremychia,2025-03-25 13:42:10+00:00,2025-03-25 14:06:10+00:00,2025-03-25 14:06:08+00:00,2,vgo_finance,1,0,https://github.com/vinted/dataverse-vintedgo-dbt/pull/4006,4952,2025-03,2025,3,Q1 2025,True,False,False
75,docs: updating readme for invoice alerts,dataverse-vintedgo-finance,vinted/dataverse-vintedgo-finance,merged,jeremychia,2025-03-25 15:37:18+00:00,2025-03-25 17:29:21+00:00,2025-03-25 17:29:19+00:00,0,,0,0,https://github.com/vinted/dataverse-vintedgo-finance/pull/75,66,2025-03,2025,3,Q1 2025,True,False,False
263,feat: add wait_until_6_utc,dataverse-cli,vinted/dataverse-cli,merged,jeremychia,2025-03-25 17:24:26+00:00,2025-03-25 17:29:50+00:00,2025-03-25 17:29:49+00:00,1,,0,0,https://github.com/vinted/dataverse-cli/pull/263,0,2025-03,2025,3,Q1 2025,True,False,False
4009,chore: change modelling tests to start at 6h UTC,dataverse-vintedgo-dbt,vinted/dataverse-vintedgo-dbt,merged,jeremychia,2025-03-25 17:27:12+00:00,2025-03-26 07:13:03+00:00,2025-03-26 07:13:02+00:00,2,"vgo_finance, scheduler",2,0,https://github.com/vinted/dataverse-vintedgo-dbt/pull/4009,321,2025-03,2025,3,Q1 2025,True,False,False
4011,fix: add exclusion configuration for `dim_reporting_route_mapping_by_month`,dataverse-vintedgo-dbt,vinted/dataverse-vintedgo-dbt,merged,jeremychia,2025-03-26 06:27:25+00:00,2025-03-26 06:47:50+00:00,2025-03-26 06:47:49+00:00,2,vgo_finance,1,0,https://github.com/vinted/dataverse-vintedgo-dbt/pull/4011,4596,2025-03,2025,3,Q1 2025,True,False,False
4013,fix: testing changes for `test_valid_combinations`,dataverse-vintedgo-dbt,vinted/dataverse-vintedgo-dbt,merged,jeremychia,2025-03-26 07:22:02+00:00,2025-03-26 07:45:13+00:00,2025-03-26 07:45:12+00:00,3,vgo_finance,1,0,https://github.com/vinted/dataverse-vintedgo-dbt/pull/4013,321,2025-03,2025,3,Q1 2025,True,False,False
119,feat: add day_of_month to supported timeframes,dataverse-lookml-generator,vinted/dataverse-lookml-generator,merged,jeremychia,2025-03-26 09:58:23+00:00,2025-03-27 11:58:39+00:00,2025-03-27 11:58:39+00:00,1,,0,1,https://github.com/vinted/dataverse-lookml-generator/pull/119,248,2025-03,2025,3,Q1 2025,True,False,False
4015,chore: include new columns from the price list into the configuration,dataverse-vintedgo-dbt,vinted/dataverse-vintedgo-dbt,merged,jeremychia,2025-03-26 10:29:14+00:00,2025-03-26 14:42:01+00:00,2025-03-26 14:42:00+00:00,2,"vgo_finance, docs",2,0,https://github.com/vinted/dataverse-vintedgo-dbt/pull/4015,5923,2025-03,2025,3,Q1 2025,True,False,False
4020,fix: remove additional descriptions added,dataverse-vintedgo-dbt,vinted/dataverse-vintedgo-dbt,merged,jeremychia,2025-03-26 15:31:03+00:00,2025-03-26 15:51:35+00:00,2025-03-26 15:51:34+00:00,2,vgo_finance,1,0,https://github.com/vinted/dataverse-vintedgo-dbt/pull/4020,120,2025-03,2025,3,Q1 2025,True,False,False
4022,chore: remove mart_vgo_finance_test_failures,dataverse-vintedgo-dbt,vinted/dataverse-vintedgo-dbt,merged,jeremychia,2025-03-27 07:49:38+00:00,2025-03-27 08:07:13+00:00,2025-03-27 08:07:12+00:00,0,vgo_finance,1,0,https://github.com/vinted/dataverse-vintedgo-dbt/pull/4022,4623,2025-03,2025,3,Q1 2025,True,False,False
4028,chore: add exclude_from_slo for low impact tests,dataverse-vintedgo-dbt,vinted/dataverse-vintedgo-dbt,merged,jeremychia,2025-03-27 12:50:20+00:00,2025-03-27 14:18:13+00:00,2025-03-27 14:18:12+00:00,2,"vgo_finance, scheduler",2,0,https://github.com/vinted/dataverse-vintedgo-dbt/pull/4028,4980,2025-03,2025,3,Q1 2025,True,False,False
4030,feat: exclude `tag:exclude_from_slo` tests from execution metrics,dataverse-vintedgo-dbt,vinted/dataverse-vintedgo-dbt,merged,jeremychia,2025-03-27 13:31:14+00:00,2025-03-27 14:31:16+00:00,2025-03-27 14:31:15+00:00,2,observability,1,0,https://github.com/vinted/dataverse-vintedgo-dbt/pull/4030,4909,2025-03,2025,3,Q1 2025,True,False,False
1936,feat: add package size + base rate in the dashboard,dataverse-vintedgo-looker,vinted/dataverse-vintedgo-looker,merged,jeremychia,2025-03-27 15:01:23+00:00,2025-03-27 15:06:50+00:00,2025-03-27 15:06:49+00:00,0,vgo_finance,1,0,https://github.com/vinted/dataverse-vintedgo-looker/pull/1936,702,2025-03,2025,3,Q1 2025,True,False,False
4036,feat: logic of `mart_carrier_invoice_totals` to take into account the route,dataverse-vintedgo-dbt,vinted/dataverse-vintedgo-dbt,merged,jeremychia,2025-03-27 16:38:27+00:00,2025-04-10 07:22:30+00:00,2025-04-10 07:22:29+00:00,2,vgo_finance,1,13,https://github.com/vinted/dataverse-vintedgo-dbt/pull/4036,5329,2025-03,2025,3,Q1 2025,True,False,False
4062,chore: add deprecated columns for incremental models,dataverse-vintedgo-dbt,vinted/dataverse-vintedgo-dbt,merged,jeremychia,2025-03-31 14:04:07+00:00,2025-04-01 08:43:42+00:00,2025-04-01 08:43:41+00:00,2,vgo_finance,1,0,https://github.com/vinted/dataverse-vintedgo-dbt/pull/4062,466,2025-03,2025,3,Q1 2025,True,False,False
122,"feat: disregard ""deprecated"" columns for validating schema consistency",dataverse-lookml-generator,vinted/dataverse-lookml-generator,merged,jeremychia,2025-04-01 06:28:03+00:00,2025-04-01 07:33:44+00:00,2025-04-01 07:32:33+00:00,1,,0,0,https://github.com/vinted/dataverse-lookml-generator/pull/122,849,2025-04,2025,4,Q2 2025,True,False,False
76,fix: remove invalid columns from easypost shipment report,dataverse-vintedgo-finance,vinted/dataverse-vintedgo-finance,merged,jeremychia,2025-04-01 07:15:51+00:00,2025-04-01 07:21:01+00:00,2025-04-01 07:20:59+00:00,0,,0,0,https://github.com/vinted/dataverse-vintedgo-finance/pull/76,583,2025-04,2025,4,Q2 2025,True,False,False
4068,chore: zeroise expected costs for only 97->97_FR->FR,dataverse-vintedgo-dbt,vinted/dataverse-vintedgo-dbt,merged,jeremychia,2025-04-01 12:29:37+00:00,2025-04-01 12:53:57+00:00,2025-04-01 12:53:56+00:00,2,vgo_finance,1,0,https://github.com/vinted/dataverse-vintedgo-dbt/pull/4068,4687,2025-04,2025,4,Q2 2025,True,False,False
77,feat: revise message to include links to logs,dataverse-vintedgo-finance,vinted/dataverse-vintedgo-finance,merged,jeremychia,2025-04-02 08:55:11+00:00,2025-04-02 12:35:08+00:00,2025-04-02 12:35:06+00:00,0,,0,0,https://github.com/vinted/dataverse-vintedgo-finance/pull/77,736,2025-04,2025,4,Q2 2025,True,False,False
123,"feat: add ""hour"" as a timeframe for dimension_group",dataverse-lookml-generator,vinted/dataverse-lookml-generator,merged,jeremychia,2025-04-02 11:30:03+00:00,2025-04-03 10:41:38+00:00,2025-04-03 10:41:38+00:00,1,,0,0,https://github.com/vinted/dataverse-lookml-generator/pull/123,189,2025-04,2025,4,Q2 2025,True,False,False
78,feat: include when the duplicated file was uploaded,dataverse-vintedgo-finance,vinted/dataverse-vintedgo-finance,merged,jeremychia,2025-04-02 11:59:48+00:00,2025-04-02 12:34:57+00:00,2025-04-02 12:34:56+00:00,0,,0,0,https://github.com/vinted/dataverse-vintedgo-finance/pull/78,870,2025-04,2025,4,Q2 2025,True,False,False
79,feat: add missing bucket to configuration (inpost-uk),dataverse-vintedgo-finance,vinted/dataverse-vintedgo-finance,closed,jeremychia,2025-04-02 12:17:38+00:00,2025-04-02 12:18:29+00:00,2025-04-02 12:18:29+00:00,0,,0,0,https://github.com/vinted/dataverse-vintedgo-finance/pull/79,0,2025-04,2025,4,Q2 2025,False,True,False
80,feat: add missing bucket to configuration (inpost-uk),dataverse-vintedgo-finance,vinted/dataverse-vintedgo-finance,merged,jeremychia,2025-04-02 12:18:36+00:00,2025-04-02 12:34:49+00:00,2025-04-02 12:34:48+00:00,0,,0,0,https://github.com/vinted/dataverse-vintedgo-finance/pull/80,332,2025-04,2025,4,Q2 2025,True,False,False
81,chore: change owner LAPOSTE to emile.griniute,dataverse-vintedgo-finance,vinted/dataverse-vintedgo-finance,merged,jeremychia,2025-04-02 12:21:07+00:00,2025-04-02 12:34:40+00:00,2025-04-02 12:34:39+00:00,0,,0,0,https://github.com/vinted/dataverse-vintedgo-finance/pull/81,140,2025-04,2025,4,Q2 2025,True,False,False
4081,chore: safe_cast price amounts in inpost-uk,dataverse-vintedgo-dbt,vinted/dataverse-vintedgo-dbt,merged,jeremychia,2025-04-02 14:05:19+00:00,2025-04-02 14:24:59+00:00,2025-04-02 14:24:58+00:00,2,vgo_finance,1,0,https://github.com/vinted/dataverse-vintedgo-dbt/pull/4081,855,2025-04,2025,4,Q2 2025,True,False,False
1963,"fix: filters in dashboard (price list joins, last 3 months)",dataverse-vintedgo-looker,vinted/dataverse-vintedgo-looker,merged,jeremychia,2025-04-03 07:00:15+00:00,2025-04-03 07:14:00+00:00,2025-04-03 07:13:59+00:00,0,vgo_finance,1,0,https://github.com/vinted/dataverse-vintedgo-looker/pull/1963,869,2025-04,2025,4,Q2 2025,True,False,False
4088,fix: create dependency between `price_list_join` and `mart_vgo_finance_unmatched_price_list_test_failures`,dataverse-vintedgo-dbt,vinted/dataverse-vintedgo-dbt,merged,jeremychia,2025-04-03 07:31:40+00:00,2025-04-03 07:47:09+00:00,2025-04-03 07:47:08+00:00,2,"vgo_finance, scheduler",2,0,https://github.com/vinted/dataverse-vintedgo-dbt/pull/4088,787,2025-04,2025,4,Q2 2025,True,False,False
82,chore: adjust dependency for stg_carrier_credit_notes__all_carriers,dataverse-vintedgo-finance,vinted/dataverse-vintedgo-finance,merged,jeremychia,2025-04-03 08:26:11+00:00,2025-04-03 08:34:09+00:00,2025-04-03 08:34:07+00:00,0,,0,0,https://github.com/vinted/dataverse-vintedgo-finance/pull/82,135,2025-04,2025,4,Q2 2025,True,False,False
4092,chore: start at 6 UTC for test_highfreq_lowimpact,dataverse-vintedgo-dbt,vinted/dataverse-vintedgo-dbt,merged,jeremychia,2025-04-03 09:01:58+00:00,2025-04-03 09:14:30+00:00,2025-04-03 09:14:29+00:00,2,"vgo_finance, scheduler",2,0,https://github.com/vinted/dataverse-vintedgo-dbt/pull/4092,253,2025-04,2025,4,Q2 2025,True,False,False
3955,chore: add group-finance to read for dataverse-dbt-shared and dataverse-lookml-generator,terraform-github,vinted/terraform-github,merged,jeremychia,2025-04-03 10:43:50+00:00,2025-04-03 10:48:33+00:00,2025-04-03 10:48:29+00:00,6,,0,0,https://github.com/vinted/terraform-github/pull/3955,888,2025-04,2025,4,Q2 2025,True,False,False
83,fix: time format should not have timezone,dataverse-vintedgo-finance,vinted/dataverse-vintedgo-finance,merged,jeremychia,2025-04-03 11:19:37+00:00,2025-04-03 11:21:32+00:00,2025-04-03 11:21:31+00:00,0,,0,0,https://github.com/vinted/dataverse-vintedgo-finance/pull/83,363,2025-04,2025,4,Q2 2025,True,False,False
84,fix: account for different file types,dataverse-vintedgo-finance,vinted/dataverse-vintedgo-finance,merged,jeremychia,2025-04-03 11:36:36+00:00,2025-04-03 11:41:10+00:00,2025-04-03 11:41:08+00:00,0,,0,0,https://github.com/vinted/dataverse-vintedgo-finance/pull/84,716,2025-04,2025,4,Q2 2025,True,False,False
85,fix: wrong library imported,dataverse-vintedgo-finance,vinted/dataverse-vintedgo-finance,merged,jeremychia,2025-04-03 11:52:26+00:00,2025-04-03 11:55:13+00:00,2025-04-03 11:55:11+00:00,0,,0,0,https://github.com/vinted/dataverse-vintedgo-finance/pull/85,63,2025-04,2025,4,Q2 2025,True,False,False
86,fix: another dumb fix,dataverse-vintedgo-finance,vinted/dataverse-vintedgo-finance,merged,jeremychia,2025-04-03 12:02:43+00:00,2025-04-03 12:11:48+00:00,2025-04-03 12:11:47+00:00,0,,0,0,https://github.com/vinted/dataverse-vintedgo-finance/pull/86,119,2025-04,2025,4,Q2 2025,True,False,False
87,fix: git is playing tricks on me now,dataverse-vintedgo-finance,vinted/dataverse-vintedgo-finance,merged,jeremychia,2025-04-03 12:23:25+00:00,2025-04-03 12:26:44+00:00,2025-04-03 12:26:42+00:00,0,,0,0,https://github.com/vinted/dataverse-vintedgo-finance/pull/87,0,2025-04,2025,4,Q2 2025,True,False,False
88,chore: typo in config,dataverse-vintedgo-finance,vinted/dataverse-vintedgo-finance,merged,jeremychia,2025-04-03 12:53:31+00:00,2025-04-03 13:02:56+00:00,2025-04-03 13:02:55+00:00,0,,0,0,https://github.com/vinted/dataverse-vintedgo-finance/pull/88,0,2025-04,2025,4,Q2 2025,True,False,False
89,feat: adapt to error message (royalmail),dataverse-vintedgo-finance,vinted/dataverse-vintedgo-finance,merged,jeremychia,2025-04-04 04:43:08+00:00,2025-04-04 06:22:58+00:00,2025-04-04 06:22:56+00:00,0,,0,0,https://github.com/vinted/dataverse-vintedgo-finance/pull/89,433,2025-04,2025,4,Q2 2025,True,False,False
4106,hotfix: aggregate adjusted invoice carrier code in carrier invoices totals to avoid duplicates.,dataverse-vintedgo-dbt,vinted/dataverse-vintedgo-dbt,merged,jeremychia,2025-04-04 07:52:54+00:00,2025-04-04 08:14:41+00:00,2025-04-04 08:14:40+00:00,3,vgo_finance,1,0,https://github.com/vinted/dataverse-vintedgo-dbt/pull/4106,5219,2025-04,2025,4,Q2 2025,True,False,False
639,feat: tag asset mrt_shipping_revenue_vs_costs with access:vinted,dataverse-finance,vinted/dataverse-finance,merged,jeremychia,2025-04-10 06:45:55+00:00,2025-04-10 07:02:18+00:00,2025-04-10 06:53:18+00:00,10,,0,0,https://github.com/vinted/dataverse-finance/pull/639,368,2025-04,2025,4,Q2 2025,True,False,False
640,feat: grants to mkp for mrt_shipping_revenue_vs_costs,dataverse-finance,vinted/dataverse-finance,merged,jeremychia,2025-04-10 07:31:37+00:00,2025-04-10 08:29:48+00:00,2025-04-10 07:50:26+00:00,10,,0,0,https://github.com/vinted/dataverse-finance/pull/640,102,2025-04,2025,4,Q2 2025,True,False,False
90,feat: improve error handling in easypost api,dataverse-vintedgo-finance,vinted/dataverse-vintedgo-finance,merged,jeremychia,2025-04-10 08:28:19+00:00,2025-04-10 10:28:18+00:00,2025-04-10 10:28:16+00:00,0,,0,0,https://github.com/vinted/dataverse-vintedgo-finance/pull/90,270,2025-04,2025,4,Q2 2025,True,False,False
92,feat: error alerting to slack (royalmail ingestor),dataverse-vintedgo-finance,vinted/dataverse-vintedgo-finance,merged,jeremychia,2025-04-10 15:10:13+00:00,2025-04-23 06:09:22+00:00,2025-04-23 06:09:21+00:00,0,,0,12,https://github.com/vinted/dataverse-vintedgo-finance/pull/92,270,2025-04,2025,4,Q2 2025,True,False,False
93,chore: update columns for stg_carrier_credit_notes__all_carriers,dataverse-vintedgo-finance,vinted/dataverse-vintedgo-finance,merged,jeremychia,2025-04-11 07:41:16+00:00,2025-04-11 07:57:20+00:00,2025-04-11 07:57:18+00:00,0,,0,0,https://github.com/vinted/dataverse-vintedgo-finance/pull/93,97,2025-04,2025,4,Q2 2025,True,False,False
94,feat: implement checks for invoice and label dates,dataverse-vintedgo-finance,vinted/dataverse-vintedgo-finance,merged,jeremychia,2025-04-11 12:14:17+00:00,2025-04-11 12:30:50+00:00,2025-04-11 12:30:49+00:00,0,,0,0,https://github.com/vinted/dataverse-vintedgo-finance/pull/94,158,2025-04,2025,4,Q2 2025,True,False,False
95,chore: add config for field assertions,dataverse-vintedgo-finance,vinted/dataverse-vintedgo-finance,merged,jeremychia,2025-04-11 14:00:05+00:00,2025-04-22 07:20:32+00:00,2025-04-22 07:20:30+00:00,0,,0,10,https://github.com/vinted/dataverse-vintedgo-finance/pull/95,90,2025-04,2025,4,Q2 2025,True,False,False
4155,chore: new source columns for la poste,dataverse-vintedgo-dbt,vinted/dataverse-vintedgo-dbt,merged,jeremychia,2025-04-14 09:04:10+00:00,2025-04-14 14:50:53+00:00,2025-04-14 14:50:52+00:00,2,vgo_finance,1,0,https://github.com/vinted/dataverse-vintedgo-dbt/pull/4155,6289,2025-04,2025,4,Q2 2025,True,False,False
97,chore: include new columns in config (laposte),dataverse-vintedgo-finance,vinted/dataverse-vintedgo-finance,merged,jeremychia,2025-04-14 09:32:45+00:00,2025-04-14 14:41:00+00:00,2025-04-14 14:40:58+00:00,0,,0,0,https://github.com/vinted/dataverse-vintedgo-finance/pull/97,114,2025-04,2025,4,Q2 2025,True,False,False
4166,fix: move cdc_changelog tests upstream,dataverse-vintedgo-dbt,vinted/dataverse-vintedgo-dbt,merged,jeremychia,2025-04-14 14:53:18+00:00,2025-04-22 07:17:15+00:00,2025-04-22 07:17:14+00:00,2,vgo_finance,1,7,https://github.com/vinted/dataverse-vintedgo-dbt/pull/4166,4577,2025-04,2025,4,Q2 2025,True,False,False
4172,chore: add POSTI to compensation carrier codes,dataverse-vintedgo-dbt,vinted/dataverse-vintedgo-dbt,merged,jeremychia,2025-04-15 06:18:47+00:00,2025-04-15 06:56:17+00:00,2025-04-15 06:56:16+00:00,2,vgo_finance,1,0,https://github.com/vinted/dataverse-vintedgo-dbt/pull/4172,4633,2025-04,2025,4,Q2 2025,True,False,False
100,feat: add configuration for service now claim eligible compensations,dataverse-vintedgo-finance,vinted/dataverse-vintedgo-finance,merged,jeremychia,2025-04-15 14:51:42+00:00,2025-04-17 10:05:53+00:00,2025-04-17 10:05:50+00:00,0,,0,1,https://github.com/vinted/dataverse-vintedgo-finance/pull/100,166,2025-04,2025,4,Q2 2025,True,False,False
664,feat: add configs for table tagging,dataverse-finance,vinted/dataverse-finance,closed,jeremychia,2025-04-16 08:23:16+00:00,2025-04-16 08:24:40+00:00,2025-04-16 08:24:39+00:00,3,,0,0,https://github.com/vinted/dataverse-finance/pull/664,105,2025-04,2025,4,Q2 2025,False,True,False
102,feat: migrate shipment join failures to python,dataverse-vintedgo-finance,vinted/dataverse-vintedgo-finance,merged,jeremychia,2025-04-17 09:49:40+00:00,2025-04-17 10:05:24+00:00,2025-04-17 10:05:22+00:00,0,,0,0,https://github.com/vinted/dataverse-vintedgo-finance/pull/102,901,2025-04,2025,4,Q2 2025,True,False,False
4201,feat: add shipment join failures to scheduler,dataverse-vintedgo-dbt,vinted/dataverse-vintedgo-dbt,merged,jeremychia,2025-04-17 09:51:17+00:00,2025-04-17 10:12:54+00:00,2025-04-17 10:12:53+00:00,2,"vgo_finance, scheduler",2,0,https://github.com/vinted/dataverse-vintedgo-dbt/pull/4201,85,2025-04,2025,4,Q2 2025,True,False,False
4202,chore: remove old configuration (for shipment join failures),dataverse-vintedgo-dbt,vinted/dataverse-vintedgo-dbt,merged,jeremychia,2025-04-17 09:56:34+00:00,2025-04-17 12:01:16+00:00,2025-04-17 12:01:15+00:00,2,"vgo_finance, scheduler",2,0,https://github.com/vinted/dataverse-vintedgo-dbt/pull/4202,155,2025-04,2025,4,Q2 2025,True,False,False
4203,chore: change group to test_highfreq_lowimpact for (check_shipment_join_failures),dataverse-vintedgo-dbt,vinted/dataverse-vintedgo-dbt,merged,jeremychia,2025-04-17 11:11:55+00:00,2025-04-17 11:42:47+00:00,2025-04-17 11:42:46+00:00,2,"vgo_finance, scheduler",2,0,https://github.com/vinted/dataverse-vintedgo-dbt/pull/4203,165,2025-04,2025,4,Q2 2025,True,False,False
103,chore: improve error handling for shipment joins failure checker,dataverse-vintedgo-finance,vinted/dataverse-vintedgo-finance,merged,jeremychia,2025-04-17 11:44:30+00:00,2025-04-23 13:29:01+00:00,2025-04-23 13:28:59+00:00,0,,0,6,https://github.com/vinted/dataverse-vintedgo-finance/pull/103,53,2025-04,2025,4,Q2 2025,True,False,False
104,fix: for elif for value ==,dataverse-vintedgo-finance,vinted/dataverse-vintedgo-finance,merged,jeremychia,2025-04-22 09:33:05+00:00,2025-04-22 11:24:45+00:00,2025-04-22 11:24:44+00:00,0,,0,0,https://github.com/vinted/dataverse-vintedgo-finance/pull/104,82,2025-04,2025,4,Q2 2025,True,False,False
125,"feat: include ""datetime"" for dimension group formats",dataverse-lookml-generator,vinted/dataverse-lookml-generator,merged,jeremychia,2025-04-22 10:38:41+00:00,2025-04-22 11:32:34+00:00,2025-04-22 11:32:33+00:00,1,,0,0,https://github.com/vinted/dataverse-lookml-generator/pull/125,767,2025-04,2025,4,Q2 2025,True,False,False
106,fix: cast timestamps,dataverse-vintedgo-finance,vinted/dataverse-vintedgo-finance,merged,jeremychia,2025-04-23 07:48:10+00:00,2025-04-23 08:29:49+00:00,2025-04-23 08:29:48+00:00,0,,0,0,https://github.com/vinted/dataverse-vintedgo-finance/pull/106,110,2025-04,2025,4,Q2 2025,True,False,False
107,fix: changes in conditions for date checks,dataverse-vintedgo-finance,vinted/dataverse-vintedgo-finance,merged,jeremychia,2025-04-23 13:30:01+00:00,2025-04-23 14:23:35+00:00,2025-04-23 14:23:33+00:00,0,,0,0,https://github.com/vinted/dataverse-vintedgo-finance/pull/107,314,2025-04,2025,4,Q2 2025,True,False,False
108,remove: cancelled_date from royal mail,dataverse-vintedgo-finance,vinted/dataverse-vintedgo-finance,merged,jeremychia,2025-04-24 06:54:50+00:00,2025-04-24 06:57:37+00:00,2025-04-24 06:57:35+00:00,0,,0,0,https://github.com/vinted/dataverse-vintedgo-finance/pull/108,0,2025-04,2025,4,Q2 2025,True,False,False
4243,chore: reinclude specific invoices into the no details file,dataverse-vintedgo-dbt,vinted/dataverse-vintedgo-dbt,merged,jeremychia,2025-04-24 12:31:02+00:00,2025-04-24 13:53:53+00:00,2025-04-24 13:53:52+00:00,2,vgo_finance,1,0,https://github.com/vinted/dataverse-vintedgo-dbt/pull/4243,4345,2025-04,2025,4,Q2 2025,True,False,False
4286,fix: use _backend for carrier_id in mart_d2c_compensations,dataverse-vintedgo-dbt,vinted/dataverse-vintedgo-dbt,closed,jeremychia,2025-05-02 08:38:31+00:00,2025-05-02 10:56:08+00:00,2025-05-02 10:56:08+00:00,3,vgo_finance,1,0,https://github.com/vinted/dataverse-vintedgo-dbt/pull/4286,4319,2025-05,2025,5,Q2 2025,False,True,False
4287,chore: remove carrier_id_first/last_mile from dim_prep_shipment_legs_information,dataverse-vintedgo-dbt,vinted/dataverse-vintedgo-dbt,merged,jeremychia,2025-05-02 08:50:58+00:00,2025-05-02 09:18:18+00:00,2025-05-02 09:18:17+00:00,2,vgo_finance,1,0,https://github.com/vinted/dataverse-vintedgo-dbt/pull/4287,4038,2025-05,2025,5,Q2 2025,True,False,False
4288,chore: drop column with custom query in dim_prep_shipment_leg_information,dataverse-vintedgo-dbt,vinted/dataverse-vintedgo-dbt,merged,jeremychia,2025-05-02 09:11:52+00:00,2025-05-02 09:25:37+00:00,2025-05-02 09:25:36+00:00,0,vgo_finance,1,0,https://github.com/vinted/dataverse-vintedgo-dbt/pull/4288,3949,2025-05,2025,5,Q2 2025,True,False,False
4291,feat: split up label and postage fee for USPS,dataverse-vintedgo-dbt,vinted/dataverse-vintedgo-dbt,merged,jeremychia,2025-05-02 11:54:30+00:00,2025-05-02 12:16:50+00:00,2025-05-02 12:16:49+00:00,2,vgo_finance,1,0,https://github.com/vinted/dataverse-vintedgo-dbt/pull/4291,4506,2025-05,2025,5,Q2 2025,True,False,False
110,fix: include invoice_cost_description in USPS uniqueness check,dataverse-vintedgo-finance,vinted/dataverse-vintedgo-finance,merged,jeremychia,2025-05-05 06:44:42+00:00,2025-05-05 07:47:03+00:00,2025-05-05 07:47:01+00:00,0,,0,0,https://github.com/vinted/dataverse-vintedgo-finance/pull/110,374,2025-05,2025,5,Q2 2025,True,False,False
111,feat: send alerts to invoice upload function alerts,dataverse-vintedgo-finance,vinted/dataverse-vintedgo-finance,merged,jeremychia,2025-05-05 07:11:48+00:00,2025-05-05 07:48:03+00:00,2025-05-05 07:48:01+00:00,0,,0,0,https://github.com/vinted/dataverse-vintedgo-finance/pull/111,358,2025-05,2025,5,Q2 2025,True,False,False
4296,feat: include new dpd uk columns in total amount calculation,dataverse-vintedgo-dbt,vinted/dataverse-vintedgo-dbt,merged,jeremychia,2025-05-05 07:36:05+00:00,2025-05-05 07:56:58+00:00,2025-05-05 07:56:57+00:00,2,vgo_finance,1,0,https://github.com/vinted/dataverse-vintedgo-dbt/pull/4296,4750,2025-05,2025,5,Q2 2025,True,False,False
112,chore: change owner for PPL to gvidas from greta,dataverse-vintedgo-finance,vinted/dataverse-vintedgo-finance,merged,jeremychia,2025-05-05 07:51:28+00:00,2025-05-05 07:57:10+00:00,2025-05-05 07:57:08+00:00,0,,0,0,https://github.com/vinted/dataverse-vintedgo-finance/pull/112,120,2025-05,2025,5,Q2 2025,True,False,False
113,feat: update configuration for completeness alerts,dataverse-vintedgo-finance,vinted/dataverse-vintedgo-finance,merged,jeremychia,2025-05-05 08:22:04+00:00,2025-05-05 08:56:23+00:00,2025-05-05 08:56:21+00:00,0,,0,0,https://github.com/vinted/dataverse-vintedgo-finance/pull/113,411,2025-05,2025,5,Q2 2025,True,False,False
114,chore: change owner for CP to justina.leistye,dataverse-vintedgo-finance,vinted/dataverse-vintedgo-finance,merged,jeremychia,2025-05-05 11:25:20+00:00,2025-05-05 11:35:55+00:00,2025-05-05 11:35:53+00:00,0,,0,0,https://github.com/vinted/dataverse-vintedgo-finance/pull/114,245,2025-05,2025,5,Q2 2025,True,False,False
4301,chore: use data_futura instead of data_part as the main label_date column for poste-italiane,dataverse-vintedgo-dbt,vinted/dataverse-vintedgo-dbt,merged,jeremychia,2025-05-05 11:46:41+00:00,2025-05-05 12:10:31+00:00,2025-05-05 12:10:30+00:00,2,vgo_finance,1,0,https://github.com/vinted/dataverse-vintedgo-dbt/pull/4301,4152,2025-05,2025,5,Q2 2025,True,False,False
4304,feat: royal mail - implement logic to use service code for categorising extra costs,dataverse-vintedgo-dbt,vinted/dataverse-vintedgo-dbt,merged,jeremychia,2025-05-05 14:00:15+00:00,2025-05-06 09:44:42+00:00,2025-05-06 09:44:40+00:00,2,vgo_finance,1,0,https://github.com/vinted/dataverse-vintedgo-dbt/pull/4304,7615,2025-05,2025,5,Q2 2025,True,False,False
4312,"chore: METHOD -  change invoice date to the last day of latest month, rather than common month",dataverse-vintedgo-dbt,vinted/dataverse-vintedgo-dbt,merged,jeremychia,2025-05-06 09:12:41+00:00,2025-05-06 09:31:47+00:00,2025-05-06 09:31:45+00:00,2,vgo_finance,1,0,https://github.com/vinted/dataverse-vintedgo-dbt/pull/4312,4140,2025-05,2025,5,Q2 2025,True,False,False
4314,docs: update invoice account code description,dataverse-vintedgo-dbt,vinted/dataverse-vintedgo-dbt,merged,jeremychia,2025-05-06 09:43:50+00:00,2025-05-06 10:10:36+00:00,2025-05-06 10:10:35+00:00,0,docs,1,0,https://github.com/vinted/dataverse-vintedgo-dbt/pull/4314,119,2025-05,2025,5,Q2 2025,True,False,False
4321,fix: have a unique key for update/merge for royal mail latest records,dataverse-vintedgo-dbt,vinted/dataverse-vintedgo-dbt,merged,jeremychia,2025-05-07 05:46:28+00:00,2025-05-07 06:18:46+00:00,2025-05-07 06:18:45+00:00,2,vgo_finance,1,0,https://github.com/vinted/dataverse-vintedgo-dbt/pull/4321,4152,2025-05,2025,5,Q2 2025,True,False,False
115,chore: add columns to make debugging more meaningful for shipment joins failure checker,dataverse-vintedgo-finance,vinted/dataverse-vintedgo-finance,merged,jeremychia,2025-05-07 06:49:11+00:00,2025-05-07 07:02:19+00:00,2025-05-07 07:02:17+00:00,0,,0,0,https://github.com/vinted/dataverse-vintedgo-finance/pull/115,171,2025-05,2025,5,Q2 2025,True,False,False
4324,feat: include retrieved compensation routes into mapping table,dataverse-vintedgo-dbt,vinted/dataverse-vintedgo-dbt,merged,jeremychia,2025-05-07 09:20:51+00:00,2025-05-07 12:59:46+00:00,2025-05-07 12:59:44+00:00,2,vgo_finance,1,0,https://github.com/vinted/dataverse-vintedgo-dbt/pull/4324,7012,2025-05,2025,5,Q2 2025,True,False,False
8343,feat: shipping pricing's profit and loss view,dataverse-marketplace-dbt,vinted/dataverse-marketplace-dbt,merged,jeremychia,2025-05-07 16:12:57+00:00,2025-05-27 09:45:26+00:00,2025-05-27 09:45:25+00:00,5,"documentation, marketing",2,19,https://github.com/vinted/dataverse-marketplace-dbt/pull/8343,6587,2025-05,2025,5,Q2 2025,True,False,False
4331,hotfix: (2) raise threshold of errors for currency,dataverse-vintedgo-dbt,vinted/dataverse-vintedgo-dbt,merged,jeremychia,2025-05-08 04:54:59+00:00,2025-05-08 05:35:08+00:00,2025-05-08 05:35:07+00:00,2,vgo_finance,1,0,https://github.com/vinted/dataverse-vintedgo-dbt/pull/4331,3840,2025-05,2025,5,Q2 2025,True,False,False
4336,chore: amend invoice logic to ignore extra costs royal mail,dataverse-vintedgo-dbt,vinted/dataverse-vintedgo-dbt,merged,jeremychia,2025-05-09 07:50:44+00:00,2025-05-09 08:35:03+00:00,2025-05-09 08:35:02+00:00,2,vgo_finance,1,0,https://github.com/vinted/dataverse-vintedgo-dbt/pull/4336,4198,2025-05,2025,5,Q2 2025,True,False,False
116,chore: add mindaugas.nasutavicius to compensation completeness alerts,dataverse-vintedgo-finance,vinted/dataverse-vintedgo-finance,merged,jeremychia,2025-05-09 07:56:16+00:00,2025-05-09 08:16:54+00:00,2025-05-09 08:16:52+00:00,0,,0,0,https://github.com/vinted/dataverse-vintedgo-finance/pull/116,80,2025-05,2025,5,Q2 2025,True,False,False
4337,chore: add new account number 0000W372J7 for UPS (UPS-PL),dataverse-vintedgo-dbt,vinted/dataverse-vintedgo-dbt,merged,jeremychia,2025-05-09 08:06:50+00:00,2025-05-09 08:25:37+00:00,2025-05-09 08:25:36+00:00,2,vgo_finance,1,0,https://github.com/vinted/dataverse-vintedgo-dbt/pull/4337,4053,2025-05,2025,5,Q2 2025,True,False,False
4345,feat: exclude vgo finance model from slo + allow for excluding models from SLOs,dataverse-vintedgo-dbt,vinted/dataverse-vintedgo-dbt,merged,jeremychia,2025-05-12 15:23:11+00:00,2025-05-12 15:51:44+00:00,2025-05-12 15:51:43+00:00,2,observability,1,0,https://github.com/vinted/dataverse-vintedgo-dbt/pull/4345,4274,2025-05,2025,5,Q2 2025,True,False,False
117,chore: change name to mindaugas.nasutavici,dataverse-vintedgo-finance,vinted/dataverse-vintedgo-finance,merged,jeremychia,2025-05-12 15:44:54+00:00,2025-05-12 15:51:06+00:00,2025-05-12 15:51:04+00:00,0,,0,0,https://github.com/vinted/dataverse-vintedgo-finance/pull/117,187,2025-05,2025,5,Q2 2025,True,False,False
4346,feat: add new account codes for UPS for populating values,dataverse-vintedgo-dbt,vinted/dataverse-vintedgo-dbt,merged,jeremychia,2025-05-13 07:04:43+00:00,2025-05-13 07:25:56+00:00,2025-05-13 07:25:55+00:00,2,vgo_finance,1,0,https://github.com/vinted/dataverse-vintedgo-dbt/pull/4346,4039,2025-05,2025,5,Q2 2025,True,False,False
4352,feat: (SLOVAK-POST) update to treat document date as invoice date,dataverse-vintedgo-dbt,vinted/dataverse-vintedgo-dbt,merged,jeremychia,2025-05-13 08:40:39+00:00,2025-05-13 09:06:32+00:00,2025-05-13 09:06:31+00:00,2,vgo_finance,1,0,https://github.com/vinted/dataverse-vintedgo-dbt/pull/4352,4627,2025-05,2025,5,Q2 2025,True,False,False
118,chore: include new dependent fields for SLOVAK-POST's invoice_date,dataverse-vintedgo-finance,vinted/dataverse-vintedgo-finance,merged,jeremychia,2025-05-13 08:43:17+00:00,2025-05-13 08:57:09+00:00,2025-05-13 08:57:07+00:00,0,,0,0,https://github.com/vinted/dataverse-vintedgo-finance/pull/118,131,2025-05,2025,5,Q2 2025,True,False,False
119,fix: handle nulls in dates,dataverse-vintedgo-finance,vinted/dataverse-vintedgo-finance,merged,jeremychia,2025-05-13 09:30:38+00:00,2025-05-13 11:25:39+00:00,2025-05-13 11:25:36+00:00,0,,0,0,https://github.com/vinted/dataverse-vintedgo-finance/pull/119,344,2025-05,2025,5,Q2 2025,True,False,False
4359,fix: add file upload datetime to claim eligible compensations,dataverse-vintedgo-dbt,vinted/dataverse-vintedgo-dbt,merged,jeremychia,2025-05-13 14:38:46+00:00,2025-05-13 14:53:45+00:00,2025-05-13 14:53:44+00:00,2,vgo_finance,1,0,https://github.com/vinted/dataverse-vintedgo-dbt/pull/4359,3996,2025-05,2025,5,Q2 2025,True,False,False
4401,feat: add validity range test to cost categories,dataverse-vintedgo-dbt,vinted/dataverse-vintedgo-dbt,merged,jeremychia,2025-05-19 09:15:54+00:00,2025-05-19 09:42:46+00:00,2025-05-19 09:42:45+00:00,2,vgo_finance,1,0,https://github.com/vinted/dataverse-vintedgo-dbt/pull/4401,4355,2025-05,2025,5,Q2 2025,True,False,False
4402,chore: exclude mart_vgo_finance_unmatched_price_list_test_failures from SLO,dataverse-vintedgo-dbt,vinted/dataverse-vintedgo-dbt,merged,jeremychia,2025-05-19 09:24:32+00:00,2025-05-19 09:49:46+00:00,2025-05-19 09:49:45+00:00,2,vgo_finance,1,0,https://github.com/vinted/dataverse-vintedgo-dbt/pull/4402,4440,2025-05,2025,5,Q2 2025,True,False,False
2137,"feat: add from_zone, to_zone information in price list dashboard",dataverse-vintedgo-looker,vinted/dataverse-vintedgo-looker,merged,jeremychia,2025-05-19 12:30:11+00:00,2025-05-19 13:11:09+00:00,2025-05-19 13:11:08+00:00,0,vgo_finance,1,0,https://github.com/vinted/dataverse-vintedgo-looker/pull/2137,689,2025-05,2025,5,Q2 2025,True,False,False
4410,"chore: change access levels for dims, marts, for vgo-finance",dataverse-vintedgo-dbt,vinted/dataverse-vintedgo-dbt,merged,jeremychia,2025-05-19 14:31:22+00:00,2025-05-21 11:36:14+00:00,2025-05-21 11:36:13+00:00,2,vgo_finance,1,1,https://github.com/vinted/dataverse-vintedgo-dbt/pull/4410,4149,2025-05,2025,5,Q2 2025,True,False,False
4415,feat: use dim_transaction_verticals for verticals reporting (expose to vgo-fin dim_prep),dataverse-vintedgo-dbt,vinted/dataverse-vintedgo-dbt,merged,jeremychia,2025-05-20 09:13:53+00:00,2025-05-20 10:33:49+00:00,2025-05-20 10:33:48+00:00,4,"vgo_general, vgo_finance",2,0,https://github.com/vinted/dataverse-vintedgo-dbt/pull/4415,6219,2025-05,2025,5,Q2 2025,True,False,False
8665,chore: typo in docs for vertical,dataverse-marketplace-dbt,vinted/dataverse-marketplace-dbt,merged,jeremychia,2025-05-20 09:26:17+00:00,2025-05-20 10:06:31+00:00,2025-05-20 10:06:30+00:00,0,documentation,1,0,https://github.com/vinted/dataverse-marketplace-dbt/pull/8665,42,2025-05,2025,5,Q2 2025,True,False,False
4418,fix: typo in docs (vertical_reporting_category),dataverse-vintedgo-dbt,vinted/dataverse-vintedgo-dbt,merged,jeremychia,2025-05-20 13:13:03+00:00,2025-05-20 13:50:46+00:00,2025-05-20 13:50:45+00:00,2,vgo_finance,1,0,https://github.com/vinted/dataverse-vintedgo-dbt/pull/4418,0,2025-05,2025,5,Q2 2025,True,False,False
4419,feat: adjust vertical classification,dataverse-vintedgo-dbt,vinted/dataverse-vintedgo-dbt,merged,jeremychia,2025-05-20 13:44:24+00:00,2025-05-21 07:16:57+00:00,2025-05-21 07:16:56+00:00,3,vgo_finance,1,0,https://github.com/vinted/dataverse-vintedgo-dbt/pull/4419,4511,2025-05,2025,5,Q2 2025,True,False,False
4420,feat: expose vertical reporting to downstream models (invoice_cost_and_revenue),dataverse-vintedgo-dbt,vinted/dataverse-vintedgo-dbt,merged,jeremychia,2025-05-20 13:54:55+00:00,2025-05-21 07:03:05+00:00,2025-05-21 07:03:04+00:00,2,vgo_finance,1,0,https://github.com/vinted/dataverse-vintedgo-dbt/pull/4420,4402,2025-05,2025,5,Q2 2025,True,False,False
763,chore: clarify defintiion of invoiced cost amount,dataverse-finance,vinted/dataverse-finance,merged,jeremychia,2025-05-21 09:14:02+00:00,2025-05-26 13:11:28+00:00,2025-05-26 13:11:26+00:00,2,,0,5,https://github.com/vinted/dataverse-finance/pull/763,1893,2025-05,2025,5,Q2 2025,True,False,False
2147,feat: prepare for required partition filters,dataverse-vintedgo-looker,vinted/dataverse-vintedgo-looker,merged,jeremychia,2025-05-21 09:52:51+00:00,2025-05-22 12:45:33+00:00,2025-05-22 12:45:32+00:00,0,"vgo_finance, models",2,1,https://github.com/vinted/dataverse-vintedgo-looker/pull/2147,143,2025-05,2025,5,Q2 2025,True,False,False
4434,chore: change access level back to vinted,dataverse-vintedgo-dbt,vinted/dataverse-vintedgo-dbt,merged,jeremychia,2025-05-22 08:10:36+00:00,2025-05-22 10:09:38+00:00,2025-05-22 10:09:38+00:00,2,vgo_finance,1,0,https://github.com/vinted/dataverse-vintedgo-dbt/pull/4434,31,2025-05,2025,5,Q2 2025,True,False,False
772,feat: expose prep_invoice_lines,dataverse-finance,vinted/dataverse-finance,closed,jeremychia,2025-05-22 17:04:05+00:00,2025-05-23 06:53:00+00:00,2025-05-23 06:53:00+00:00,2,,0,0,https://github.com/vinted/dataverse-finance/pull/772,72,2025-05,2025,5,Q2 2025,False,True,False
4446,chore: add soft dependencies on marketplace models,dataverse-vintedgo-dbt,vinted/dataverse-vintedgo-dbt,merged,jeremychia,2025-05-23 06:47:27+00:00,2025-05-23 08:17:11+00:00,2025-05-23 08:17:10+00:00,2,vgo_finance,1,0,https://github.com/vinted/dataverse-vintedgo-dbt/pull/4446,202,2025-05,2025,5,Q2 2025,True,False,False
2159,"chore: unhide zero amounts, so that number can be shown",dataverse-vintedgo-looker,vinted/dataverse-vintedgo-looker,merged,jeremychia,2025-05-26 07:58:10+00:00,2025-05-26 12:46:46+00:00,2025-05-26 12:46:45+00:00,0,vgo_finance,1,0,https://github.com/vinted/dataverse-vintedgo-looker/pull/2159,883,2025-05,2025,5,Q2 2025,True,False,False
4453,feat: add reporting carrier to mart_carrier_invoices_totals,dataverse-vintedgo-dbt,vinted/dataverse-vintedgo-dbt,merged,jeremychia,2025-05-26 09:05:25+00:00,2025-05-26 13:10:44+00:00,2025-05-26 13:10:43+00:00,2,vgo_finance,1,0,https://github.com/vinted/dataverse-vintedgo-dbt/pull/4453,3973,2025-05,2025,5,Q2 2025,True,False,False
4458,fix: deduplication of retail orders,dataverse-vintedgo-dbt,vinted/dataverse-vintedgo-dbt,merged,jeremychia,2025-05-26 13:42:30+00:00,2025-05-26 14:17:35+00:00,2025-05-26 14:17:34+00:00,2,vgo_finance,1,0,https://github.com/vinted/dataverse-vintedgo-dbt/pull/4458,4064,2025-05,2025,5,Q2 2025,True,False,False
4460,fix: data tests,dataverse-vintedgo-dbt,vinted/dataverse-vintedgo-dbt,merged,jeremychia,2025-05-26 14:15:26+00:00,2025-05-26 15:20:25+00:00,2025-05-26 15:20:24+00:00,4,"vgo_general, vgo_d2c",2,0,https://github.com/vinted/dataverse-vintedgo-dbt/pull/4460,143,2025-05,2025,5,Q2 2025,True,False,False
4461,fix: duplication in marts for mart_retail_orders,dataverse-vintedgo-dbt,vinted/dataverse-vintedgo-dbt,merged,jeremychia,2025-05-26 14:53:53+00:00,2025-05-26 15:13:41+00:00,2025-05-26 15:13:40+00:00,3,vgo_d2c,1,0,https://github.com/vinted/dataverse-vintedgo-dbt/pull/4461,4890,2025-05,2025,5,Q2 2025,True,False,False
4463,fix: deduplicate on addresses in mart_retail_orders,dataverse-vintedgo-dbt,vinted/dataverse-vintedgo-dbt,merged,jeremychia,2025-05-26 15:49:25+00:00,2025-05-26 16:23:10+00:00,2025-05-26 16:23:09+00:00,2,vgo_d2c,1,0,https://github.com/vinted/dataverse-vintedgo-dbt/pull/4463,15416,2025-05,2025,5,Q2 2025,True,False,False
4466,fix: do a deduplicate on address_id and pickup_point_id,dataverse-vintedgo-dbt,vinted/dataverse-vintedgo-dbt,merged,jeremychia,2025-05-27 07:02:07+00:00,2025-05-27 07:22:58+00:00,2025-05-27 07:22:58+00:00,2,vgo_finance,1,0,https://github.com/vinted/dataverse-vintedgo-dbt/pull/4466,4023,2025-05,2025,5,Q2 2025,True,False,False
4471,feat: improve visibility on issues with vertical reporting,dataverse-vintedgo-dbt,vinted/dataverse-vintedgo-dbt,merged,jeremychia,2025-05-27 09:41:03+00:00,2025-05-27 10:01:51+00:00,2025-05-27 10:01:50+00:00,2,vgo_finance,1,0,https://github.com/vinted/dataverse-vintedgo-dbt/pull/4471,4465,2025-05,2025,5,Q2 2025,True,False,False
4474,feat: include no detail invoices as part of the integrated mapping,dataverse-vintedgo-dbt,vinted/dataverse-vintedgo-dbt,merged,jeremychia,2025-05-27 11:01:33+00:00,2025-05-27 11:34:42+00:00,2025-05-27 11:34:41+00:00,2,vgo_finance,1,0,https://github.com/vinted/dataverse-vintedgo-dbt/pull/4474,4047,2025-05,2025,5,Q2 2025,True,False,False
4478,feat: improve reporting route matching method in mart_prep_shipment_leg_information_with_customer_invoice_date,dataverse-vintedgo-dbt,vinted/dataverse-vintedgo-dbt,merged,jeremychia,2025-05-27 13:25:54+00:00,2025-05-27 13:42:34+00:00,2025-05-27 13:42:33+00:00,2,vgo_finance,1,0,https://github.com/vinted/dataverse-vintedgo-dbt/pull/4478,87,2025-05,2025,5,Q2 2025,True,False,False
4479,chore: change access level to allow shipping pricing model to read data,dataverse-vintedgo-dbt,vinted/dataverse-vintedgo-dbt,merged,jeremychia,2025-05-27 14:03:24+00:00,2025-05-27 14:31:27+00:00,2025-05-27 14:31:26+00:00,2,vgo_finance,1,0,https://github.com/vinted/dataverse-vintedgo-dbt/pull/4479,4163,2025-05,2025,5,Q2 2025,True,False,False
4482,chore: add AT>FR as a valid route,dataverse-vintedgo-dbt,vinted/dataverse-vintedgo-dbt,merged,jeremychia,2025-05-28 06:32:47+00:00,2025-05-28 06:48:40+00:00,2025-05-28 06:48:39+00:00,2,vgo_finance,1,0,https://github.com/vinted/dataverse-vintedgo-dbt/pull/4482,3829,2025-05,2025,5,Q2 2025,True,False,False
8861,feat: aggregated mart of shipping profit vs loss,dataverse-marketplace-dbt,vinted/dataverse-marketplace-dbt,merged,jeremychia,2025-05-28 08:17:34+00:00,2025-06-02 14:27:00+00:00,2025-06-02 14:26:59+00:00,2,marketing,1,5,https://github.com/vinted/dataverse-marketplace-dbt/pull/8861,5299,2025-05,2025,5,Q2 2025,True,False,False
4483,feat: dim_carrier_invoices_uploaded,dataverse-vintedgo-dbt,vinted/dataverse-vintedgo-dbt,merged,jeremychia,2025-05-28 09:50:42+00:00,2025-05-28 11:49:16+00:00,2025-05-28 11:49:15+00:00,2,vgo_finance,1,0,https://github.com/vinted/dataverse-vintedgo-dbt/pull/4483,4886,2025-05,2025,5,Q2 2025,True,False,False
4493,feat: align logic of revenue recognition date in d2c,dataverse-vintedgo-dbt,vinted/dataverse-vintedgo-dbt,merged,jeremychia,2025-05-30 11:23:03+00:00,2025-06-02 08:58:17+00:00,2025-06-02 08:58:16+00:00,2,vgo_finance,1,2,https://github.com/vinted/dataverse-vintedgo-dbt/pull/4493,4120,2025-05,2025,5,Q2 2025,True,False,False
2177,chore: minor edit to graph to show full values (observability),dataverse-vintedgo-looker,vinted/dataverse-vintedgo-looker,merged,jeremychia,2025-06-02 10:16:33+00:00,2025-06-02 10:55:57+00:00,2025-06-02 10:55:57+00:00,0,,0,0,https://github.com/vinted/dataverse-vintedgo-looker/pull/2177,472,2025-06,2025,6,Q2 2025,True,False,False
2208,chore: create folder for csv-cleaner in all environments,terraform-dataverse,vinted/terraform-dataverse,closed,jeremychia,2025-06-02 12:38:56+00:00,2025-06-02 12:45:01+00:00,2025-06-02 12:45:01+00:00,3,,0,0,https://github.com/vinted/terraform-dataverse/pull/2208,291,2025-06,2025,6,Q2 2025,False,True,False
121,chore: change file paths for input/output due to upgrading of csv-cleaner.,dataverse-vintedgo-finance,vinted/dataverse-vintedgo-finance,merged,jeremychia,2025-06-02 13:11:46+00:00,2025-06-03 12:17:54+00:00,2025-06-03 12:17:52+00:00,0,,0,0,https://github.com/vinted/dataverse-vintedgo-finance/pull/121,829,2025-06,2025,6,Q2 2025,True,False,False
4504,chore: replace folder path for new csv cleaner (staged external sources),dataverse-vintedgo-dbt,vinted/dataverse-vintedgo-dbt,merged,jeremychia,2025-06-02 13:55:10+00:00,2025-06-03 12:29:05+00:00,2025-06-03 12:29:04+00:00,2,vgo_finance,1,0,https://github.com/vinted/dataverse-vintedgo-dbt/pull/4504,4693,2025-06,2025,6,Q2 2025,True,False,False
8996,fix: add config for actual no details costs (VGOFIN-1123),dataverse-marketplace-dbt,vinted/dataverse-marketplace-dbt,merged,jeremychia,2025-06-02 18:39:46+00:00,2025-06-03 08:18:26+00:00,2025-06-03 08:18:25+00:00,2,marketing,1,0,https://github.com/vinted/dataverse-marketplace-dbt/pull/8996,4397,2025-06,2025,6,Q2 2025,True,False,False
8997,feat: expose models to looker (shipping profit and loss),dataverse-marketplace-dbt,vinted/dataverse-marketplace-dbt,merged,jeremychia,2025-06-02 19:28:40+00:00,2025-06-03 09:05:21+00:00,2025-06-03 09:05:20+00:00,2,marketing,1,0,https://github.com/vinted/dataverse-marketplace-dbt/pull/8997,156,2025-06,2025,6,Q2 2025,True,False,False
4508,chore: add relay-uk to seeds,dataverse-vintedgo-dbt,vinted/dataverse-vintedgo-dbt,merged,jeremychia,2025-06-03 06:41:18+00:00,2025-06-03 07:00:29+00:00,2025-06-03 07:00:28+00:00,2,vgo_finance,1,0,https://github.com/vinted/dataverse-vintedgo-dbt/pull/4508,3943,2025-06,2025,6,Q2 2025,True,False,False
9038,feat: add measures to shipping profit & loss models,dataverse-marketplace-dbt,vinted/dataverse-marketplace-dbt,merged,jeremychia,2025-06-03 14:28:13+00:00,2025-06-03 16:19:03+00:00,2025-06-03 16:19:02+00:00,2,marketing,1,0,https://github.com/vinted/dataverse-marketplace-dbt/pull/9038,306,2025-06,2025,6,Q2 2025,True,False,False
4523,fix: tabbing in staged external source,dataverse-vintedgo-dbt,vinted/dataverse-vintedgo-dbt,merged,jeremychia,2025-06-03 16:36:18+00:00,2025-06-03 16:55:52+00:00,2025-06-03 16:55:51+00:00,2,vgo_finance,1,0,https://github.com/vinted/dataverse-vintedgo-dbt/pull/4523,122,2025-06,2025,6,Q2 2025,True,False,False
123,chore: add invoice cost description to duplicates testing,dataverse-vintedgo-finance,vinted/dataverse-vintedgo-finance,merged,jeremychia,2025-06-04 07:52:21+00:00,2025-06-04 07:58:00+00:00,2025-06-04 07:57:58+00:00,0,,0,0,https://github.com/vinted/dataverse-vintedgo-finance/pull/123,196,2025-06,2025,6,Q2 2025,True,False,False
2228,chore: raise memory of csv_cleaner in vgo_finance,terraform-dataverse,vinted/terraform-dataverse,merged,jeremychia,2025-06-04 12:29:42+00:00,2025-06-05 09:40:12+00:00,2025-06-05 09:40:11+00:00,2,,0,0,https://github.com/vinted/terraform-dataverse/pull/2228,67,2025-06,2025,6,Q2 2025,True,False,False
4536,chore: poetry update,dataverse-vintedgo-dbt,vinted/dataverse-vintedgo-dbt,merged,jeremychia,2025-06-04 12:54:15+00:00,2025-06-04 13:20:32+00:00,2025-06-04 13:20:31+00:00,3,vgo_carrier,1,0,https://github.com/vinted/dataverse-vintedgo-dbt/pull/4536,4188,2025-06,2025,6,Q2 2025,True,False,False
9075,fix: add coalesce to measure definitions (carrier route shipping pricing profit & loss),dataverse-marketplace-dbt,vinted/dataverse-marketplace-dbt,merged,jeremychia,2025-06-04 14:28:03+00:00,2025-06-04 15:00:21+00:00,2025-06-04 15:00:21+00:00,2,marketing,1,0,https://github.com/vinted/dataverse-marketplace-dbt/pull/9075,47,2025-06,2025,6,Q2 2025,True,False,False
4543,fix: exclude tests from carrier_invoices.postnord_se,dataverse-vintedgo-dbt,vinted/dataverse-vintedgo-dbt,merged,jeremychia,2025-06-05 05:46:13+00:00,2025-06-05 06:06:00+00:00,2025-06-05 06:05:59+00:00,2,vgo_finance,1,0,https://github.com/vinted/dataverse-vintedgo-dbt/pull/4543,3948,2025-06,2025,6,Q2 2025,True,False,False
4544,chore: add delivery change - return as a new category (postnord-se),dataverse-vintedgo-dbt,vinted/dataverse-vintedgo-dbt,merged,jeremychia,2025-06-05 06:11:58+00:00,2025-06-05 06:31:21+00:00,2025-06-05 06:31:21+00:00,2,vgo_finance,1,0,https://github.com/vinted/dataverse-vintedgo-dbt/pull/4544,4434,2025-06,2025,6,Q2 2025,True,False,False
4545,chore: add royal mail to compensation carrier codes,dataverse-vintedgo-dbt,vinted/dataverse-vintedgo-dbt,merged,jeremychia,2025-06-05 06:58:05+00:00,2025-06-05 07:16:41+00:00,2025-06-05 07:16:40+00:00,2,vgo_finance,1,0,https://github.com/vinted/dataverse-vintedgo-dbt/pull/4545,3907,2025-06,2025,6,Q2 2025,True,False,False
4546,chore: upgrade scheduler,dataverse-vintedgo-dbt,vinted/dataverse-vintedgo-dbt,merged,jeremychia,2025-06-05 07:26:11+00:00,2025-06-05 08:00:47+00:00,2025-06-05 08:00:47+00:00,17,"vgo_general, vgo_carrier, vgo_finance, vgo_overflow_detector, vgo_d2c, vgo_hvf, vgo_recommender, scheduler, observability",9,0,https://github.com/vinted/dataverse-vintedgo-dbt/pull/4546,3828,2025-06,2025,6,Q2 2025,True,False,False
4549,chore: remove new config for obsr,dataverse-vintedgo-dbt,vinted/dataverse-vintedgo-dbt,merged,jeremychia,2025-06-05 08:24:17+00:00,2025-06-05 08:36:13+00:00,2025-06-05 08:36:12+00:00,6,"vgo_d2c, vgo_recommender, scheduler, observability",4,0,https://github.com/vinted/dataverse-vintedgo-dbt/pull/4549,231,2025-06,2025,6,Q2 2025,True,False,False
124,feat: add invoice_id as a requirement for stg_carrier_invoices__homerr_logic_v2,dataverse-vintedgo-finance,vinted/dataverse-vintedgo-finance,merged,jeremychia,2025-06-05 10:04:07+00:00,2025-06-05 10:10:05+00:00,2025-06-05 10:10:03+00:00,0,,0,0,https://github.com/vinted/dataverse-vintedgo-finance/pull/124,296,2025-06,2025,6,Q2 2025,True,False,False
4551,fix: missing exclude tags from scheduer config (vgo-finance),dataverse-vintedgo-dbt,vinted/dataverse-vintedgo-dbt,merged,jeremychia,2025-06-05 10:57:09+00:00,2025-06-05 11:16:52+00:00,2025-06-05 11:16:51+00:00,2,vgo_finance,1,0,https://github.com/vinted/dataverse-vintedgo-dbt/pull/4551,4080,2025-06,2025,6,Q2 2025,True,False,False
4552,chore: clean-up for looker,dataverse-vintedgo-dbt,vinted/dataverse-vintedgo-dbt,merged,jeremychia,2025-06-05 11:14:26+00:00,2025-06-05 11:40:59+00:00,2025-06-05 11:40:59+00:00,2,vgo_finance,1,0,https://github.com/vinted/dataverse-vintedgo-dbt/pull/4552,4166,2025-06,2025,6,Q2 2025,True,False,False
4555,chore: organise marts into folders,dataverse-vintedgo-dbt,vinted/dataverse-vintedgo-dbt,merged,jeremychia,2025-06-05 12:11:46+00:00,2025-06-05 13:20:30+00:00,2025-06-05 13:20:30+00:00,2,vgo_finance,1,0,https://github.com/vinted/dataverse-vintedgo-dbt/pull/4555,3985,2025-06,2025,6,Q2 2025,True,False,False
2241,feat: expose available_cpu in csv-cleaner module,terraform-dataverse,vinted/terraform-dataverse,merged,jeremychia,2025-06-06 08:59:15+00:00,2025-06-06 09:50:21+00:00,2025-06-06 09:50:20+00:00,2,,0,0,https://github.com/vinted/terraform-dataverse/pull/2241,201,2025-06,2025,6,Q2 2025,True,False,False
2243,"chore: raise memory limit (csv-cleaner, vgo_finance)",terraform-dataverse,vinted/terraform-dataverse,merged,jeremychia,2025-06-06 10:26:17+00:00,2025-06-06 11:28:08+00:00,2025-06-06 11:28:07+00:00,2,,0,0,https://github.com/vinted/terraform-dataverse/pull/2243,129,2025-06,2025,6,Q2 2025,True,False,False
16453,chore: remove jobs (no details + details import),warehouse-jobs,vinted/warehouse-jobs,open,jeremychia,2025-06-10 08:56:48+00:00,2025-06-10 11:50:26+00:00,0001-01-01 00:00:00+00:00,0,,0,-739412,https://github.com/vinted/warehouse-jobs/pull/16453,51,2025-06,2025,6,Q2 2025,False,False,True
4579,chore: adjust purchase_rate_excl_vat_eur_backend_weight for launch of VINTEDGO in ES/PT,dataverse-vintedgo-dbt,vinted/dataverse-vintedgo-dbt,merged,jeremychia,2025-06-10 12:00:16+00:00,2025-06-10 12:21:28+00:00,2025-06-10 12:21:27+00:00,2,vgo_finance,1,0,https://github.com/vinted/dataverse-vintedgo-dbt/pull/4579,4226,2025-06,2025,6,Q2 2025,True,False,False
4584,feat: use dim_carrier_invoice_uploads for reporting route matching,dataverse-vintedgo-dbt,vinted/dataverse-vintedgo-dbt,merged,jeremychia,2025-06-10 14:57:28+00:00,2025-06-10 15:23:31+00:00,2025-06-10 15:23:30+00:00,2,vgo_finance,1,0,https://github.com/vinted/dataverse-vintedgo-dbt/pull/4584,4165,2025-06,2025,6,Q2 2025,True,False,False
9208,chore: exclude service fee from P&L calculations,dataverse-marketplace-dbt,vinted/dataverse-marketplace-dbt,merged,jeremychia,2025-06-10 15:37:06+00:00,2025-06-11 11:45:55+00:00,2025-06-11 11:45:55+00:00,2,marketing,1,0,https://github.com/vinted/dataverse-marketplace-dbt/pull/9208,4528,2025-06,2025,6,Q2 2025,True,False,False
4585,chore: add new mapping for relais-colis,dataverse-vintedgo-dbt,vinted/dataverse-vintedgo-dbt,merged,jeremychia,2025-06-11 06:14:17+00:00,2025-06-11 06:33:37+00:00,2025-06-11 06:33:36+00:00,2,vgo_finance,1,0,https://github.com/vinted/dataverse-vintedgo-dbt/pull/4585,125,2025-06,2025,6,Q2 2025,True,False,False
127,docs: more details to error message,dataverse-vintedgo-finance,vinted/dataverse-vintedgo-finance,merged,jeremychia,2025-06-11 06:26:33+00:00,2025-06-11 06:28:57+00:00,2025-06-11 06:28:55+00:00,0,,0,0,https://github.com/vinted/dataverse-vintedgo-finance/pull/127,0,2025-06,2025,6,Q2 2025,True,False,False
4589,feat: new patterns for inbound_labels in relabelling invoices,dataverse-vintedgo-dbt,vinted/dataverse-vintedgo-dbt,merged,jeremychia,2025-06-11 09:15:46+00:00,2025-06-11 10:54:41+00:00,2025-06-11 10:54:40+00:00,2,vgo_finance,1,0,https://github.com/vinted/dataverse-vintedgo-dbt/pull/4589,3972,2025-06,2025,6,Q2 2025,True,False,False
2249,feat: enable pre-process filtering for csv-cleaner in vgo_finance,terraform-dataverse,vinted/terraform-dataverse,merged,jeremychia,2025-06-11 11:31:27+00:00,2025-06-11 11:43:51+00:00,2025-06-11 11:43:50+00:00,2,,0,0,https://github.com/vinted/terraform-dataverse/pull/2249,1095,2025-06,2025,6,Q2 2025,True,False,False
4173,chore: profit & loss dashboards (shipping pricing),dataverse-marketplace-looker,vinted/dataverse-marketplace-looker,merged,jeremychia,2025-06-16 13:28:35+00:00,2025-06-20 09:54:36+00:00,2025-06-20 09:54:34+00:00,0,marketing,1,3,https://github.com/vinted/dataverse-marketplace-looker/pull/4173,771,2025-06,2025,6,Q2 2025,True,False,False
128,chore: change hermes de invoice_date check,dataverse-vintedgo-finance,vinted/dataverse-vintedgo-finance,merged,jeremychia,2025-06-17 07:17:24+00:00,2025-06-17 07:23:02+00:00,2025-06-17 07:23:00+00:00,0,,0,0,https://github.com/vinted/dataverse-vintedgo-finance/pull/128,326,2025-06,2025,6,Q2 2025,True,False,False
4648,refactor: optimisation of dependencies on invoice row price validation,dataverse-vintedgo-dbt,vinted/dataverse-vintedgo-dbt,merged,jeremychia,2025-06-17 08:25:39+00:00,2025-06-17 14:31:07+00:00,2025-06-17 14:31:06+00:00,2,vgo_finance,1,0,https://github.com/vinted/dataverse-vintedgo-dbt/pull/4648,5758,2025-06,2025,6,Q2 2025,True,False,False
4650,chore: drop cdc tables in dv-vgo-d2c-prod,dataverse-vintedgo-dbt,vinted/dataverse-vintedgo-dbt,merged,jeremychia,2025-06-17 13:32:40+00:00,2025-06-17 13:52:47+00:00,2025-06-17 13:52:46+00:00,0,vgo_d2c,1,0,https://github.com/vinted/dataverse-vintedgo-dbt/pull/4650,5040,2025-06,2025,6,Q2 2025,True,False,False
4651,chore: drop cdc tables in dv-vgo-fin-prod,dataverse-vintedgo-dbt,vinted/dataverse-vintedgo-dbt,merged,jeremychia,2025-06-17 13:39:02+00:00,2025-06-17 13:54:22+00:00,2025-06-17 13:54:21+00:00,0,vgo_finance,1,0,https://github.com/vinted/dataverse-vintedgo-dbt/pull/4651,5038,2025-06,2025,6,Q2 2025,True,False,False
4655,chore: take new snapshot of carrier mapping,dataverse-vintedgo-dbt,vinted/dataverse-vintedgo-dbt,merged,jeremychia,2025-06-17 15:31:32+00:00,2025-06-17 15:43:10+00:00,2025-06-17 15:43:09+00:00,0,vgo_finance,1,0,https://github.com/vinted/dataverse-vintedgo-dbt/pull/4655,137,2025-06,2025,6,Q2 2025,True,False,False
4657,fix: custom query,dataverse-vintedgo-dbt,vinted/dataverse-vintedgo-dbt,merged,jeremychia,2025-06-17 15:53:08+00:00,2025-06-17 15:55:33+00:00,2025-06-17 15:55:32+00:00,0,vgo_finance,1,0,https://github.com/vinted/dataverse-vintedgo-dbt/pull/4657,16,2025-06,2025,6,Q2 2025,True,False,False
4658,fix: custom queries to take snapshot of existing routes,dataverse-vintedgo-dbt,vinted/dataverse-vintedgo-dbt,merged,jeremychia,2025-06-18 05:37:04+00:00,2025-06-18 05:45:55+00:00,2025-06-18 05:45:54+00:00,0,vgo_finance,1,0,https://github.com/vinted/dataverse-vintedgo-dbt/pull/4658,25,2025-06,2025,6,Q2 2025,True,False,False
4660,chore: remove unique warnings on cdc source tables (dhl de integration),dataverse-vintedgo-dbt,vinted/dataverse-vintedgo-dbt,merged,jeremychia,2025-06-18 06:25:52+00:00,2025-06-18 07:01:52+00:00,2025-06-18 07:01:51+00:00,2,vgo_finance,1,0,https://github.com/vinted/dataverse-vintedgo-dbt/pull/4660,130,2025-06,2025,6,Q2 2025,True,False,False
2275,chore: query limit override for programs,terraform-dataverse,vinted/terraform-dataverse,merged,jeremychia,2025-06-18 06:41:07+00:00,2025-06-18 07:02:32+00:00,2025-06-18 07:02:31+00:00,2,,0,0,https://github.com/vinted/terraform-dataverse/pull/2275,0,2025-06,2025,6,Q2 2025,True,False,False
9379,feat: add breakdown of shipping + service fee,dataverse-marketplace-dbt,vinted/dataverse-marketplace-dbt,merged,jeremychia,2025-06-18 16:22:39+00:00,2025-06-20 10:55:17+00:00,2025-06-20 10:55:16+00:00,2,marketing,1,1,https://github.com/vinted/dataverse-marketplace-dbt/pull/9379,5198,2025-06,2025,6,Q2 2025,True,False,False
4675,chore: raise warning threshold for null transaction_ids (for dim_prep_shipment_legs_information),dataverse-vintedgo-dbt,vinted/dataverse-vintedgo-dbt,merged,jeremychia,2025-06-19 06:28:25+00:00,2025-06-19 07:26:00+00:00,2025-06-19 07:25:59+00:00,2,vgo_finance,1,0,https://github.com/vinted/dataverse-vintedgo-dbt/pull/4675,108,2025-06,2025,6,Q2 2025,True,False,False
4678,chore: new snapshot,dataverse-vintedgo-dbt,vinted/dataverse-vintedgo-dbt,merged,jeremychia,2025-06-19 09:08:11+00:00,2025-06-19 09:25:43+00:00,2025-06-19 09:25:42+00:00,0,vgo_finance,1,0,https://github.com/vinted/dataverse-vintedgo-dbt/pull/4678,43,2025-06,2025,6,Q2 2025,True,False,False
4679,chore: manual override of mapping values for UPS-UK,dataverse-vintedgo-dbt,vinted/dataverse-vintedgo-dbt,merged,jeremychia,2025-06-19 10:01:40+00:00,2025-06-19 10:36:55+00:00,2025-06-19 10:36:54+00:00,2,vgo_finance,1,0,https://github.com/vinted/dataverse-vintedgo-dbt/pull/4679,4266,2025-06,2025,6,Q2 2025,True,False,False
4682,chore: expose dim_reporting_route_mapping_by_month to looker,dataverse-vintedgo-dbt,vinted/dataverse-vintedgo-dbt,merged,jeremychia,2025-06-19 13:56:53+00:00,2025-06-19 14:09:37+00:00,2025-06-19 14:09:37+00:00,2,vgo_finance,1,0,https://github.com/vinted/dataverse-vintedgo-dbt/pull/4682,27,2025-06,2025,6,Q2 2025,True,False,False
4686,feat: add route source for debugging nulls in routes,dataverse-vintedgo-dbt,vinted/dataverse-vintedgo-dbt,merged,jeremychia,2025-06-19 15:18:28+00:00,2025-06-19 16:05:07+00:00,2025-06-19 16:05:06+00:00,2,vgo_finance,1,0,https://github.com/vinted/dataverse-vintedgo-dbt/pull/4686,4058,2025-06,2025,6,Q2 2025,True,False,False
856,fix: format of timestamp,dataverse-finance,vinted/dataverse-finance,merged,jeremychia,2025-06-20 05:35:31+00:00,2025-06-20 06:26:52+00:00,2025-06-20 06:26:51+00:00,2,,0,0,https://github.com/vinted/dataverse-finance/pull/856,272,2025-06,2025,6,Q2 2025,True,False,False
4690,chore: update timestamp formats in vgo project,dataverse-vintedgo-dbt,vinted/dataverse-vintedgo-dbt,merged,jeremychia,2025-06-20 08:16:44+00:00,2025-06-30 11:32:50+00:00,2025-06-30 11:32:49+00:00,16,"vgo_general, vgo_carrier, vgo_finance, vgo_overflow_detector, vgo_d2c, vgo_hvf, vgo_recommender, observability",8,10,https://github.com/vinted/dataverse-vintedgo-dbt/pull/4690,4277,2025-06,2025,6,Q2 2025,True,False,False
4707,chore: raise threshold for warning for transaction_id,dataverse-vintedgo-dbt,vinted/dataverse-vintedgo-dbt,merged,jeremychia,2025-06-30 05:52:58+00:00,2025-06-30 07:00:56+00:00,2025-06-30 07:00:55+00:00,2,vgo_finance,1,0,https://github.com/vinted/dataverse-vintedgo-dbt/pull/4707,949,2025-06,2025,6,Q2 2025,True,False,False
4709,chore: change owner and domains for catalog configuration,dataverse-vintedgo-dbt,vinted/dataverse-vintedgo-dbt,merged,jeremychia,2025-06-30 09:52:13+00:00,2025-06-30 13:55:36+00:00,2025-06-30 13:55:35+00:00,16,"vgo_general, vgo_carrier, vgo_finance, vgo_overflow_detector, vgo_d2c, vgo_hvf, vgo_recommender, observability",8,0,https://github.com/vinted/dataverse-vintedgo-dbt/pull/4709,4140,2025-06,2025,6,Q2 2025,True,False,False
4711,refactor: making price-list join logic incremental (estimated costs),dataverse-vintedgo-dbt,vinted/dataverse-vintedgo-dbt,merged,jeremychia,2025-06-30 12:09:18+00:00,2025-07-03 14:22:17+00:00,2025-07-02 06:16:32+00:00,2,vgo_finance,1,1,https://github.com/vinted/dataverse-vintedgo-dbt/pull/4711,5574,2025-06,2025,6,Q2 2025,True,False,False
4713,chore: new country codes in existing shipping routes,dataverse-vintedgo-dbt,vinted/dataverse-vintedgo-dbt,merged,jeremychia,2025-06-30 12:58:41+00:00,2025-06-30 13:19:26+00:00,2025-06-30 13:19:25+00:00,2,vgo_finance,1,0,https://github.com/vinted/dataverse-vintedgo-dbt/pull/4713,4218,2025-06,2025,6,Q2 2025,True,False,False
2291,chore: enable google sheet api for mkp-chlf,terraform-dataverse,vinted/terraform-dataverse,merged,jeremychia,2025-07-01 06:42:29+00:00,2025-07-01 08:10:38+00:00,2025-07-01 08:10:38+00:00,2,,0,0,https://github.com/vinted/terraform-dataverse/pull/2291,80,2025-07,2025,7,Q3 2025,True,False,False
4719,chore: change package sizes to use `package_size` from `agg_daily_pricing_monitoring`,dataverse-vintedgo-dbt,vinted/dataverse-vintedgo-dbt,merged,jeremychia,2025-07-01 13:57:13+00:00,2025-07-02 06:07:54+00:00,2025-07-02 06:07:52+00:00,2,vgo_finance,1,0,https://github.com/vinted/dataverse-vintedgo-dbt/pull/4719,4620,2025-07,2025,7,Q3 2025,True,False,False
2313,chore: add carrier price list currency to dashboard,dataverse-vintedgo-looker,vinted/dataverse-vintedgo-looker,merged,jeremychia,2025-07-01 14:34:09+00:00,2025-07-02 06:00:34+00:00,2025-07-02 06:00:33+00:00,0,vgo_finance,1,0,https://github.com/vinted/dataverse-vintedgo-looker/pull/2313,664,2025-07,2025,7,Q3 2025,True,False,False
9536,fix: error in reporting types,dataverse-marketplace-dbt,vinted/dataverse-marketplace-dbt,merged,jeremychia,2025-07-01 16:11:07+00:00,2025-07-02 07:58:29+00:00,2025-07-02 07:58:28+00:00,2,marketing,1,0,https://github.com/vinted/dataverse-marketplace-dbt/pull/9536,262,2025-07,2025,7,Q3 2025,True,False,False
4721,chore: new patterns for inbound label for relabelling invoices,dataverse-vintedgo-dbt,vinted/dataverse-vintedgo-dbt,merged,jeremychia,2025-07-02 08:34:09+00:00,2025-07-02 09:31:09+00:00,2025-07-02 09:31:08+00:00,2,vgo_finance,1,0,https://github.com/vinted/dataverse-vintedgo-dbt/pull/4721,4189,2025-07,2025,7,Q3 2025,True,False,False
9550,refactor: add columns to propogate,dataverse-marketplace-dbt,vinted/dataverse-marketplace-dbt,merged,jeremychia,2025-07-02 09:21:19+00:00,2025-07-02 12:03:18+00:00,2025-07-02 12:03:17+00:00,2,marketing,1,0,https://github.com/vinted/dataverse-marketplace-dbt/pull/9550,4840,2025-07,2025,7,Q3 2025,True,False,False
4724,chore: change to a single default domain,dataverse-vintedgo-dbt,vinted/dataverse-vintedgo-dbt,merged,jeremychia,2025-07-02 11:49:31+00:00,2025-07-02 14:40:49+00:00,2025-07-02 13:13:26+00:00,6,"vgo_carrier, vgo_d2c, vgo_hvf",3,0,https://github.com/vinted/dataverse-vintedgo-dbt/pull/4724,34,2025-07,2025,7,Q3 2025,True,False,False
9562,chore: remove where condition,dataverse-marketplace-dbt,vinted/dataverse-marketplace-dbt,merged,jeremychia,2025-07-02 12:29:42+00:00,2025-07-02 12:44:25+00:00,2025-07-02 12:44:25+00:00,2,marketing,1,0,https://github.com/vinted/dataverse-marketplace-dbt/pull/9562,167,2025-07,2025,7,Q3 2025,True,False,False
2318,feat: add weight columns to the dashboard,dataverse-vintedgo-looker,vinted/dataverse-vintedgo-looker,merged,jeremychia,2025-07-02 14:19:20+00:00,2025-07-03 06:54:33+00:00,2025-07-03 06:54:32+00:00,0,vgo_finance,1,0,https://github.com/vinted/dataverse-vintedgo-looker/pull/2318,120,2025-07,2025,7,Q3 2025,True,False,False
4322,feat: add graphs for absolute amounts,dataverse-marketplace-looker,vinted/dataverse-marketplace-looker,merged,jeremychia,2025-07-02 15:49:14+00:00,2025-07-03 06:46:29+00:00,2025-07-03 06:46:28+00:00,0,marketing,1,0,https://github.com/vinted/dataverse-marketplace-looker/pull/4322,315,2025-07,2025,7,Q3 2025,True,False,False
9574,feat: introduce service type name as dimension to be filtered by,dataverse-marketplace-dbt,vinted/dataverse-marketplace-dbt,merged,jeremychia,2025-07-02 16:10:09+00:00,2025-07-03 06:46:48+00:00,2025-07-03 06:46:47+00:00,2,marketing,1,0,https://github.com/vinted/dataverse-marketplace-dbt/pull/9574,4697,2025-07,2025,7,Q3 2025,True,False,False
9581,chore: amend join logic for address2address carriers,dataverse-marketplace-dbt,vinted/dataverse-marketplace-dbt,merged,jeremychia,2025-07-03 08:57:31+00:00,2025-07-03 15:23:16+00:00,2025-07-03 15:23:15+00:00,2,marketing,1,0,https://github.com/vinted/dataverse-marketplace-dbt/pull/9581,5090,2025-07,2025,7,Q3 2025,True,False,False
4334,feat: add service type name to dashboard,dataverse-marketplace-looker,vinted/dataverse-marketplace-looker,merged,jeremychia,2025-07-03 10:30:02+00:00,2025-07-03 15:40:16+00:00,2025-07-03 15:40:15+00:00,0,marketing,1,0,https://github.com/vinted/dataverse-marketplace-looker/pull/4334,275,2025-07,2025,7,Q3 2025,True,False,False
4735,refactor: estimations on invoice weight,dataverse-vintedgo-dbt,vinted/dataverse-vintedgo-dbt,merged,jeremychia,2025-07-03 14:19:11+00:00,2025-07-04 08:11:41+00:00,2025-07-04 08:11:41+00:00,2,vgo_finance,1,0,https://github.com/vinted/dataverse-vintedgo-dbt/pull/4735,5411,2025-07,2025,7,Q3 2025,True,False,False
4739,chore: change warning threshold,dataverse-vintedgo-dbt,vinted/dataverse-vintedgo-dbt,merged,jeremychia,2025-07-04 07:11:14+00:00,2025-07-04 07:57:30+00:00,2025-07-04 07:57:30+00:00,2,vgo_finance,1,0,https://github.com/vinted/dataverse-vintedgo-dbt/pull/4739,283,2025-07,2025,7,Q3 2025,True,False,False
9634,fix: add cs event name mapping new value,dataverse-marketplace-dbt,vinted/dataverse-marketplace-dbt,merged,jeremychia,2025-07-05 05:21:51+00:00,2025-07-06 00:22:52+00:00,2025-07-06 00:22:51+00:00,2,help_experience,1,0,https://github.com/vinted/dataverse-marketplace-dbt/pull/9634,5324,2025-07,2025,7,Q3 2025,True,False,False
2304,chore: create dataset static for vgo-finance,terraform-dataverse,vinted/terraform-dataverse,merged,jeremychia,2025-07-07 08:09:26+00:00,2025-07-07 08:41:03+00:00,2025-07-07 08:41:02+00:00,2,,0,0,https://github.com/vinted/terraform-dataverse/pull/2304,344,2025-07,2025,7,Q3 2025,True,False,False
4747,chore: copy tables from on_prem_backfill to the static dataset,dataverse-vintedgo-dbt,vinted/dataverse-vintedgo-dbt,merged,jeremychia,2025-07-07 11:14:13+00:00,2025-07-07 13:44:05+00:00,2025-07-07 13:44:05+00:00,1,vgo_finance,1,0,https://github.com/vinted/dataverse-vintedgo-dbt/pull/4747,5361,2025-07,2025,7,Q3 2025,True,False,False
4749,chore: change references to `static`,dataverse-vintedgo-dbt,vinted/dataverse-vintedgo-dbt,merged,jeremychia,2025-07-07 14:08:24+00:00,2025-07-07 15:27:26+00:00,2025-07-07 15:27:25+00:00,2,vgo_finance,1,0,https://github.com/vinted/dataverse-vintedgo-dbt/pull/4749,3987,2025-07,2025,7,Q3 2025,True,False,False
9671,fix: replace source of  vertical reporting columns,dataverse-marketplace-dbt,vinted/dataverse-marketplace-dbt,closed,jeremychia,2025-07-08 04:24:36+00:00,2025-07-08 07:21:32+00:00,2025-07-08 07:21:32+00:00,3,,0,0,https://github.com/vinted/dataverse-marketplace-dbt/pull/9671,4962,2025-07,2025,7,Q3 2025,False,True,False
4757,feat: add reporting carriers to duplicate invoice rows,dataverse-vintedgo-dbt,vinted/dataverse-vintedgo-dbt,merged,jeremychia,2025-07-08 08:56:23+00:00,2025-07-08 10:17:57+00:00,2025-07-08 10:17:56+00:00,2,vgo_finance,1,0,https://github.com/vinted/dataverse-vintedgo-dbt/pull/4757,4040,2025-07,2025,7,Q3 2025,True,False,False
4762,feat: removal of is_extra_cost from downstream models,dataverse-vintedgo-dbt,vinted/dataverse-vintedgo-dbt,merged,jeremychia,2025-07-08 12:25:55+00:00,2025-07-08 13:12:26+00:00,2025-07-08 13:12:25+00:00,2,vgo_finance,1,0,https://github.com/vinted/dataverse-vintedgo-dbt/pull/4762,4155,2025-07,2025,7,Q3 2025,True,False,False
4763,docs: remove from dim_prep joining keys,dataverse-vintedgo-dbt,vinted/dataverse-vintedgo-dbt,merged,jeremychia,2025-07-08 12:32:38+00:00,2025-07-08 13:02:34+00:00,2025-07-08 13:02:33+00:00,2,vgo_finance,1,0,https://github.com/vinted/dataverse-vintedgo-dbt/pull/4763,4261,2025-07,2025,7,Q3 2025,True,False,False
4764,chore: remove is_extra_cost from staging layers,dataverse-vintedgo-dbt,vinted/dataverse-vintedgo-dbt,merged,jeremychia,2025-07-08 13:23:03+00:00,2025-07-08 14:15:36+00:00,2025-07-08 14:15:35+00:00,2,"vgo_finance, docs",2,0,https://github.com/vinted/dataverse-vintedgo-dbt/pull/4764,4087,2025-07,2025,7,Q3 2025,True,False,False
132,chore: remove is_extra_cost from unique rows check (USPS),dataverse-vintedgo-finance,vinted/dataverse-vintedgo-finance,merged,jeremychia,2025-07-09 04:49:41+00:00,2025-07-09 06:02:27+00:00,2025-07-09 06:02:25+00:00,0,,0,0,https://github.com/vinted/dataverse-vintedgo-finance/pull/132,514,2025-07,2025,7,Q3 2025,True,False,False
133,fix: file path of FANCOURIER-RO,dataverse-vintedgo-finance,vinted/dataverse-vintedgo-finance,merged,jeremychia,2025-07-09 06:21:34+00:00,2025-07-09 06:24:55+00:00,2025-07-09 06:24:52+00:00,0,,0,0,https://github.com/vinted/dataverse-vintedgo-finance/pull/133,0,2025-07,2025,7,Q3 2025,True,False,False
4767,chore: remove additional columns in price list estimations,dataverse-vintedgo-dbt,vinted/dataverse-vintedgo-dbt,merged,jeremychia,2025-07-09 09:03:43+00:00,2025-07-09 10:35:45+00:00,2025-07-09 10:35:44+00:00,2,vgo_finance,1,0,https://github.com/vinted/dataverse-vintedgo-dbt/pull/4767,4199,2025-07,2025,7,Q3 2025,True,False,False
134,feat: add-ups-open-network-vcarrier (config),dataverse-vintedgo-finance,vinted/dataverse-vintedgo-finance,merged,jeremychia,2025-07-09 10:41:44+00:00,2025-07-09 13:33:41+00:00,2025-07-09 13:33:38+00:00,0,,0,0,https://github.com/vinted/dataverse-vintedgo-finance/pull/134,67,2025-07,2025,7,Q3 2025,True,False,False
4771,chore: add missing descriptions,dataverse-vintedgo-dbt,vinted/dataverse-vintedgo-dbt,merged,jeremychia,2025-07-09 12:21:56+00:00,2025-07-09 12:47:49+00:00,2025-07-09 12:47:48+00:00,2,vgo_finance,1,0,https://github.com/vinted/dataverse-vintedgo-dbt/pull/4771,4042,2025-07,2025,7,Q3 2025,True,False,False
4773,refactor: replace price list sources (estimated costs on backend/invoice weight),dataverse-vintedgo-dbt,vinted/dataverse-vintedgo-dbt,merged,jeremychia,2025-07-09 13:45:50+00:00,2025-07-18 08:58:37+00:00,2025-07-18 08:58:36+00:00,2,vgo_finance,1,8,https://github.com/vinted/dataverse-vintedgo-dbt/pull/4773,4647,2025-07,2025,7,Q3 2025,True,False,False
4776,"fix: add file_upload_date, query depends on it",dataverse-vintedgo-dbt,vinted/dataverse-vintedgo-dbt,merged,jeremychia,2025-07-09 14:04:02+00:00,2025-07-09 14:16:36+00:00,2025-07-09 14:16:35+00:00,2,vgo_finance,1,0,https://github.com/vinted/dataverse-vintedgo-dbt/pull/4776,321,2025-07,2025,7,Q3 2025,True,False,False
136,fix: field referenced for open network UPS,dataverse-vintedgo-finance,vinted/dataverse-vintedgo-finance,merged,jeremychia,2025-07-09 14:29:51+00:00,2025-07-09 14:33:23+00:00,2025-07-09 14:33:22+00:00,0,,0,0,https://github.com/vinted/dataverse-vintedgo-finance/pull/136,0,2025-07,2025,7,Q3 2025,True,False,False
4777,fix: include eur amount for estimated costs by invoice weight,dataverse-vintedgo-dbt,vinted/dataverse-vintedgo-dbt,merged,jeremychia,2025-07-09 15:09:26+00:00,2025-07-10 06:39:59+00:00,2025-07-10 06:39:59+00:00,2,vgo_finance,1,0,https://github.com/vinted/dataverse-vintedgo-dbt/pull/4777,3986,2025-07,2025,7,Q3 2025,True,False,False
2348,feat: reporting exceptions from shipping invoices unmatched duplicated invoice rows,dataverse-vintedgo-looker,vinted/dataverse-vintedgo-looker,merged,jeremychia,2025-07-10 12:37:57+00:00,2025-07-10 13:12:29+00:00,2025-07-10 13:12:28+00:00,0,vgo_finance,1,0,https://github.com/vinted/dataverse-vintedgo-looker/pull/2348,133,2025-07,2025,7,Q3 2025,True,False,False
4784,chore: remove comments from dim_prep_carrier_legs_estimated_costs_v0,dataverse-vintedgo-dbt,vinted/dataverse-vintedgo-dbt,merged,jeremychia,2025-07-10 12:56:03+00:00,2025-07-10 13:22:02+00:00,2025-07-10 13:22:01+00:00,2,vgo_finance,1,0,https://github.com/vinted/dataverse-vintedgo-dbt/pull/4784,3903,2025-07,2025,7,Q3 2025,True,False,False
4785,chore: delay API extraction to see if the lag can be reduced,dataverse-vintedgo-dbt,vinted/dataverse-vintedgo-dbt,merged,jeremychia,2025-07-11 08:35:22+00:00,2025-07-11 09:47:06+00:00,2025-07-11 09:47:05+00:00,2,"vgo_finance, scheduler",2,0,https://github.com/vinted/dataverse-vintedgo-dbt/pull/4785,4061,2025-07,2025,7,Q3 2025,True,False,False
4441,fix: remove invoice month from computation,dataverse-marketplace-looker,vinted/dataverse-marketplace-looker,merged,jeremychia,2025-07-11 12:45:55+00:00,2025-07-11 13:34:26+00:00,2025-07-11 13:34:25+00:00,0,marketing,1,0,https://github.com/vinted/dataverse-marketplace-looker/pull/4441,118,2025-07,2025,7,Q3 2025,True,False,False
4789,chore: amend base rate difference calculation to ignore currency differences,dataverse-vintedgo-dbt,vinted/dataverse-vintedgo-dbt,merged,jeremychia,2025-07-14 06:19:19+00:00,2025-07-14 06:40:56+00:00,2025-07-14 06:40:56+00:00,2,"vgo_finance, docs",2,0,https://github.com/vinted/dataverse-vintedgo-dbt/pull/4789,4010,2025-07,2025,7,Q3 2025,True,False,False
4791,fix: typos in #4789,dataverse-vintedgo-dbt,vinted/dataverse-vintedgo-dbt,merged,jeremychia,2025-07-14 06:56:23+00:00,2025-07-14 07:13:19+00:00,2025-07-14 07:13:18+00:00,2,"vgo_finance, docs",2,0,https://github.com/vinted/dataverse-vintedgo-dbt/pull/4791,0,2025-07,2025,7,Q3 2025,True,False,False
4792,chore: retake snapshot for mapping,dataverse-vintedgo-dbt,vinted/dataverse-vintedgo-dbt,merged,jeremychia,2025-07-14 07:16:38+00:00,2025-07-14 07:52:03+00:00,2025-07-14 07:51:40+00:00,1,vgo_finance,1,0,https://github.com/vinted/dataverse-vintedgo-dbt/pull/4792,422,2025-07,2025,7,Q3 2025,True,False,False
4793,chore: change time for d2c payments to wait until 8h UTC,dataverse-vintedgo-dbt,vinted/dataverse-vintedgo-dbt,merged,jeremychia,2025-07-14 08:57:52+00:00,2025-07-14 11:40:01+00:00,2025-07-14 11:40:00+00:00,2,"vgo_finance, scheduler",2,0,https://github.com/vinted/dataverse-vintedgo-dbt/pull/4793,4400,2025-07,2025,7,Q3 2025,True,False,False
4795,feat: add execution tags for filtering,dataverse-vintedgo-dbt,vinted/dataverse-vintedgo-dbt,merged,jeremychia,2025-07-14 10:38:50+00:00,2025-07-14 11:51:36+00:00,2025-07-14 11:51:35+00:00,2,vgo_finance,1,0,https://github.com/vinted/dataverse-vintedgo-dbt/pull/4795,4093,2025-07,2025,7,Q3 2025,True,False,False
138,chore: remove invoice_date filtering conditioning,dataverse-vintedgo-finance,vinted/dataverse-vintedgo-finance,merged,jeremychia,2025-07-15 07:21:17+00:00,2025-07-15 07:29:14+00:00,2025-07-15 07:29:12+00:00,0,,0,0,https://github.com/vinted/dataverse-vintedgo-finance/pull/138,464,2025-07,2025,7,Q3 2025,True,False,False
2356,feat: separate last modified dashboard into different schedules,dataverse-vintedgo-looker,vinted/dataverse-vintedgo-looker,merged,jeremychia,2025-07-15 09:02:09+00:00,2025-07-15 09:17:03+00:00,2025-07-15 09:17:03+00:00,0,vgo_finance,1,0,https://github.com/vinted/dataverse-vintedgo-looker/pull/2356,327,2025-07,2025,7,Q3 2025,True,False,False
4803,fix: adjust timing of checkout report loading,dataverse-vintedgo-dbt,vinted/dataverse-vintedgo-dbt,merged,jeremychia,2025-07-15 13:37:16+00:00,2025-07-15 15:30:12+00:00,2025-07-15 15:30:11+00:00,2,"vgo_finance, scheduler",2,0,https://github.com/vinted/dataverse-vintedgo-dbt/pull/4803,5243,2025-07,2025,7,Q3 2025,True,False,False
2358,chore: change timings of the report,dataverse-vintedgo-looker,vinted/dataverse-vintedgo-looker,merged,jeremychia,2025-07-15 13:37:34+00:00,2025-07-15 15:34:20+00:00,2025-07-15 15:34:18+00:00,0,vgo_finance,1,0,https://github.com/vinted/dataverse-vintedgo-looker/pull/2358,1458,2025-07,2025,7,Q3 2025,True,False,False
139,"chore: use data interval start and end, more logging",dataverse-vintedgo-finance,vinted/dataverse-vintedgo-finance,merged,jeremychia,2025-07-15 13:37:39+00:00,2025-07-15 15:33:44+00:00,2025-07-15 15:33:42+00:00,0,,0,0,https://github.com/vinted/dataverse-vintedgo-finance/pull/139,1456,2025-07,2025,7,Q3 2025,True,False,False
4805,feat: add domain overrides for openmetadata,dataverse-vintedgo-dbt,vinted/dataverse-vintedgo-dbt,merged,jeremychia,2025-07-15 15:58:49+00:00,2025-07-15 18:29:16+00:00,2025-07-15 18:29:15+00:00,2,vgo_carrier,1,0,https://github.com/vinted/dataverse-vintedgo-dbt/pull/4805,644,2025-07,2025,7,Q3 2025,True,False,False
4807,chore: change waiting condition to wait until 06h UTC,dataverse-vintedgo-dbt,vinted/dataverse-vintedgo-dbt,merged,jeremychia,2025-07-16 08:19:34+00:00,2025-07-16 08:31:43+00:00,2025-07-16 08:31:42+00:00,2,vgo_finance,1,0,https://github.com/vinted/dataverse-vintedgo-dbt/pull/4807,5252,2025-07,2025,7,Q3 2025,True,False,False
4808,chore: updates to tests for d2c payments,dataverse-vintedgo-dbt,vinted/dataverse-vintedgo-dbt,merged,jeremychia,2025-07-16 09:12:42+00:00,2025-07-16 09:38:02+00:00,2025-07-16 09:38:01+00:00,2,vgo_finance,1,0,https://github.com/vinted/dataverse-vintedgo-dbt/pull/4808,4011,2025-07,2025,7,Q3 2025,True,False,False
4817,refactor: making invoice tracking code joins incremental,dataverse-vintedgo-dbt,vinted/dataverse-vintedgo-dbt,merged,jeremychia,2025-07-16 13:01:55+00:00,2025-07-17 12:14:01+00:00,2025-07-17 12:14:00+00:00,2,vgo_finance,1,0,https://github.com/vinted/dataverse-vintedgo-dbt/pull/4817,5278,2025-07,2025,7,Q3 2025,True,False,False
4820,refactor: make invoice rows dependencies incremental,dataverse-vintedgo-dbt,vinted/dataverse-vintedgo-dbt,merged,jeremychia,2025-07-16 15:25:34+00:00,2025-07-17 14:12:44+00:00,2025-07-17 14:12:43+00:00,2,"vgo_finance, do not merge",2,0,https://github.com/vinted/dataverse-vintedgo-dbt/pull/4820,4255,2025-07,2025,7,Q3 2025,True,False,False
207,feat: add is_service_account,dataverse-billing,vinted/dataverse-billing,merged,jeremychia,2025-07-17 10:31:11+00:00,2025-07-17 11:32:16+00:00,2025-07-17 11:32:15+00:00,2,,0,0,https://github.com/vinted/dataverse-billing/pull/207,994,2025-07,2025,7,Q3 2025,True,False,False
141,chore: change config for POSTE-ITALIANE,dataverse-vintedgo-finance,vinted/dataverse-vintedgo-finance,merged,jeremychia,2025-07-17 11:24:17+00:00,2025-07-17 11:48:07+00:00,2025-07-17 11:48:05+00:00,0,,0,0,https://github.com/vinted/dataverse-vintedgo-finance/pull/141,53,2025-07,2025,7,Q3 2025,True,False,False
76,chore: linting on queries in carrier_volume_forecaster,dataverse-airflow-vintedgo,vinted/dataverse-airflow-vintedgo,merged,jeremychia,2025-07-17 14:40:54+00:00,2025-07-17 14:54:43+00:00,2025-07-17 14:54:41+00:00,0,,0,0,https://github.com/vinted/dataverse-airflow-vintedgo/pull/76,122,2025-07,2025,7,Q3 2025,True,False,False
4835,hotfix: move window function to subsequent model,dataverse-vintedgo-dbt,vinted/dataverse-vintedgo-dbt,merged,jeremychia,2025-07-18 06:16:49+00:00,2025-07-18 07:07:23+00:00,2025-07-18 07:07:22+00:00,2,vgo_finance,1,0,https://github.com/vinted/dataverse-vintedgo-dbt/pull/4835,15493,2025-07,2025,7,Q3 2025,True,False,False
4836,chore: dummy commit to debug manifest,dataverse-vintedgo-dbt,vinted/dataverse-vintedgo-dbt,merged,jeremychia,2025-07-18 07:57:48+00:00,2025-07-18 08:06:43+00:00,2025-07-18 08:06:42+00:00,2,vgo_recommender,1,0,https://github.com/vinted/dataverse-vintedgo-dbt/pull/4836,299,2025-07,2025,7,Q3 2025,True,False,False
4838,chore: raise maximum bytes billed,dataverse-vintedgo-dbt,vinted/dataverse-vintedgo-dbt,merged,jeremychia,2025-07-18 09:12:15+00:00,2025-07-18 10:29:34+00:00,2025-07-18 10:29:34+00:00,2,vgo_finance,1,0,https://github.com/vinted/dataverse-vintedgo-dbt/pull/4838,89,2025-07,2025,7,Q3 2025,True,False,False
4841,chore: change syntax for balance statement test,dataverse-vintedgo-dbt,vinted/dataverse-vintedgo-dbt,merged,jeremychia,2025-07-18 11:50:54+00:00,2025-07-18 12:18:49+00:00,2025-07-18 12:18:48+00:00,2,vgo_finance,1,0,https://github.com/vinted/dataverse-vintedgo-dbt/pull/4841,1137,2025-07,2025,7,Q3 2025,True,False,False
2360,feat: add display video API for marketing,terraform-dataverse,vinted/terraform-dataverse,merged,jeremychia,2025-07-21 06:33:03+00:00,2025-07-21 07:58:32+00:00,2025-07-21 07:58:31+00:00,2,,0,0,https://github.com/vinted/terraform-dataverse/pull/2360,63,2025-07,2025,7,Q3 2025,True,False,False
4847,refactor: add incremental configurations to mart_shipment_legs_invoice_cost_and_revenue,dataverse-vintedgo-dbt,vinted/dataverse-vintedgo-dbt,merged,jeremychia,2025-07-21 09:01:00+00:00,2025-07-21 10:14:19+00:00,2025-07-21 10:14:18+00:00,2,vgo_finance,1,0,https://github.com/vinted/dataverse-vintedgo-dbt/pull/4847,6268,2025-07,2025,7,Q3 2025,True,False,False
4849,refactor: use delete insert where incremental strategy is insert_overwrite,dataverse-vintedgo-dbt,vinted/dataverse-vintedgo-dbt,merged,jeremychia,2025-07-21 10:13:27+00:00,2025-07-21 11:37:50+00:00,2025-07-21 11:37:49+00:00,2,vgo_finance,1,0,https://github.com/vinted/dataverse-vintedgo-dbt/pull/4849,4125,2025-07,2025,7,Q3 2025,True,False,False
4851,chore: drop columns removed in  https://github.com/vinted/dataverse-vintedgo-dbt/pull/4773,dataverse-vintedgo-dbt,vinted/dataverse-vintedgo-dbt,merged,jeremychia,2025-07-21 11:21:41+00:00,2025-07-21 15:47:54+00:00,2025-07-21 15:47:53+00:00,2,vgo_finance,1,0,https://github.com/vinted/dataverse-vintedgo-dbt/pull/4851,4120,2025-07,2025,7,Q3 2025,True,False,False
4856,fix: naming error,dataverse-vintedgo-dbt,vinted/dataverse-vintedgo-dbt,merged,jeremychia,2025-07-21 15:53:19+00:00,2025-07-21 15:56:39+00:00,2025-07-21 15:56:38+00:00,0,vgo_finance,1,0,https://github.com/vinted/dataverse-vintedgo-dbt/pull/4856,0,2025-07,2025,7,Q3 2025,True,False,False
4857,chore: spring cleaning of custom queries,dataverse-vintedgo-dbt,vinted/dataverse-vintedgo-dbt,merged,jeremychia,2025-07-21 15:55:19+00:00,2025-07-21 16:00:40+00:00,2025-07-21 16:00:39+00:00,0,vgo_finance,1,0,https://github.com/vinted/dataverse-vintedgo-dbt/pull/4857,41,2025-07,2025,7,Q3 2025,True,False,False
4858,fix fix fix,dataverse-vintedgo-dbt,vinted/dataverse-vintedgo-dbt,merged,jeremychia,2025-07-21 16:12:32+00:00,2025-07-21 16:43:52+00:00,2025-07-21 16:43:51+00:00,0,vgo_finance,1,0,https://github.com/vinted/dataverse-vintedgo-dbt/pull/4858,0,2025-07,2025,7,Q3 2025,True,False,False
4859,"chore: clean-up, remove custom queries which are no longer needed",dataverse-vintedgo-dbt,vinted/dataverse-vintedgo-dbt,merged,jeremychia,2025-07-22 06:26:01+00:00,2025-07-22 07:20:59+00:00,2025-07-22 07:20:58+00:00,0,vgo_finance,1,0,https://github.com/vinted/dataverse-vintedgo-dbt/pull/4859,50,2025-07,2025,7,Q3 2025,True,False,False
4860,feat: add mart_vgo_finance_unmatched_price_list_test_failures to runs_at_6h_utc,dataverse-vintedgo-dbt,vinted/dataverse-vintedgo-dbt,merged,jeremychia,2025-07-22 06:27:30+00:00,2025-07-22 07:19:43+00:00,2025-07-22 07:19:42+00:00,2,vgo_finance,1,0,https://github.com/vinted/dataverse-vintedgo-dbt/pull/4860,4145,2025-07,2025,7,Q3 2025,True,False,False
4875,feat: add collection date and 1st physical scan datetime for yodel,dataverse-vintedgo-dbt,vinted/dataverse-vintedgo-dbt,merged,jeremychia,2025-07-23 08:53:22+00:00,2025-07-23 09:19:39+00:00,2025-07-23 09:19:38+00:00,2,vgo_finance,1,0,https://github.com/vinted/dataverse-vintedgo-dbt/pull/4875,5294,2025-07,2025,7,Q3 2025,True,False,False
4876,feat: identifying tracking codes with returns (YODEL-UK),dataverse-vintedgo-dbt,vinted/dataverse-vintedgo-dbt,merged,jeremychia,2025-07-23 14:05:16+00:00,2025-07-24 08:55:03+00:00,2025-07-24 08:55:02+00:00,2,vgo_finance,1,0,https://github.com/vinted/dataverse-vintedgo-dbt/pull/4876,7078,2025-07,2025,7,Q3 2025,True,False,False
4882,chore: add domain + owner to some vgo carrier models,dataverse-vintedgo-dbt,vinted/dataverse-vintedgo-dbt,merged,jeremychia,2025-07-23 15:15:46+00:00,2025-07-24 11:18:34+00:00,2025-07-24 11:18:33+00:00,2,vgo_carrier,1,0,https://github.com/vinted/dataverse-vintedgo-dbt/pull/4882,4104,2025-07,2025,7,Q3 2025,True,False,False
4892,feat: more details in invoice cost description of USPS,dataverse-vintedgo-dbt,vinted/dataverse-vintedgo-dbt,merged,jeremychia,2025-07-24 12:44:10+00:00,2025-07-24 13:23:27+00:00,2025-07-24 13:23:27+00:00,2,vgo_finance,1,0,https://github.com/vinted/dataverse-vintedgo-dbt/pull/4892,5882,2025-07,2025,7,Q3 2025,True,False,False
4903,fix: parse new timestamp from invocation variables,dataverse-vintedgo-dbt,vinted/dataverse-vintedgo-dbt,merged,jeremychia,2025-07-25 06:34:38+00:00,2025-07-25 06:56:50+00:00,2025-07-25 06:56:49+00:00,2,observability,1,0,https://github.com/vinted/dataverse-vintedgo-dbt/pull/4903,4274,2025-07,2025,7,Q3 2025,True,False,False
286,feat: add new date formats,dataverse-dbt-shared,vinted/dataverse-dbt-shared,merged,jeremychia,2025-07-25 07:16:07+00:00,2025-07-25 08:23:41+00:00,2025-07-25 08:23:40+00:00,0,"documentation, ci/cd, transformations",3,0,https://github.com/vinted/dataverse-dbt-shared/pull/286,102,2025-07,2025,7,Q3 2025,True,False,False
4908,refactor: use macro instead of explicit declaration of date formats,dataverse-vintedgo-dbt,vinted/dataverse-vintedgo-dbt,merged,jeremychia,2025-07-25 12:16:56+00:00,2025-07-25 13:33:02+00:00,2025-07-25 13:33:01+00:00,2,observability,1,0,https://github.com/vinted/dataverse-vintedgo-dbt/pull/4908,3912,2025-07,2025,7,Q3 2025,True,False,False
4911,feat: staging layer for `carrier_service_parcel_pricing`,dataverse-vintedgo-dbt,vinted/dataverse-vintedgo-dbt,merged,jeremychia,2025-07-25 14:32:42+00:00,2025-07-28 12:25:03+00:00,2025-07-28 08:12:54+00:00,2,vgo_finance,1,2,https://github.com/vinted/dataverse-vintedgo-dbt/pull/4911,4366,2025-07,2025,7,Q3 2025,True,False,False
4916,feat: staging layer for `carrier_service_route_pricing`,dataverse-vintedgo-dbt,vinted/dataverse-vintedgo-dbt,merged,jeremychia,2025-07-28 12:35:24+00:00,2025-07-28 14:23:15+00:00,2025-07-28 14:23:14+00:00,2,vgo_finance,1,0,https://github.com/vinted/dataverse-vintedgo-dbt/pull/4916,4363,2025-07,2025,7,Q3 2025,True,False,False
4919,feat: staging layer `pricing_comments`,dataverse-vintedgo-dbt,vinted/dataverse-vintedgo-dbt,merged,jeremychia,2025-07-28 12:52:00+00:00,2025-07-28 14:17:28+00:00,2025-07-28 14:17:27+00:00,2,vgo_finance,1,0,https://github.com/vinted/dataverse-vintedgo-dbt/pull/4919,4324,2025-07,2025,7,Q3 2025,True,False,False
4923,feat: staging layer `pricing_costs`,dataverse-vintedgo-dbt,vinted/dataverse-vintedgo-dbt,merged,jeremychia,2025-07-28 13:24:09+00:00,2025-07-28 14:28:54+00:00,2025-07-28 14:28:54+00:00,2,vgo_finance,1,0,https://github.com/vinted/dataverse-vintedgo-dbt/pull/4923,4315,2025-07,2025,7,Q3 2025,True,False,False
4936,feat: expose carrier mapping dimension,dataverse-vintedgo-dbt,vinted/dataverse-vintedgo-dbt,merged,jeremychia,2025-07-29 14:19:47+00:00,2025-07-29 15:51:54+00:00,2025-07-29 15:51:53+00:00,2,vgo_finance,1,0,https://github.com/vinted/dataverse-vintedgo-dbt/pull/4936,4419,2025-07,2025,7,Q3 2025,True,False,False
10174,chore: update sources for HEX for carrier mapping,dataverse-marketplace-dbt,vinted/dataverse-marketplace-dbt,merged,jeremychia,2025-07-29 15:16:41+00:00,2025-07-30 14:35:32+00:00,2025-07-30 14:35:31+00:00,3,help_experience,1,0,https://github.com/vinted/dataverse-marketplace-dbt/pull/10174,4787,2025-07,2025,7,Q3 2025,True,False,False
2426,"feat: add permission for service usage (elementary) - vgo_carr, vgo_fin",terraform-dataverse,vinted/terraform-dataverse,closed,jeremychia,2025-07-29 15:58:53+00:00,2025-07-29 17:11:37+00:00,2025-07-29 17:11:37+00:00,2,,0,0,https://github.com/vinted/terraform-dataverse/pull/2426,0,2025-07,2025,7,Q3 2025,False,True,False
145,fix: change file name for compensation,dataverse-vintedgo-finance,vinted/dataverse-vintedgo-finance,merged,jeremychia,2025-07-30 06:44:51+00:00,2025-07-30 07:11:34+00:00,2025-07-30 07:11:32+00:00,1,,0,0,https://github.com/vinted/dataverse-vintedgo-finance/pull/145,139,2025-07,2025,7,Q3 2025,True,False,False
4941,feat: expose dim_carrier_mapping,dataverse-vintedgo-dbt,vinted/dataverse-vintedgo-dbt,merged,jeremychia,2025-07-30 07:22:01+00:00,2025-07-30 07:37:19+00:00,2025-07-30 07:37:18+00:00,2,vgo_finance,1,0,https://github.com/vinted/dataverse-vintedgo-dbt/pull/4941,94,2025-07,2025,7,Q3 2025,True,False,False
185,feat: looker dashboards (dimension),dataverse-metrics,vinted/dataverse-metrics,merged,jeremychia,2025-07-30 12:17:56+00:00,2025-08-01 06:46:50+00:00,2025-08-01 06:46:49+00:00,3,,0,1,https://github.com/vinted/dataverse-metrics/pull/185,284,2025-07,2025,7,Q3 2025,True,False,False
186,feat: looker users (dimension),dataverse-metrics,vinted/dataverse-metrics,merged,jeremychia,2025-07-30 15:59:25+00:00,2025-08-01 08:01:41+00:00,2025-08-01 08:01:40+00:00,3,,0,1,https://github.com/vinted/dataverse-metrics/pull/186,348,2025-07,2025,7,Q3 2025,True,False,False
187,feat: looker history (fact),dataverse-metrics,vinted/dataverse-metrics,merged,jeremychia,2025-07-31 10:11:28+00:00,2025-08-01 08:15:14+00:00,2025-08-01 08:15:12+00:00,3,,0,0,https://github.com/vinted/dataverse-metrics/pull/187,3635,2025-07,2025,7,Q3 2025,True,False,False
4973,hotfix: because there are some shipments with missing tracking inform…,dataverse-vintedgo-dbt,vinted/dataverse-vintedgo-dbt,merged,jeremychia,2025-08-01 10:11:26+00:00,2025-08-01 10:28:54+00:00,2025-08-01 10:28:53+00:00,2,vgo_finance,1,0,https://github.com/vinted/dataverse-vintedgo-dbt/pull/4973,191,2025-08,2025,8,Q3 2025,True,False,False
188,fix: re-include deleted kafka rows,dataverse-metrics,vinted/dataverse-metrics,merged,jeremychia,2025-08-01 12:53:45+00:00,2025-08-01 13:30:08+00:00,2025-08-01 13:30:06+00:00,3,,0,0,https://github.com/vinted/dataverse-metrics/pull/188,704,2025-08,2025,8,Q3 2025,True,False,False
4983,feat: add GLS-DK to carrier codes mapping,dataverse-vintedgo-dbt,vinted/dataverse-vintedgo-dbt,merged,jeremychia,2025-08-02 07:17:08+00:00,2025-08-04 06:37:02+00:00,2025-08-04 06:37:01+00:00,2,vgo_finance,1,1,https://github.com/vinted/dataverse-vintedgo-dbt/pull/4983,135,2025-08,2025,8,Q3 2025,True,False,False
4993,chore: add new patterns for inbound_label (for DEPO),dataverse-vintedgo-dbt,vinted/dataverse-vintedgo-dbt,merged,jeremychia,2025-08-05 06:24:43+00:00,2025-08-05 06:46:02+00:00,2025-08-05 06:46:01+00:00,2,vgo_finance,1,0,https://github.com/vinted/dataverse-vintedgo-dbt/pull/4993,4096,2025-08,2025,8,Q3 2025,True,False,False
4995,chore: add SAMEDAY-RO;DEPO mapping,dataverse-vintedgo-dbt,vinted/dataverse-vintedgo-dbt,merged,jeremychia,2025-08-05 08:28:26+00:00,2025-08-05 08:50:54+00:00,2025-08-05 08:50:53+00:00,2,vgo_finance,1,0,https://github.com/vinted/dataverse-vintedgo-dbt/pull/4995,4008,2025-08,2025,8,Q3 2025,True,False,False
189,feat: mrt_looker_executions,dataverse-metrics,vinted/dataverse-metrics,merged,jeremychia,2025-08-05 09:18:24+00:00,2025-08-06 09:53:34+00:00,2025-08-06 09:53:33+00:00,3,,0,1,https://github.com/vinted/dataverse-metrics/pull/189,367,2025-08,2025,8,Q3 2025,True,False,False
190,feat: model mart prep joining looker history with bigquery job costs,dataverse-metrics,vinted/dataverse-metrics,merged,jeremychia,2025-08-05 14:34:15+00:00,2025-08-06 10:09:30+00:00,2025-08-06 10:09:28+00:00,3,,0,0,https://github.com/vinted/dataverse-metrics/pull/190,993,2025-08,2025,8,Q3 2025,True,False,False
5006,chore: raise threshold for nulls in relabelling_invoice_carrier_code,dataverse-vintedgo-dbt,vinted/dataverse-vintedgo-dbt,merged,jeremychia,2025-08-06 06:23:37+00:00,2025-08-06 06:55:57+00:00,2025-08-06 06:55:56+00:00,2,vgo_finance,1,0,https://github.com/vinted/dataverse-vintedgo-dbt/pull/5006,4046,2025-08,2025,8,Q3 2025,True,False,False
191,chore: poetry update + dataverse-vunit,dataverse-metrics,vinted/dataverse-metrics,merged,jeremychia,2025-08-06 08:08:01+00:00,2025-08-06 09:12:57+00:00,2025-08-06 09:12:55+00:00,3,,0,0,https://github.com/vinted/dataverse-metrics/pull/191,0,2025-08,2025,8,Q3 2025,True,False,False
192,feat: expose mart looker executions to looker,dataverse-metrics,vinted/dataverse-metrics,merged,jeremychia,2025-08-06 11:19:15+00:00,2025-08-06 11:35:35+00:00,2025-08-06 11:35:34+00:00,3,,0,0,https://github.com/vinted/dataverse-metrics/pull/192,113,2025-08,2025,8,Q3 2025,True,False,False
146,feat: include ooh service types for royal mail,dataverse-vintedgo-finance,vinted/dataverse-vintedgo-finance,merged,jeremychia,2025-08-06 12:51:43+00:00,2025-08-06 13:32:21+00:00,2025-08-06 13:32:19+00:00,0,,0,0,https://github.com/vinted/dataverse-vintedgo-finance/pull/146,979,2025-08,2025,8,Q3 2025,True,False,False
5022,feat: introduce new tasks for downloading royal mail (pudo2pudo),dataverse-vintedgo-dbt,vinted/dataverse-vintedgo-dbt,merged,jeremychia,2025-08-06 13:10:51+00:00,2025-08-06 13:44:17+00:00,2025-08-06 13:44:16+00:00,2,"vgo_finance, scheduler",2,0,https://github.com/vinted/dataverse-vintedgo-dbt/pull/5022,323,2025-08,2025,8,Q3 2025,True,False,False
147,fix: typo in function (remove 's' in validate_service_type),dataverse-vintedgo-finance,vinted/dataverse-vintedgo-finance,merged,jeremychia,2025-08-06 13:59:22+00:00,2025-08-06 14:09:42+00:00,2025-08-06 14:09:40+00:00,0,,0,0,https://github.com/vinted/dataverse-vintedgo-finance/pull/147,133,2025-08,2025,8,Q3 2025,True,False,False
5026,feat: insert another override condition for reporting route mapping (VINTED GO IBERIA),dataverse-vintedgo-dbt,vinted/dataverse-vintedgo-dbt,merged,jeremychia,2025-08-06 15:29:44+00:00,2025-08-06 15:56:25+00:00,2025-08-06 15:56:25+00:00,2,vgo_finance,1,0,https://github.com/vinted/dataverse-vintedgo-dbt/pull/5026,3978,2025-08,2025,8,Q3 2025,True,False,False
193,chore: tag jeremy for looker models related failures,dataverse-metrics,vinted/dataverse-metrics,merged,jeremychia,2025-08-07 06:42:33+00:00,2025-08-07 07:27:52+00:00,2025-08-07 07:27:51+00:00,3,,0,0,https://github.com/vinted/dataverse-metrics/pull/193,100,2025-08,2025,8,Q3 2025,True,False,False
148,"chore: change owners for FOXPOST, USPS, INPOST",dataverse-vintedgo-finance,vinted/dataverse-vintedgo-finance,merged,jeremychia,2025-08-07 08:51:36+00:00,2025-08-07 08:56:02+00:00,2025-08-07 08:56:00+00:00,0,,0,0,https://github.com/vinted/dataverse-vintedgo-finance/pull/148,139,2025-08,2025,8,Q3 2025,True,False,False
149,chore: additional changes to work allocation,dataverse-vintedgo-finance,vinted/dataverse-vintedgo-finance,merged,jeremychia,2025-08-07 09:03:46+00:00,2025-08-07 10:58:45+00:00,2025-08-07 10:58:44+00:00,0,,0,0,https://github.com/vinted/dataverse-vintedgo-finance/pull/149,152,2025-08,2025,8,Q3 2025,True,False,False
194,feat: join estimated job costs to bigquery mart,dataverse-metrics,vinted/dataverse-metrics,merged,jeremychia,2025-08-07 10:03:01+00:00,2025-08-07 10:56:47+00:00,2025-08-07 10:56:45+00:00,3,,0,0,https://github.com/vinted/dataverse-metrics/pull/194,119,2025-08,2025,8,Q3 2025,True,False,False
5036,feat: integrate business type classification into mart_vcarrier_3rd_party_customer_billing_table,dataverse-vintedgo-dbt,vinted/dataverse-vintedgo-dbt,merged,jeremychia,2025-08-07 12:14:39+00:00,2025-08-08 08:44:49+00:00,2025-08-08 08:44:48+00:00,2,"vgo_carrier, docs",2,0,https://github.com/vinted/dataverse-vintedgo-dbt/pull/5036,4061,2025-08,2025,8,Q3 2025,True,False,False
5045,"fix: on schema change, append new columns (mart_shipment_legs_invoice_cost_and_revenue)",dataverse-vintedgo-dbt,vinted/dataverse-vintedgo-dbt,merged,jeremychia,2025-08-08 06:05:39+00:00,2025-08-08 06:21:43+00:00,2025-08-08 06:21:42+00:00,2,vgo_finance,1,0,https://github.com/vinted/dataverse-vintedgo-dbt/pull/5045,4177,2025-08,2025,8,Q3 2025,True,False,False
10398,feat: integrate shipping fee discount refund into downstream models,dataverse-marketplace-dbt,vinted/dataverse-marketplace-dbt,merged,jeremychia,2025-08-08 06:50:44+00:00,2025-08-08 09:23:36+00:00,2025-08-08 09:23:35+00:00,3,marketing,1,0,https://github.com/vinted/dataverse-marketplace-dbt/pull/10398,263,2025-08,2025,8,Q3 2025,True,False,False
10405,chore: noqa + address problems with documentation,dataverse-marketplace-dbt,vinted/dataverse-marketplace-dbt,merged,jeremychia,2025-08-08 14:14:23+00:00,2025-08-08 15:31:43+00:00,2025-08-08 15:31:42+00:00,3,marketing,1,0,https://github.com/vinted/dataverse-marketplace-dbt/pull/10405,75,2025-08,2025,8,Q3 2025,True,False,False
5065,chore: change owners for VGo Carrier,dataverse-vintedgo-dbt,vinted/dataverse-vintedgo-dbt,merged,jeremychia,2025-08-11 06:43:18+00:00,2025-08-26 03:01:58+00:00,2025-08-26 03:01:58+00:00,6,vgo_carrier,1,14,https://github.com/vinted/dataverse-vintedgo-dbt/pull/5065,846,2025-08,2025,8,Q3 2025,True,False,False
5066,chore: change domains for D2C,dataverse-vintedgo-dbt,vinted/dataverse-vintedgo-dbt,merged,jeremychia,2025-08-11 07:20:40+00:00,2025-08-11 08:34:06+00:00,2025-08-11 08:34:05+00:00,2,vgo_d2c,1,0,https://github.com/vinted/dataverse-vintedgo-dbt/pull/5066,711,2025-08,2025,8,Q3 2025,True,False,False
5067,chore: change owner for VGo Finance VDP-860,dataverse-vintedgo-dbt,vinted/dataverse-vintedgo-dbt,merged,jeremychia,2025-08-11 07:26:48+00:00,2025-08-11 08:20:32+00:00,2025-08-11 08:20:31+00:00,2,vgo_finance,1,0,https://github.com/vinted/dataverse-vintedgo-dbt/pull/5067,711,2025-08,2025,8,Q3 2025,True,False,False
5069,chore: change owner for VGo Recommerce (VDP-860),dataverse-vintedgo-dbt,vinted/dataverse-vintedgo-dbt,merged,jeremychia,2025-08-11 08:04:19+00:00,2025-08-19 08:07:01+00:00,2025-08-19 08:07:00+00:00,2,,0,8,https://github.com/vinted/dataverse-vintedgo-dbt/pull/5069,812,2025-08,2025,8,Q3 2025,True,False,False
5070,chore: change owner for VGo Overflow Detector (VDP-860),dataverse-vintedgo-dbt,vinted/dataverse-vintedgo-dbt,merged,jeremychia,2025-08-11 08:08:27+00:00,2025-08-18 12:56:57+00:00,2025-08-18 12:56:56+00:00,5,vgo_overflow_detector,1,7,https://github.com/vinted/dataverse-vintedgo-dbt/pull/5070,736,2025-08,2025,8,Q3 2025,True,False,False
5071,chore: change owner for HVF Fulfillment (VDP-860),dataverse-vintedgo-dbt,vinted/dataverse-vintedgo-dbt,merged,jeremychia,2025-08-11 08:09:59+00:00,2025-08-19 08:02:33+00:00,2025-08-19 08:02:32+00:00,2,vgo_hvf,1,7,https://github.com/vinted/dataverse-vintedgo-dbt/pull/5071,812,2025-08,2025,8,Q3 2025,True,False,False
5072,chore: change owner and domain for VGo General (VDP-860),dataverse-vintedgo-dbt,vinted/dataverse-vintedgo-dbt,merged,jeremychia,2025-08-11 08:10:41+00:00,2025-08-11 09:03:44+00:00,2025-08-11 09:03:43+00:00,3,vgo_general,1,0,https://github.com/vinted/dataverse-vintedgo-dbt/pull/5072,896,2025-08,2025,8,Q3 2025,True,False,False
5073,chore: change domain and owner for vgo recommender (VDP-860),dataverse-vintedgo-dbt,vinted/dataverse-vintedgo-dbt,merged,jeremychia,2025-08-11 08:21:37+00:00,2025-08-11 08:51:49+00:00,2025-08-11 08:51:48+00:00,2,vgo_recommender,1,0,https://github.com/vinted/dataverse-vintedgo-dbt/pull/5073,1004,2025-08,2025,8,Q3 2025,True,False,False
10424,chore: change domain and owner for seller (VDP-860),dataverse-marketplace-dbt,vinted/dataverse-marketplace-dbt,merged,jeremychia,2025-08-11 10:11:31+00:00,2025-08-11 12:35:56+00:00,2025-08-11 12:35:55+00:00,2,seller,1,0,https://github.com/vinted/dataverse-marketplace-dbt/pull/10424,940,2025-08,2025,8,Q3 2025,True,False,False
10425,chore: change domain and owner for programs (VDP-860),dataverse-marketplace-dbt,vinted/dataverse-marketplace-dbt,merged,jeremychia,2025-08-11 10:13:52+00:00,2025-08-14 11:24:00+00:00,2025-08-14 11:23:59+00:00,2,,0,3,https://github.com/vinted/dataverse-marketplace-dbt/pull/10425,855,2025-08,2025,8,Q3 2025,True,False,False
10427,chore: set domain and owner for payments_* (VDP-860),dataverse-marketplace-dbt,vinted/dataverse-marketplace-dbt,merged,jeremychia,2025-08-11 10:33:17+00:00,2025-08-20 09:29:25+00:00,2025-08-20 09:29:24+00:00,6,payments,1,8,https://github.com/vinted/dataverse-marketplace-dbt/pull/10427,959,2025-08,2025,8,Q3 2025,True,False,False
10428,chore: change domain and owner for member lifecycle (VDP-860),dataverse-marketplace-dbt,vinted/dataverse-marketplace-dbt,merged,jeremychia,2025-08-11 10:36:36+00:00,2025-08-13 00:16:34+00:00,2025-08-13 00:16:33+00:00,2,member_lifecycle,1,1,https://github.com/vinted/dataverse-marketplace-dbt/pull/10428,957,2025-08,2025,8,Q3 2025,True,False,False
10429,chore: change domains and owners for marketing_* models VDP-860,dataverse-marketplace-dbt,vinted/dataverse-marketplace-dbt,open,jeremychia,2025-08-11 10:37:59+00:00,2025-08-14 07:03:19+00:00,0001-01-01 00:00:00+00:00,12,,0,-739474,https://github.com/vinted/dataverse-marketplace-dbt/pull/10429,871,2025-08,2025,8,Q3 2025,False,False,True
10430,chore: change owner for trust/protect & support (VDP-860),dataverse-marketplace-dbt,vinted/dataverse-marketplace-dbt,merged,jeremychia,2025-08-11 10:40:04+00:00,2025-09-04 10:09:07+00:00,2025-09-04 10:09:06+00:00,19,trust,1,23,https://github.com/vinted/dataverse-marketplace-dbt/pull/10430,885,2025-08,2025,8,Q3 2025,True,False,False
10431,chore: change owner for transactional experience (VDP-860),dataverse-marketplace-dbt,vinted/dataverse-marketplace-dbt,merged,jeremychia,2025-08-11 10:42:00+00:00,2025-08-13 03:27:32+00:00,2025-08-13 03:27:31+00:00,6,,0,1,https://github.com/vinted/dataverse-marketplace-dbt/pull/10431,970,2025-08,2025,8,Q3 2025,True,False,False
10432,chore: change owner and domain (help experience) VDP-860,dataverse-marketplace-dbt,vinted/dataverse-marketplace-dbt,merged,jeremychia,2025-08-11 10:44:37+00:00,2025-08-13 03:22:30+00:00,2025-08-13 03:22:28+00:00,2,help_experience,1,1,https://github.com/vinted/dataverse-marketplace-dbt/pull/10432,956,2025-08,2025,8,Q3 2025,True,False,False
10433,chore: change owner and domain (competitive intelligence) (VDP-860),dataverse-marketplace-dbt,vinted/dataverse-marketplace-dbt,merged,jeremychia,2025-08-11 10:46:28+00:00,2025-08-11 11:45:57+00:00,2025-08-11 11:45:56+00:00,2,competitive_intelligence,1,0,https://github.com/vinted/dataverse-marketplace-dbt/pull/10433,940,2025-08,2025,8,Q3 2025,True,False,False
10434,chore: change domain and owner for buyer_* projects (VDP-860),dataverse-marketplace-dbt,vinted/dataverse-marketplace-dbt,merged,jeremychia,2025-08-11 10:47:27+00:00,2025-08-18 12:59:41+00:00,2025-08-18 12:59:40+00:00,6,buyer,1,7,https://github.com/vinted/dataverse-marketplace-dbt/pull/10434,961,2025-08,2025,8,Q3 2025,True,False,False
211,feat: add domain and owner for dataverse-billing VDP-860,dataverse-billing,vinted/dataverse-billing,merged,jeremychia,2025-08-11 12:04:23+00:00,2025-08-20 09:56:55+00:00,2025-08-20 09:56:55+00:00,3,,0,8,https://github.com/vinted/dataverse-billing/pull/211,906,2025-08,2025,8,Q3 2025,True,False,False
196,add domain and owner for dataverse-metrics VDP-860,dataverse-metrics,vinted/dataverse-metrics,closed,jeremychia,2025-08-11 12:07:18+00:00,2025-08-11 12:14:55+00:00,2025-08-11 12:14:55+00:00,4,,0,0,https://github.com/vinted/dataverse-metrics/pull/196,905,2025-08,2025,8,Q3 2025,False,True,False
941,feat: add domain and owner for group finance VDP-860,dataverse-finance,vinted/dataverse-finance,merged,jeremychia,2025-08-11 12:19:30+00:00,2025-08-18 12:44:49+00:00,2025-08-18 12:44:48+00:00,2,,0,7,https://github.com/vinted/dataverse-finance/pull/941,880,2025-08,2025,8,Q3 2025,True,False,False
353,feat: change domain and owner for experimentation VDP-860,dataverse-experimentation-dbt,vinted/dataverse-experimentation-dbt,merged,jeremychia,2025-08-11 12:24:49+00:00,2025-08-13 07:08:18+00:00,2025-08-13 07:08:16+00:00,2,,0,1,https://github.com/vinted/dataverse-experimentation-dbt/pull/353,903,2025-08,2025,8,Q3 2025,True,False,False
114,feat: change owner and domain for people VDP-860,dataverse-people,vinted/dataverse-people,merged,jeremychia,2025-08-11 12:28:54+00:00,2025-08-11 13:01:46+00:00,2025-08-11 13:01:45+00:00,2,dbt,1,0,https://github.com/vinted/dataverse-people/pull/114,956,2025-08,2025,8,Q3 2025,True,False,False
169,feat: change owner and domain for sustainability VDP-860,dataverse-sustainability,vinted/dataverse-sustainability,merged,jeremychia,2025-08-11 12:32:56+00:00,2025-08-11 13:02:14+00:00,2025-08-11 13:02:12+00:00,2,,0,0,https://github.com/vinted/dataverse-sustainability/pull/169,970,2025-08,2025,8,Q3 2025,True,False,False
248,feat: add domain and owner for projects in groupfunctions-dbt VDP-860,dataverse-groupfunctions-dbt,vinted/dataverse-groupfunctions-dbt,merged,jeremychia,2025-08-11 12:43:08+00:00,2025-08-20 09:07:56+00:00,2025-08-20 09:07:54+00:00,17,,0,8,https://github.com/vinted/dataverse-groupfunctions-dbt/pull/248,969,2025-08,2025,8,Q3 2025,True,False,False
197,feat: add measures for query_runtime_seconds,dataverse-metrics,vinted/dataverse-metrics,merged,jeremychia,2025-08-11 13:41:24+00:00,2025-08-13 07:55:21+00:00,2025-08-13 07:55:19+00:00,3,,0,1,https://github.com/vinted/dataverse-metrics/pull/197,421,2025-08,2025,8,Q3 2025,True,False,False
10494,fix: add new category to grf finance sources,dataverse-marketplace-dbt,vinted/dataverse-marketplace-dbt,merged,jeremychia,2025-08-13 02:53:37+00:00,2025-08-13 07:31:26+00:00,2025-08-13 07:31:25+00:00,3,marketing,1,0,https://github.com/vinted/dataverse-marketplace-dbt/pull/10494,4721,2025-08,2025,8,Q3 2025,True,False,False
198,feat: looker enrich dashboard information with user info,dataverse-metrics,vinted/dataverse-metrics,merged,jeremychia,2025-08-13 04:21:38+00:00,2025-08-13 09:13:49+00:00,2025-08-13 09:13:48+00:00,3,,0,0,https://github.com/vinted/dataverse-metrics/pull/198,434,2025-08,2025,8,Q3 2025,True,False,False
926,feat: add links to dashboard information,dataverse-groupfunctions-looker,vinted/dataverse-groupfunctions-looker,merged,jeremychia,2025-08-13 04:58:44+00:00,2025-08-13 07:53:26+00:00,2025-08-13 07:53:25+00:00,0,,0,0,https://github.com/vinted/dataverse-groupfunctions-looker/pull/926,345,2025-08,2025,8,Q3 2025,True,False,False
152,chore: shorten slack messages (shipment join failures),dataverse-vintedgo-finance,vinted/dataverse-vintedgo-finance,merged,jeremychia,2025-08-13 10:39:00+00:00,2025-08-18 06:33:55+00:00,2025-08-18 06:33:53+00:00,0,,0,4,https://github.com/vinted/dataverse-vintedgo-finance/pull/152,68,2025-08,2025,8,Q3 2025,True,False,False
200,fix: remove multiple joins in looker dashboards,dataverse-metrics,vinted/dataverse-metrics,merged,jeremychia,2025-08-13 12:17:51+00:00,2025-08-13 12:26:58+00:00,2025-08-13 12:26:57+00:00,3,,0,0,https://github.com/vinted/dataverse-metrics/pull/200,496,2025-08,2025,8,Q3 2025,True,False,False
154,feat: move details to thread replies for invoice completeness,dataverse-vintedgo-finance,vinted/dataverse-vintedgo-finance,merged,jeremychia,2025-08-13 12:47:01+00:00,2025-08-18 12:43:52+00:00,2025-08-18 12:43:50+00:00,0,,0,4,https://github.com/vinted/dataverse-vintedgo-finance/pull/154,105,2025-08,2025,8,Q3 2025,True,False,False
5119,chore: customer_id = 1 only for transaction_id test,dataverse-vintedgo-dbt,vinted/dataverse-vintedgo-dbt,merged,jeremychia,2025-08-14 07:41:04+00:00,2025-08-14 07:57:09+00:00,2025-08-14 07:57:08+00:00,2,vgo_finance,1,0,https://github.com/vinted/dataverse-vintedgo-dbt/pull/5119,4067,2025-08,2025,8,Q3 2025,True,False,False
5120,chore: raise threshold for uniqueness of carrier_leg_id,dataverse-vintedgo-dbt,vinted/dataverse-vintedgo-dbt,merged,jeremychia,2025-08-14 07:48:01+00:00,2025-08-14 08:03:38+00:00,2025-08-14 08:03:37+00:00,2,vgo_finance,1,0,https://github.com/vinted/dataverse-vintedgo-dbt/pull/5120,3890,2025-08,2025,8,Q3 2025,True,False,False
296,feat: add new date format ('%d.%b.%y'),dataverse-dbt-shared,vinted/dataverse-dbt-shared,merged,jeremychia,2025-08-15 01:27:31+00:00,2025-08-15 07:19:58+00:00,2025-08-15 07:19:57+00:00,0,"documentation, ci/cd, transformations",3,0,https://github.com/vinted/dataverse-dbt-shared/pull/296,184,2025-08,2025,8,Q3 2025,True,False,False
5136,chore: parse multiple date formats in FANCOURIER-RO,dataverse-vintedgo-dbt,vinted/dataverse-vintedgo-dbt,merged,jeremychia,2025-08-15 01:29:22+00:00,2025-08-15 07:32:14+00:00,2025-08-15 07:32:14+00:00,2,vgo_finance,1,0,https://github.com/vinted/dataverse-vintedgo-dbt/pull/5136,4177,2025-08,2025,8,Q3 2025,True,False,False
5137,chore: move test to correct column (dim_vcarrier_shipment_legs),dataverse-vintedgo-dbt,vinted/dataverse-vintedgo-dbt,merged,jeremychia,2025-08-15 04:58:43+00:00,2025-08-15 07:09:05+00:00,2025-08-15 07:09:04+00:00,2,vgo_carrier,1,0,https://github.com/vinted/dataverse-vintedgo-dbt/pull/5137,3920,2025-08,2025,8,Q3 2025,True,False,False
932,chore: adding percentile to runtime metrics (looker executions),dataverse-groupfunctions-looker,vinted/dataverse-groupfunctions-looker,merged,jeremychia,2025-08-15 11:53:01+00:00,2025-08-15 11:56:17+00:00,2025-08-15 11:56:16+00:00,0,,0,0,https://github.com/vinted/dataverse-groupfunctions-looker/pull/932,112,2025-08,2025,8,Q3 2025,True,False,False
10582,UPdate columne name to created_at fix lookerml,dataverse-marketplace-dbt,vinted/dataverse-marketplace-dbt,merged,jeremychia,2025-08-15 13:15:58+00:00,2025-08-15 13:43:25+00:00,2025-08-15 13:43:24+00:00,3,trust,1,0,https://github.com/vinted/dataverse-marketplace-dbt/pull/10582,85,2025-08,2025,8,Q3 2025,True,False,False
155,chore: tune alert messages (punc. updates),dataverse-vintedgo-finance,vinted/dataverse-vintedgo-finance,merged,jeremychia,2025-08-18 13:13:15+00:00,2025-08-18 13:40:57+00:00,2025-08-18 13:40:55+00:00,0,,0,0,https://github.com/vinted/dataverse-vintedgo-finance/pull/155,179,2025-08,2025,8,Q3 2025,True,False,False
10617,fix: adjusting filters in costs information (shipping pricing),dataverse-marketplace-dbt,vinted/dataverse-marketplace-dbt,merged,jeremychia,2025-08-18 13:58:15+00:00,2025-08-19 01:26:24+00:00,2025-08-19 01:26:23+00:00,3,marketing,1,0,https://github.com/vinted/dataverse-marketplace-dbt/pull/10617,4616,2025-08,2025,8,Q3 2025,True,False,False
5157,fix: revise test on client business type,dataverse-vintedgo-dbt,vinted/dataverse-vintedgo-dbt,merged,jeremychia,2025-08-19 01:12:38+00:00,2025-08-19 08:24:04+00:00,2025-08-19 08:24:04+00:00,2,vgo_carrier,1,0,https://github.com/vinted/dataverse-vintedgo-dbt/pull/5157,4000,2025-08,2025,8,Q3 2025,True,False,False
5158,fix: grant access to vinted-level for carrier legs,dataverse-vintedgo-dbt,vinted/dataverse-vintedgo-dbt,merged,jeremychia,2025-08-19 02:07:56+00:00,2025-08-19 08:40:19+00:00,2025-08-19 08:40:18+00:00,2,vgo_general,1,0,https://github.com/vinted/dataverse-vintedgo-dbt/pull/5158,4198,2025-08,2025,8,Q3 2025,True,False,False
937,feat: add dashboards as lookml code,dataverse-groupfunctions-looker,vinted/dataverse-groupfunctions-looker,merged,jeremychia,2025-08-19 02:16:08+00:00,2025-08-19 08:19:45+00:00,2025-08-19 08:19:44+00:00,0,,0,0,https://github.com/vinted/dataverse-groupfunctions-looker/pull/937,444,2025-08,2025,8,Q3 2025,True,False,False
940,fix: include dashboards in model,dataverse-groupfunctions-looker,vinted/dataverse-groupfunctions-looker,merged,jeremychia,2025-08-19 09:29:24+00:00,2025-08-19 09:40:25+00:00,2025-08-19 09:40:24+00:00,0,,0,0,https://github.com/vinted/dataverse-groupfunctions-looker/pull/940,146,2025-08,2025,8,Q3 2025,True,False,False
461,chore: change owner for marketplace-intelligence,dataverse-marketplace-intelligence,vinted/dataverse-marketplace-intelligence,merged,jeremychia,2025-08-20 01:18:05+00:00,2025-08-20 09:10:09+00:00,2025-08-20 09:10:08+00:00,2,,0,0,https://github.com/vinted/dataverse-marketplace-intelligence/pull/461,940,2025-08,2025,8,Q3 2025,True,False,False
5184,fix: include customer invoice and revenue recognition derivation methods in to tracking statuses for finance,dataverse-vintedgo-dbt,vinted/dataverse-vintedgo-dbt,merged,jeremychia,2025-08-20 12:06:08+00:00,2025-08-20 14:57:19+00:00,2025-08-20 14:57:18+00:00,3,vgo_finance,1,0,https://github.com/vinted/dataverse-vintedgo-dbt/pull/5184,4572,2025-08,2025,8,Q3 2025,True,False,False
5194,"chore: remove ""on_schema_change"" config for some incremental vgo_finance models",dataverse-vintedgo-dbt,vinted/dataverse-vintedgo-dbt,merged,jeremychia,2025-08-21 06:03:08+00:00,2025-08-21 06:57:21+00:00,2025-08-21 06:57:20+00:00,3,vgo_finance,1,0,https://github.com/vinted/dataverse-vintedgo-dbt/pull/5194,4461,2025-08,2025,8,Q3 2025,True,False,False
5195,chore: add new backend carrier code into list,dataverse-vintedgo-dbt,vinted/dataverse-vintedgo-dbt,merged,jeremychia,2025-08-21 06:34:22+00:00,2025-08-21 07:08:04+00:00,2025-08-21 07:08:03+00:00,3,vgo_finance,1,0,https://github.com/vinted/dataverse-vintedgo-dbt/pull/5195,4026,2025-08,2025,8,Q3 2025,True,False,False
5199,feat: historic snapshots for unmatched invoices and no detail costs,dataverse-vintedgo-dbt,vinted/dataverse-vintedgo-dbt,merged,jeremychia,2025-08-21 09:40:44+00:00,2025-08-26 02:18:27+00:00,2025-08-26 02:18:26+00:00,3,vgo_finance,1,4,https://github.com/vinted/dataverse-vintedgo-dbt/pull/5199,4255,2025-08,2025,8,Q3 2025,True,False,False
5224,chore: lint rule M006 for mart_historic_shipment_legs_revenue_recognition,dataverse-vintedgo-dbt,vinted/dataverse-vintedgo-dbt,merged,jeremychia,2025-08-25 09:59:45+00:00,2025-08-26 02:09:47+00:00,2025-08-26 02:09:46+00:00,3,vgo_finance,1,0,https://github.com/vinted/dataverse-vintedgo-dbt/pull/5224,4431,2025-08,2025,8,Q3 2025,True,False,False
5242,chore: handle invalid numeric value in dim carrier contract prices model,dataverse-vintedgo-dbt,vinted/dataverse-vintedgo-dbt,merged,jeremychia,2025-08-26 01:59:28+00:00,2025-08-26 06:51:57+00:00,2025-08-26 06:51:56+00:00,3,vgo_finance,1,0,https://github.com/vinted/dataverse-vintedgo-dbt/pull/5242,4183,2025-08,2025,8,Q3 2025,True,False,False
5243,chore: M006 linter warning for `stg_google_sheets__cost_categories`,dataverse-vintedgo-dbt,vinted/dataverse-vintedgo-dbt,merged,jeremychia,2025-08-26 02:13:13+00:00,2025-08-26 06:43:02+00:00,2025-08-26 06:43:01+00:00,3,vgo_finance,1,0,https://github.com/vinted/dataverse-vintedgo-dbt/pull/5243,4082,2025-08,2025,8,Q3 2025,True,False,False
156,chore: remove field assertions for label date for smartposti baltics,dataverse-vintedgo-finance,vinted/dataverse-vintedgo-finance,merged,jeremychia,2025-08-26 06:35:26+00:00,2025-08-26 06:49:14+00:00,2025-08-26 06:49:12+00:00,0,,0,0,https://github.com/vinted/dataverse-vintedgo-finance/pull/156,281,2025-08,2025,8,Q3 2025,True,False,False
5245,chore: comment out freshness for dhl de integration payout and transfer,dataverse-vintedgo-dbt,vinted/dataverse-vintedgo-dbt,closed,jeremychia,2025-08-26 06:40:31+00:00,2025-09-02 11:44:00+00:00,2025-09-02 11:44:00+00:00,4,vgo_finance,1,7,https://github.com/vinted/dataverse-vintedgo-dbt/pull/5245,4374,2025-08,2025,8,Q3 2025,False,True,False
5250,chore: change test severity to warn (carrier contract prices),dataverse-vintedgo-dbt,vinted/dataverse-vintedgo-dbt,merged,jeremychia,2025-08-26 11:27:26+00:00,2025-08-26 12:33:55+00:00,2025-08-26 12:33:54+00:00,3,vgo_finance,1,0,https://github.com/vinted/dataverse-vintedgo-dbt/pull/5250,3916,2025-08,2025,8,Q3 2025,True,False,False
5306,feat: expose zip code and country code for usps,dataverse-vintedgo-dbt,vinted/dataverse-vintedgo-dbt,merged,jeremychia,2025-09-02 12:32:28+00:00,2025-09-02 13:11:04+00:00,2025-09-02 13:11:03+00:00,3,vgo_finance,1,0,https://github.com/vinted/dataverse-vintedgo-dbt/pull/5306,4470,2025-09,2025,9,Q3 2025,True,False,False
5313,chore: M006 fixes for dim_prep_shipment_legs_information,dataverse-vintedgo-dbt,vinted/dataverse-vintedgo-dbt,merged,jeremychia,2025-09-02 15:07:28+00:00,2025-09-02 15:54:04+00:00,2025-09-02 15:54:03+00:00,3,vgo_finance,1,0,https://github.com/vinted/dataverse-vintedgo-dbt/pull/5313,4036,2025-09,2025,9,Q3 2025,True,False,False
5323,feat: add count carrier legs to mart_carrier_invoices_total,dataverse-vintedgo-dbt,vinted/dataverse-vintedgo-dbt,merged,jeremychia,2025-09-03 07:14:35+00:00,2025-09-03 07:40:35+00:00,2025-09-03 07:40:34+00:00,3,vgo_finance,1,0,https://github.com/vinted/dataverse-vintedgo-dbt/pull/5323,5185,2025-09,2025,9,Q3 2025,True,False,False
5324,"chore: addressing issues with linter (mart/mart_prep, vgo_finance)",dataverse-vintedgo-dbt,vinted/dataverse-vintedgo-dbt,merged,jeremychia,2025-09-03 07:49:53+00:00,2025-09-03 09:00:28+00:00,2025-09-03 09:00:27+00:00,3,vgo_finance,1,0,https://github.com/vinted/dataverse-vintedgo-dbt/pull/5324,4034,2025-09,2025,9,Q3 2025,True,False,False
5334,chore: specify that it is count carrier leg by id,dataverse-vintedgo-dbt,vinted/dataverse-vintedgo-dbt,merged,jeremychia,2025-09-03 11:50:12+00:00,2025-09-03 12:39:12+00:00,2025-09-03 12:39:11+00:00,3,vgo_finance,1,0,https://github.com/vinted/dataverse-vintedgo-dbt/pull/5334,5583,2025-09,2025,9,Q3 2025,True,False,False
211,chore: change column used for count_looker_users,dataverse-metrics,vinted/dataverse-metrics,merged,jeremychia,2025-09-03 12:21:21+00:00,2025-09-12 11:37:51+00:00,2025-09-12 11:37:50+00:00,3,,0,8,https://github.com/vinted/dataverse-metrics/pull/211,338,2025-09,2025,9,Q3 2025,True,False,False
977,chore: remove references to dashboard users,dataverse-groupfunctions-looker,vinted/dataverse-groupfunctions-looker,merged,jeremychia,2025-09-03 12:29:30+00:00,2025-09-12 07:53:06+00:00,2025-09-12 07:53:05+00:00,0,,0,8,https://github.com/vinted/dataverse-groupfunctions-looker/pull/977,578,2025-09,2025,9,Q3 2025,True,False,False
212,feat: add user email from bigquery jobs,dataverse-metrics,vinted/dataverse-metrics,closed,jeremychia,2025-09-03 13:31:27+00:00,2025-09-05 17:54:51+00:00,2025-09-05 17:54:51+00:00,4,,0,2,https://github.com/vinted/dataverse-metrics/pull/212,264,2025-09,2025,9,Q3 2025,False,True,False
157,fix: argument needed for error_message,dataverse-vintedgo-finance,vinted/dataverse-vintedgo-finance,merged,jeremychia,2025-09-03 14:25:03+00:00,2025-09-03 14:41:00+00:00,2025-09-03 14:40:59+00:00,0,,0,0,https://github.com/vinted/dataverse-vintedgo-finance/pull/157,149,2025-09,2025,9,Q3 2025,True,False,False
5346,feat: carrier costs aggregate,dataverse-vintedgo-dbt,vinted/dataverse-vintedgo-dbt,merged,jeremychia,2025-09-03 14:41:30+00:00,2025-09-04 05:58:58+00:00,2025-09-04 05:58:57+00:00,3,vgo_finance,1,0,https://github.com/vinted/dataverse-vintedgo-dbt/pull/5346,5868,2025-09,2025,9,Q3 2025,True,False,False
5359,chore: adding value_format_name to measures in mart_agg_carrier_costs,dataverse-vintedgo-dbt,vinted/dataverse-vintedgo-dbt,merged,jeremychia,2025-09-04 15:00:55+00:00,2025-09-09 06:15:15+00:00,2025-09-09 06:15:14+00:00,3,vgo_finance,1,4,https://github.com/vinted/dataverse-vintedgo-dbt/pull/5359,3847,2025-09,2025,9,Q3 2025,True,False,False
5365,feat: filter out total rows using `invoice_date is not null` for anpost IE,dataverse-vintedgo-dbt,vinted/dataverse-vintedgo-dbt,merged,jeremychia,2025-09-05 06:48:59+00:00,2025-09-05 07:29:37+00:00,2025-09-05 07:29:36+00:00,3,vgo_finance,1,0,https://github.com/vinted/dataverse-vintedgo-dbt/pull/5365,4552,2025-09,2025,9,Q3 2025,True,False,False
5390,chore: fix syntax for privacy_review_at,dataverse-vintedgo-dbt,vinted/dataverse-vintedgo-dbt,merged,jeremychia,2025-09-08 14:15:05+00:00,2025-09-08 15:31:55+00:00,2025-09-08 15:31:54+00:00,3,vgo_finance,1,0,https://github.com/vinted/dataverse-vintedgo-dbt/pull/5390,163,2025-09,2025,9,Q3 2025,True,False,False
991,"chore: add filters, correct filters",dataverse-groupfunctions-looker,vinted/dataverse-groupfunctions-looker,merged,jeremychia,2025-09-08 14:33:24+00:00,2025-09-09 11:46:18+00:00,2025-09-09 11:46:17+00:00,0,,0,0,https://github.com/vinted/dataverse-groupfunctions-looker/pull/991,1032,2025-09,2025,9,Q3 2025,True,False,False
5410,feat: add revenue recognition date to 3rd party customer billing,dataverse-vintedgo-dbt,vinted/dataverse-vintedgo-dbt,merged,jeremychia,2025-09-09 14:46:22+00:00,2025-09-10 13:53:46+00:00,2025-09-10 13:53:45+00:00,5,vgo_carrier,1,0,https://github.com/vinted/dataverse-vintedgo-dbt/pull/5410,4643,2025-09,2025,9,Q3 2025,True,False,False
2749,chore: remove mart_vcarrier_induction_station_sorting_platform_level_efficiency_aggregates,dataverse-vintedgo-looker,vinted/dataverse-vintedgo-looker,merged,jeremychia,2025-09-10 06:12:27+00:00,2025-09-10 06:25:58+00:00,2025-09-10 06:25:58+00:00,0,"views, vgo_carrier, models",3,0,https://github.com/vinted/dataverse-vintedgo-looker/pull/2749,496,2025-09,2025,9,Q3 2025,True,False,False
5416,chore: change warning threshold for shipment_carrier_leg_id,dataverse-vintedgo-dbt,vinted/dataverse-vintedgo-dbt,merged,jeremychia,2025-09-10 07:43:48+00:00,2025-09-10 08:05:42+00:00,2025-09-10 08:05:41+00:00,3,vgo_finance,1,0,https://github.com/vinted/dataverse-vintedgo-dbt/pull/5416,160,2025-09,2025,9,Q3 2025,True,False,False
5428,"chore: fix linter issues (marts/mart_prep, vgo_finance)",dataverse-vintedgo-dbt,vinted/dataverse-vintedgo-dbt,merged,jeremychia,2025-09-10 12:45:31+00:00,2025-09-12 11:34:57+00:00,2025-09-12 11:34:56+00:00,3,vgo_finance,1,1,https://github.com/vinted/dataverse-vintedgo-dbt/pull/5428,87,2025-09,2025,9,Q3 2025,True,False,False
162,chore: increase max retries for royalmail ingestor (30->60),dataverse-vintedgo-finance,vinted/dataverse-vintedgo-finance,merged,jeremychia,2025-09-15 08:20:08+00:00,2025-09-15 08:24:33+00:00,2025-09-15 08:24:32+00:00,0,,0,0,https://github.com/vinted/dataverse-vintedgo-finance/pull/162,237,2025-09,2025,9,Q3 2025,True,False,False
5486,chore: remove policy tag from account code,dataverse-vintedgo-dbt,vinted/dataverse-vintedgo-dbt,merged,jeremychia,2025-09-16 07:26:44+00:00,2025-09-16 09:16:14+00:00,2025-09-16 09:16:13+00:00,3,vgo_finance,1,0,https://github.com/vinted/dataverse-vintedgo-dbt/pull/5486,535,2025-09,2025,9,Q3 2025,True,False,False
5487,chore: unexpose postal codes from fct_invoice_rows,dataverse-vintedgo-dbt,vinted/dataverse-vintedgo-dbt,merged,jeremychia,2025-09-16 07:29:44+00:00,2025-09-17 18:23:31+00:00,2025-09-17 18:23:30+00:00,5,vgo_finance,1,1,https://github.com/vinted/dataverse-vintedgo-dbt/pull/5487,4009,2025-09,2025,9,Q3 2025,True,False,False
5489,chore: M006 issues with mondial staging layers,dataverse-vintedgo-dbt,vinted/dataverse-vintedgo-dbt,merged,jeremychia,2025-09-16 09:11:31+00:00,2025-09-16 10:10:17+00:00,2025-09-16 10:10:16+00:00,3,vgo_finance,1,0,https://github.com/vinted/dataverse-vintedgo-dbt/pull/5489,4041,2025-09,2025,9,Q3 2025,True,False,False
5490,chore: missing columns for mart_prep_invoice_rows_wide_categories (M006),dataverse-vintedgo-dbt,vinted/dataverse-vintedgo-dbt,merged,jeremychia,2025-09-16 09:57:05+00:00,2025-09-30 08:55:52+00:00,2025-09-30 08:55:51+00:00,3,"vgo_finance, docs, do not merge",3,13,https://github.com/vinted/dataverse-vintedgo-dbt/pull/5490,4030,2025-09,2025,9,Q3 2025,True,False,False
5498,chore: run reporting carrier not null test only on the last day of the month,dataverse-vintedgo-dbt,vinted/dataverse-vintedgo-dbt,merged,jeremychia,2025-09-17 06:25:10+00:00,2025-09-17 06:56:28+00:00,2025-09-17 06:56:27+00:00,3,vgo_finance,1,0,https://github.com/vinted/dataverse-vintedgo-dbt/pull/5498,4068,2025-09,2025,9,Q3 2025,True,False,False
5499,chore: M011 for dim carrier mappings,dataverse-vintedgo-dbt,vinted/dataverse-vintedgo-dbt,merged,jeremychia,2025-09-17 06:35:47+00:00,2025-09-17 08:07:47+00:00,2025-09-17 08:07:46+00:00,3,vgo_finance,1,0,https://github.com/vinted/dataverse-vintedgo-dbt/pull/5499,4022,2025-09,2025,9,Q3 2025,True,False,False
11384,chore: change SLO time for dim_transaction_verticals,dataverse-marketplace-dbt,vinted/dataverse-marketplace-dbt,merged,jeremychia,2025-09-17 09:06:42+00:00,2025-09-17 10:19:56+00:00,2025-09-17 10:19:55+00:00,3,,0,0,https://github.com/vinted/dataverse-marketplace-dbt/pull/11384,5874,2025-09,2025,9,Q3 2025,True,False,False
1016,chore: move forward SLO for dim_marketplace_shipment_routes,dataverse-finance,vinted/dataverse-finance,merged,jeremychia,2025-09-17 09:18:42+00:00,2025-09-17 09:36:39+00:00,2025-09-17 09:36:38+00:00,3,,0,0,https://github.com/vinted/dataverse-finance/pull/1016,4460,2025-09,2025,9,Q3 2025,True,False,False
5504,refactor: partition run results and dbt invocations (vgo_d2c),dataverse-vintedgo-dbt,vinted/dataverse-vintedgo-dbt,merged,jeremychia,2025-09-17 12:30:23+00:00,2025-09-17 13:06:55+00:00,2025-09-17 13:06:54+00:00,2,vgo_d2c,1,0,https://github.com/vinted/dataverse-vintedgo-dbt/pull/5504,4784,2025-09,2025,9,Q3 2025,True,False,False
5506,chore: recreate run_results and dbt_invocations with partitioning (vgo_d2c),dataverse-vintedgo-dbt,vinted/dataverse-vintedgo-dbt,merged,jeremychia,2025-09-17 13:30:34+00:00,2025-09-17 13:39:31+00:00,2025-09-17 13:39:30+00:00,0,vgo_d2c,1,0,https://github.com/vinted/dataverse-vintedgo-dbt/pull/5506,3803,2025-09,2025,9,Q3 2025,True,False,False
5512,"feat: 3rd party revenue - add price, invoicing entity",dataverse-vintedgo-dbt,vinted/dataverse-vintedgo-dbt,merged,jeremychia,2025-09-18 08:51:58+00:00,2025-09-18 14:37:13+00:00,2025-09-18 14:37:11+00:00,3,"vgo_carrier, do not merge",2,0,https://github.com/vinted/dataverse-vintedgo-dbt/pull/5512,4407,2025-09,2025,9,Q3 2025,True,False,False
5525,feat: add deduplication for price list cdc tables,dataverse-vintedgo-dbt,vinted/dataverse-vintedgo-dbt,merged,jeremychia,2025-09-18 15:12:15+00:00,2025-09-19 08:58:40+00:00,2025-09-19 08:58:39+00:00,4,vgo_finance,1,0,https://github.com/vinted/dataverse-vintedgo-dbt/pull/5525,3879,2025-09,2025,9,Q3 2025,True,False,False
5535,chore: add .vscode/extensions.json to all projects,dataverse-vintedgo-dbt,vinted/dataverse-vintedgo-dbt,merged,jeremychia,2025-09-19 11:16:42+00:00,2025-09-19 12:46:17+00:00,2025-09-19 12:46:16+00:00,28,"vgo_general, vgo_carrier, vgo_finance, vgo_overflow_detector, vgo_d2c, vgo_hvf, docs, vgo_recommender, observability, vgo_recommerce",10,0,https://github.com/vinted/dataverse-vintedgo-dbt/pull/5535,3892,2025-09,2025,9,Q3 2025,True,False,False
164,chore: change date check for DPD-DE,dataverse-vintedgo-finance,vinted/dataverse-vintedgo-finance,merged,jeremychia,2025-09-19 11:21:28+00:00,2025-09-19 11:46:21+00:00,2025-09-19 11:46:19+00:00,0,,0,0,https://github.com/vinted/dataverse-vintedgo-finance/pull/164,107,2025-09,2025,9,Q3 2025,True,False,False
5536,chore: typo in invoicing entity seeds,dataverse-vintedgo-dbt,vinted/dataverse-vintedgo-dbt,merged,jeremychia,2025-09-19 11:42:33+00:00,2025-09-19 12:14:42+00:00,2025-09-19 12:14:41+00:00,3,vgo_carrier,1,0,https://github.com/vinted/dataverse-vintedgo-dbt/pull/5536,4007,2025-09,2025,9,Q3 2025,True,False,False
5550,chore: unit test dim_prep_carrier_name_mapping,dataverse-vintedgo-dbt,vinted/dataverse-vintedgo-dbt,merged,jeremychia,2025-09-19 15:13:17+00:00,2025-09-22 07:28:06+00:00,2025-09-22 07:28:05+00:00,3,"vgo_finance, docs",2,2,https://github.com/vinted/dataverse-vintedgo-dbt/pull/5550,4099,2025-09,2025,9,Q3 2025,True,False,False
9210,adding: vgo-ae remaining members to copolit,service-catalog,vinted/service-catalog,merged,jeremychia,2025-09-22 08:01:17+00:00,2025-09-22 12:26:40+00:00,2025-09-22 12:26:38+00:00,2,,0,0,https://github.com/vinted/service-catalog/pull/9210,571,2025-09,2025,9,Q3 2025,True,False,False
5557,chore: remove incrementality of fct_invoice_rows,dataverse-vintedgo-dbt,vinted/dataverse-vintedgo-dbt,merged,jeremychia,2025-09-22 12:34:10+00:00,2025-09-22 13:43:27+00:00,2025-09-22 13:43:26+00:00,3,vgo_finance,1,0,https://github.com/vinted/dataverse-vintedgo-dbt/pull/5557,5420,2025-09,2025,9,Q3 2025,True,False,False
5558,chore: add privacy review at for models (vgo_finance),dataverse-vintedgo-dbt,vinted/dataverse-vintedgo-dbt,merged,jeremychia,2025-09-22 13:05:33+00:00,2025-09-22 15:35:45+00:00,2025-09-22 15:35:44+00:00,3,"vgo_finance, do not merge",2,0,https://github.com/vinted/dataverse-vintedgo-dbt/pull/5558,4561,2025-09,2025,9,Q3 2025,True,False,False
5571,chore: add jeremy.chia and justina.sakalyte to alerts for vcarrier third party price list information,dataverse-vintedgo-dbt,vinted/dataverse-vintedgo-dbt,merged,jeremychia,2025-09-23 10:02:22+00:00,2025-09-23 15:37:07+00:00,2025-09-23 15:37:05+00:00,3,vgo_carrier,1,0,https://github.com/vinted/dataverse-vintedgo-dbt/pull/5571,4238,2025-09,2025,9,Q3 2025,True,False,False
5576,"fix: where client name is null, make it vinted go uab (3rd party customer billing)",dataverse-vintedgo-dbt,vinted/dataverse-vintedgo-dbt,merged,jeremychia,2025-09-23 15:32:23+00:00,2025-09-23 15:50:48+00:00,2025-09-23 15:50:47+00:00,3,vgo_carrier,1,0,https://github.com/vinted/dataverse-vintedgo-dbt/pull/5576,4090,2025-09,2025,9,Q3 2025,True,False,False
5577,chore: unit test for dim_prep_existing_shipping_routes,dataverse-vintedgo-dbt,vinted/dataverse-vintedgo-dbt,merged,jeremychia,2025-09-23 15:51:33+00:00,2025-09-23 20:54:47+00:00,2025-09-23 20:54:45+00:00,3,vgo_finance,1,0,https://github.com/vinted/dataverse-vintedgo-dbt/pull/5577,3944,2025-09,2025,9,Q3 2025,True,False,False
5578,chore: unit test for dim_prep_existing_shipping_routes_frequency,dataverse-vintedgo-dbt,vinted/dataverse-vintedgo-dbt,merged,jeremychia,2025-09-24 07:56:09+00:00,2025-09-24 08:18:15+00:00,2025-09-24 08:18:14+00:00,3,vgo_finance,1,0,https://github.com/vinted/dataverse-vintedgo-dbt/pull/5578,3887,2025-09,2025,9,Q3 2025,True,False,False
5589,feat: modelling new price list format (from admin tool),dataverse-vintedgo-dbt,vinted/dataverse-vintedgo-dbt,merged,jeremychia,2025-09-24 15:32:31+00:00,2025-09-24 16:18:20+00:00,2025-09-24 16:18:19+00:00,3,vgo_finance,1,0,https://github.com/vinted/dataverse-vintedgo-dbt/pull/5589,4195,2025-09,2025,9,Q3 2025,True,False,False
5599,chore: unit test for `stg_carrier_credit_notes__all_carriers`,dataverse-vintedgo-dbt,vinted/dataverse-vintedgo-dbt,merged,jeremychia,2025-09-25 11:57:29+00:00,2025-09-25 14:05:21+00:00,2025-09-25 14:05:19+00:00,3,"vgo_finance, docs",2,0,https://github.com/vinted/dataverse-vintedgo-dbt/pull/5599,4374,2025-09,2025,9,Q3 2025,True,False,False
5603,chore: minor amendments to pivot + column naming,dataverse-vintedgo-dbt,vinted/dataverse-vintedgo-dbt,merged,jeremychia,2025-09-25 13:31:04+00:00,2025-09-25 13:50:31+00:00,2025-09-25 13:50:30+00:00,3,vgo_finance,1,0,https://github.com/vinted/dataverse-vintedgo-dbt/pull/5603,4270,2025-09,2025,9,Q3 2025,True,False,False
5608,feat: int_carrier_contract_prices_v1,dataverse-vintedgo-dbt,vinted/dataverse-vintedgo-dbt,merged,jeremychia,2025-09-25 15:16:18+00:00,2025-09-26 10:05:33+00:00,2025-09-26 10:05:32+00:00,3,vgo_finance,1,0,https://github.com/vinted/dataverse-vintedgo-dbt/pull/5608,4154,2025-09,2025,9,Q3 2025,True,False,False
5613,chore: unit test for stg_carrier_credit_notes__dao_dk,dataverse-vintedgo-dbt,vinted/dataverse-vintedgo-dbt,merged,jeremychia,2025-09-26 07:43:47+00:00,2025-09-26 08:53:27+00:00,2025-09-26 08:53:26+00:00,3,vgo_finance,1,0,https://github.com/vinted/dataverse-vintedgo-dbt/pull/5613,3835,2025-09,2025,9,Q3 2025,True,False,False
5614,chore: unit test stg_carrier_credit_notes__dhl_nl,dataverse-vintedgo-dbt,vinted/dataverse-vintedgo-dbt,merged,jeremychia,2025-09-26 08:19:23+00:00,2025-09-26 09:56:39+00:00,2025-09-26 09:56:38+00:00,3,vgo_finance,1,0,https://github.com/vinted/dataverse-vintedgo-dbt/pull/5614,3783,2025-09,2025,9,Q3 2025,True,False,False
5619,chore: unit test stg_carrier_credit_notes__dpd_pl,dataverse-vintedgo-dbt,vinted/dataverse-vintedgo-dbt,merged,jeremychia,2025-09-26 11:02:31+00:00,2025-09-26 12:32:05+00:00,2025-09-26 12:32:04+00:00,3,vgo_finance,1,0,https://github.com/vinted/dataverse-vintedgo-dbt/pull/5619,3835,2025-09,2025,9,Q3 2025,True,False,False
5620,chore: unit test stg_carrier_invoices__alfred24,dataverse-vintedgo-dbt,vinted/dataverse-vintedgo-dbt,merged,jeremychia,2025-09-26 11:46:51+00:00,2025-09-26 12:43:46+00:00,2025-09-26 12:43:45+00:00,3,vgo_finance,1,0,https://github.com/vinted/dataverse-vintedgo-dbt/pull/5620,3833,2025-09,2025,9,Q3 2025,True,False,False
5621,feat: introduce mapping override for ES/PT<>BE/NL,dataverse-vintedgo-dbt,vinted/dataverse-vintedgo-dbt,merged,jeremychia,2025-09-26 12:10:54+00:00,2025-09-26 13:05:03+00:00,2025-09-26 13:05:02+00:00,3,vgo_finance,1,0,https://github.com/vinted/dataverse-vintedgo-dbt/pull/5621,3996,2025-09,2025,9,Q3 2025,True,False,False
5622,chore: change cost sub-category to out_of_area_delivery_surcharge instead of out_of_area_delivery_fee,dataverse-vintedgo-dbt,vinted/dataverse-vintedgo-dbt,merged,jeremychia,2025-09-26 12:17:45+00:00,2025-09-26 12:54:12+00:00,2025-09-26 12:54:11+00:00,3,vgo_finance,1,0,https://github.com/vinted/dataverse-vintedgo-dbt/pull/5622,3779,2025-09,2025,9,Q3 2025,True,False,False
5625,feat: add information from route pricing & exclude deleted records,dataverse-vintedgo-dbt,vinted/dataverse-vintedgo-dbt,merged,jeremychia,2025-09-26 14:28:44+00:00,2025-09-30 07:24:56+00:00,2025-09-30 07:24:55+00:00,3,vgo_finance,1,3,https://github.com/vinted/dataverse-vintedgo-dbt/pull/5625,5414,2025-09,2025,9,Q3 2025,True,False,False
5645,chore: unit test agg_expected_vs_actual_costs_by_carriers_price_list_join_key,dataverse-vintedgo-dbt,vinted/dataverse-vintedgo-dbt,merged,jeremychia,2025-09-30 07:35:36+00:00,2025-09-30 08:17:10+00:00,2025-09-30 08:17:09+00:00,3,vgo_finance,1,0,https://github.com/vinted/dataverse-vintedgo-dbt/pull/5645,3855,2025-09,2025,9,Q3 2025,True,False,False
448,chore: update M012 to check components for snake case (DPSUP-1404),dataverse-cli,vinted/dataverse-cli,merged,jeremychia,2025-09-30 08:24:23+00:00,2025-09-30 09:34:01+00:00,2025-09-30 09:33:59+00:00,1,,0,0,https://github.com/vinted/dataverse-cli/pull/448,257,2025-09,2025,9,Q3 2025,True,False,False
5652,feat: expose svc_shipping.drop_off_option_parcels,dataverse-vintedgo-dbt,vinted/dataverse-vintedgo-dbt,merged,jeremychia,2025-09-30 12:50:32+00:00,2025-09-30 13:56:05+00:00,2025-09-30 13:56:04+00:00,3,"vgo_general, vgo_finance, docs",3,0,https://github.com/vinted/dataverse-vintedgo-dbt/pull/5652,4145,2025-09,2025,9,Q3 2025,True,False,False
5655,feat: expose route_id to dim_prep_shipment_legs_information,dataverse-vintedgo-dbt,vinted/dataverse-vintedgo-dbt,merged,jeremychia,2025-09-30 13:53:56+00:00,2025-09-30 15:25:37+00:00,2025-09-30 15:25:35+00:00,3,vgo_finance,1,0,https://github.com/vinted/dataverse-vintedgo-dbt/pull/5655,4004,2025-09,2025,9,Q3 2025,True,False,False
5657,feat: add int_shipment_configuration_routes and int_shipment_configuration_carrier_services,dataverse-vintedgo-dbt,vinted/dataverse-vintedgo-dbt,merged,jeremychia,2025-09-30 14:15:04+00:00,2025-09-30 15:13:29+00:00,2025-09-30 15:13:28+00:00,3,vgo_finance,1,0,https://github.com/vinted/dataverse-vintedgo-dbt/pull/5657,3952,2025-09,2025,9,Q3 2025,True,False,False
5658,feat: conversion of weights to kg (for drop off options),dataverse-vintedgo-dbt,vinted/dataverse-vintedgo-dbt,merged,jeremychia,2025-09-30 15:20:56+00:00,2025-09-30 15:47:44+00:00,2025-09-30 15:47:42+00:00,3,vgo_finance,1,0,https://github.com/vinted/dataverse-vintedgo-dbt/pull/5658,3848,2025-09,2025,9,Q3 2025,True,False,False
5661,chore: change test frequency for account number UPS,dataverse-vintedgo-dbt,vinted/dataverse-vintedgo-dbt,merged,jeremychia,2025-10-01 06:54:44+00:00,2025-10-01 07:28:42+00:00,2025-10-01 07:28:41+00:00,3,vgo_finance,1,0,https://github.com/vinted/dataverse-vintedgo-dbt/pull/5661,4545,2025-10,2025,10,Q4 2025,True,False,False
5662,fix: `route is not null` from dim shipment configuration,dataverse-vintedgo-dbt,vinted/dataverse-vintedgo-dbt,merged,jeremychia,2025-10-01 07:15:55+00:00,2025-10-01 08:00:35+00:00,2025-10-01 08:00:33+00:00,3,vgo_finance,1,0,https://github.com/vinted/dataverse-vintedgo-dbt/pull/5662,3974,2025-10,2025,10,Q4 2025,True,False,False
5664,fix: add cost_types to pricing costs test,dataverse-vintedgo-dbt,vinted/dataverse-vintedgo-dbt,merged,jeremychia,2025-10-01 07:46:03+00:00,2025-10-01 08:24:51+00:00,2025-10-01 08:24:50+00:00,3,vgo_finance,1,0,https://github.com/vinted/dataverse-vintedgo-dbt/pull/5664,3959,2025-10,2025,10,Q4 2025,True,False,False
5668,feat: add information from routes and carrier services to carrier contract prices,dataverse-vintedgo-dbt,vinted/dataverse-vintedgo-dbt,merged,jeremychia,2025-10-01 08:46:27+00:00,2025-10-01 10:51:16+00:00,2025-10-01 10:51:15+00:00,3,"vgo_finance, do not merge",2,0,https://github.com/vinted/dataverse-vintedgo-dbt/pull/5668,4015,2025-10,2025,10,Q4 2025,True,False,False
5669,chore: cast invoice date as date for stg_carrier_invoices__evri_returns,dataverse-vintedgo-dbt,vinted/dataverse-vintedgo-dbt,merged,jeremychia,2025-10-01 09:22:19+00:00,2025-10-01 10:23:27+00:00,2025-10-01 10:23:26+00:00,3,vgo_finance,1,0,https://github.com/vinted/dataverse-vintedgo-dbt/pull/5669,3859,2025-10,2025,10,Q4 2025,True,False,False
5672,chore: add new account codes for UPS mapping,dataverse-vintedgo-dbt,vinted/dataverse-vintedgo-dbt,merged,jeremychia,2025-10-01 10:53:14+00:00,2025-10-01 13:16:05+00:00,2025-10-01 13:16:04+00:00,3,vgo_finance,1,0,https://github.com/vinted/dataverse-vintedgo-dbt/pull/5672,3911,2025-10,2025,10,Q4 2025,True,False,False
5675,chore: revise test on pricing comments,dataverse-vintedgo-dbt,vinted/dataverse-vintedgo-dbt,merged,jeremychia,2025-10-01 12:53:39+00:00,2025-10-01 14:53:55+00:00,2025-10-01 14:53:54+00:00,3,vgo_finance,1,0,https://github.com/vinted/dataverse-vintedgo-dbt/pull/5675,4169,2025-10,2025,10,Q4 2025,True,False,False
5679,chore: account for soft deletions in pricing record changes,dataverse-vintedgo-dbt,vinted/dataverse-vintedgo-dbt,merged,jeremychia,2025-10-01 13:29:40+00:00,2025-10-02 06:26:48+00:00,2025-10-02 06:26:47+00:00,3,vgo_finance,1,0,https://github.com/vinted/dataverse-vintedgo-dbt/pull/5679,3986,2025-10,2025,10,Q4 2025,True,False,False
5683,"chore: remove total cost amounts, reinclude purchase rate and extra costs",dataverse-vintedgo-dbt,vinted/dataverse-vintedgo-dbt,merged,jeremychia,2025-10-01 14:30:54+00:00,2025-10-02 06:35:38+00:00,2025-10-02 06:35:37+00:00,3,vgo_finance,1,0,https://github.com/vinted/dataverse-vintedgo-dbt/pull/5683,4239,2025-10,2025,10,Q4 2025,True,False,False
5685,chore: safe_cast to float64 for invoice_parcel_x_cm,dataverse-vintedgo-dbt,vinted/dataverse-vintedgo-dbt,merged,jeremychia,2025-10-02 04:07:50+00:00,2025-10-02 04:52:14+00:00,2025-10-02 04:52:13+00:00,3,vgo_finance,1,0,https://github.com/vinted/dataverse-vintedgo-dbt/pull/5685,3986,2025-10,2025,10,Q4 2025,True,False,False
5688,feat: compare sources from dim_shipment_attributes,dataverse-vintedgo-dbt,vinted/dataverse-vintedgo-dbt,merged,jeremychia,2025-10-02 08:23:20+00:00,2025-10-02 09:35:42+00:00,2025-10-02 09:35:41+00:00,3,vgo_finance,1,0,https://github.com/vinted/dataverse-vintedgo-dbt/pull/5688,4140,2025-10,2025,10,Q4 2025,True,False,False
5689,chore: change access-level to vinted for fct_late_and_service_now_retrieved_compensation_rows,dataverse-vintedgo-dbt,vinted/dataverse-vintedgo-dbt,merged,jeremychia,2025-10-02 09:06:16+00:00,2025-10-02 09:25:32+00:00,2025-10-02 09:25:31+00:00,3,vgo_finance,1,0,https://github.com/vinted/dataverse-vintedgo-dbt/pull/5689,4169,2025-10,2025,10,Q4 2025,True,False,False
1072,chore: catch-up dashboards to reflect changes post-migration,dataverse-groupfunctions-looker,vinted/dataverse-groupfunctions-looker,closed,jeremychia,2025-10-06 15:12:33+00:00,2025-10-06 15:25:11+00:00,2025-10-06 15:25:10+00:00,1,,0,0,https://github.com/vinted/dataverse-groupfunctions-looker/pull/1072,277,2025-10,2025,10,Q4 2025,False,True,False
1073,chore: catch-up dashboards to reflect changes post-migration,dataverse-groupfunctions-looker,vinted/dataverse-groupfunctions-looker,merged,jeremychia,2025-10-06 15:25:01+00:00,2025-10-06 15:36:03+00:00,2025-10-06 15:36:02+00:00,0,,0,0,https://github.com/vinted/dataverse-groupfunctions-looker/pull/1073,277,2025-10,2025,10,Q4 2025,True,False,False
11838,"Revert ""Adding new column is_sanction""",dataverse-marketplace-dbt,vinted/dataverse-marketplace-dbt,merged,jeremychia,2025-10-06 16:33:52+00:00,2025-10-06 16:56:57+00:00,2025-10-06 16:56:56+00:00,3,"documentation, trust",2,0,https://github.com/vinted/dataverse-marketplace-dbt/pull/11838,129,2025-10,2025,10,Q4 2025,True,False,False
5784,chore: take snapshot again for carrier mapping & existing routes,dataverse-vintedgo-dbt,vinted/dataverse-vintedgo-dbt,merged,jeremychia,2025-10-13 09:27:03+00:00,2025-10-13 09:31:07+00:00,2025-10-13 09:31:06+00:00,0,vgo_finance,1,0,https://github.com/vinted/dataverse-vintedgo-dbt/pull/5784,3939,2025-10,2025,10,Q4 2025,True,False,False
5786,chore: change schedule of historical comparisons,dataverse-vintedgo-dbt,vinted/dataverse-vintedgo-dbt,merged,jeremychia,2025-10-13 10:02:46+00:00,2025-10-14 05:29:06+00:00,2025-10-14 05:29:05+00:00,3,vgo_finance,1,0,https://github.com/vinted/dataverse-vintedgo-dbt/pull/5786,4100,2025-10,2025,10,Q4 2025,True,False,False
170,"chore: remove @guste from alerts, as she has left",dataverse-vintedgo-finance,vinted/dataverse-vintedgo-finance,merged,jeremychia,2025-10-13 11:00:54+00:00,2025-10-13 11:18:53+00:00,2025-10-13 11:18:50+00:00,0,,0,0,https://github.com/vinted/dataverse-vintedgo-finance/pull/170,178,2025-10,2025,10,Q4 2025,True,False,False
5790,chore: include 0000A704C4 in UPS mapping,dataverse-vintedgo-dbt,vinted/dataverse-vintedgo-dbt,merged,jeremychia,2025-10-13 13:41:19+00:00,2025-10-13 14:07:43+00:00,2025-10-13 14:07:42+00:00,3,vgo_finance,1,0,https://github.com/vinted/dataverse-vintedgo-dbt/pull/5790,4056,2025-10,2025,10,Q4 2025,True,False,False
5792,chore: zerorise expected costs for FR<>ES<>PT routes for VINTED GO,dataverse-vintedgo-dbt,vinted/dataverse-vintedgo-dbt,merged,jeremychia,2025-10-13 14:05:07+00:00,2025-10-14 05:39:16+00:00,2025-10-14 05:39:15+00:00,3,vgo_finance,1,0,https://github.com/vinted/dataverse-vintedgo-dbt/pull/5792,4257,2025-10,2025,10,Q4 2025,True,False,False
5799,chore: preserve multi-line breaks using `: |` instead of `: >`,dataverse-vintedgo-dbt,vinted/dataverse-vintedgo-dbt,merged,jeremychia,2025-10-14 05:59:33+00:00,2025-10-14 07:13:33+00:00,2025-10-14 07:13:32+00:00,27,"vgo_general, vgo_carrier, vgo_finance, vgo_overflow_detector, vgo_d2c, vgo_hvf, vgo_recommender, observability, vgo_recommerce",9,0,https://github.com/vinted/dataverse-vintedgo-dbt/pull/5799,4012,2025-10,2025,10,Q4 2025,True,False,False
5808,chore: retake carrier mapping snapshot,dataverse-vintedgo-dbt,vinted/dataverse-vintedgo-dbt,merged,jeremychia,2025-10-14 09:24:12+00:00,2025-10-14 09:28:20+00:00,2025-10-14 09:28:19+00:00,0,vgo_finance,1,0,https://github.com/vinted/dataverse-vintedgo-dbt/pull/5808,4055,2025-10,2025,10,Q4 2025,True,False,False
5815,feat: use `uwagi` for invoice tracking code for inpost_pl in some cases,dataverse-vintedgo-dbt,vinted/dataverse-vintedgo-dbt,merged,jeremychia,2025-10-14 12:58:14+00:00,2025-10-14 13:44:32+00:00,2025-10-14 13:44:30+00:00,3,vgo_finance,1,0,https://github.com/vinted/dataverse-vintedgo-dbt/pull/5815,5559,2025-10,2025,10,Q4 2025,True,False,False
5816,chore: add package dimensions for royal mail,dataverse-vintedgo-dbt,vinted/dataverse-vintedgo-dbt,merged,jeremychia,2025-10-14 13:32:45+00:00,2025-10-14 14:12:21+00:00,2025-10-14 14:12:20+00:00,3,vgo_finance,1,0,https://github.com/vinted/dataverse-vintedgo-dbt/pull/5816,4407,2025-10,2025,10,Q4 2025,True,False,False
5817,chore: replace `ref_other_data_space` with `source` macro,dataverse-vintedgo-dbt,vinted/dataverse-vintedgo-dbt,merged,jeremychia,2025-10-14 13:56:47+00:00,2025-10-14 14:41:28+00:00,2025-10-14 14:41:27+00:00,24,"vgo_general, vgo_carrier, vgo_finance, vgo_overflow_detector, vgo_d2c, vgo_hvf, docs, vgo_recommender, observability",9,0,https://github.com/vinted/dataverse-vintedgo-dbt/pull/5817,6217,2025-10,2025,10,Q4 2025,True,False,False
5818,feat: estimated costs for new price list information,dataverse-vintedgo-dbt,vinted/dataverse-vintedgo-dbt,merged,jeremychia,2025-10-14 15:20:15+00:00,2025-10-15 07:14:04+00:00,2025-10-15 07:14:02+00:00,3,vgo_finance,1,0,https://github.com/vinted/dataverse-vintedgo-dbt/pull/5818,4103,2025-10,2025,10,Q4 2025,True,False,False
5820,chore: unit test stg_carrier_invoices__anpost_ie,dataverse-vintedgo-dbt,vinted/dataverse-vintedgo-dbt,merged,jeremychia,2025-10-14 15:52:19+00:00,2025-10-15 05:17:19+00:00,2025-10-15 05:17:18+00:00,3,"vgo_finance, docs",2,0,https://github.com/vinted/dataverse-vintedgo-dbt/pull/5820,115,2025-10,2025,10,Q4 2025,True,False,False
5821,chore: unit test stg_carrier_invoices__b1logistics_lt,dataverse-vintedgo-dbt,vinted/dataverse-vintedgo-dbt,merged,jeremychia,2025-10-14 15:56:41+00:00,2025-10-15 01:03:26+00:00,2025-10-15 01:03:25+00:00,3,vgo_finance,1,0,https://github.com/vinted/dataverse-vintedgo-dbt/pull/5821,50,2025-10,2025,10,Q4 2025,True,False,False
5822,chore: unit test `stg_carrier_invoices__boxnow_gr`,dataverse-vintedgo-dbt,vinted/dataverse-vintedgo-dbt,merged,jeremychia,2025-10-14 16:09:02+00:00,2025-10-15 05:28:16+00:00,2025-10-15 05:28:16+00:00,3,vgo_finance,1,0,https://github.com/vinted/dataverse-vintedgo-dbt/pull/5822,45,2025-10,2025,10,Q4 2025,True,False,False
5826,chore: soft-dependency on royal mail pipeline,dataverse-vintedgo-dbt,vinted/dataverse-vintedgo-dbt,merged,jeremychia,2025-10-15 00:58:18+00:00,2025-10-15 07:26:53+00:00,2025-10-15 07:26:52+00:00,3,"vgo_finance, scheduler",2,0,https://github.com/vinted/dataverse-vintedgo-dbt/pull/5826,1173,2025-10,2025,10,Q4 2025,True,False,False
5827,chore: unit test stg_carrier_invoices__boxnow_hr,dataverse-vintedgo-dbt,vinted/dataverse-vintedgo-dbt,merged,jeremychia,2025-10-15 01:43:49+00:00,2025-10-15 08:54:21+00:00,2025-10-15 08:54:20+00:00,3,vgo_finance,1,0,https://github.com/vinted/dataverse-vintedgo-dbt/pull/5827,45,2025-10,2025,10,Q4 2025,True,False,False
5828,chore: unit test stg_carrier_invoices__boyaca,dataverse-vintedgo-dbt,vinted/dataverse-vintedgo-dbt,merged,jeremychia,2025-10-15 01:54:15+00:00,2025-10-15 09:05:40+00:00,2025-10-15 09:05:39+00:00,3,vgo_finance,1,0,https://github.com/vinted/dataverse-vintedgo-dbt/pull/5828,40,2025-10,2025,10,Q4 2025,True,False,False
5829,chore: unit test stg_carrier_invoices__bpost,dataverse-vintedgo-dbt,vinted/dataverse-vintedgo-dbt,merged,jeremychia,2025-10-15 02:06:11+00:00,2025-10-15 16:41:51+00:00,2025-10-15 16:41:50+00:00,3,vgo_finance,1,0,https://github.com/vinted/dataverse-vintedgo-dbt/pull/5829,41,2025-10,2025,10,Q4 2025,True,False,False
5830,chore: unit test stg_carrier_invoices__brenger,dataverse-vintedgo-dbt,vinted/dataverse-vintedgo-dbt,merged,jeremychia,2025-10-15 02:15:17+00:00,2025-10-15 18:37:49+00:00,2025-10-15 18:37:48+00:00,3,vgo_finance,1,0,https://github.com/vinted/dataverse-vintedgo-dbt/pull/5830,41,2025-10,2025,10,Q4 2025,True,False,False
5831,chore: unit test stg_carrier_invoices__bring,dataverse-vintedgo-dbt,vinted/dataverse-vintedgo-dbt,merged,jeremychia,2025-10-15 02:26:39+00:00,2025-10-15 16:12:45+00:00,2025-10-15 16:12:44+00:00,3,vgo_finance,1,0,https://github.com/vinted/dataverse-vintedgo-dbt/pull/5831,39,2025-10,2025,10,Q4 2025,True,False,False
5832,chore: unit test stg_carrier_invoices__brt,dataverse-vintedgo-dbt,vinted/dataverse-vintedgo-dbt,merged,jeremychia,2025-10-15 02:32:20+00:00,2025-10-15 08:42:14+00:00,2025-10-15 08:42:13+00:00,3,vgo_finance,1,0,https://github.com/vinted/dataverse-vintedgo-dbt/pull/5832,37,2025-10,2025,10,Q4 2025,True,False,False
5833,chore: unit test stg_carrier_invoices__cargus,dataverse-vintedgo-dbt,vinted/dataverse-vintedgo-dbt,merged,jeremychia,2025-10-15 02:44:03+00:00,2025-10-15 08:29:25+00:00,2025-10-15 08:29:24+00:00,3,vgo_finance,1,0,https://github.com/vinted/dataverse-vintedgo-dbt/pull/5833,40,2025-10,2025,10,Q4 2025,True,False,False
5834,chore: remove node colours (dbt_docs deprecated),dataverse-vintedgo-dbt,vinted/dataverse-vintedgo-dbt,closed,jeremychia,2025-10-15 02:53:48+00:00,2025-10-15 06:46:51+00:00,2025-10-15 06:46:50+00:00,29,"vgo_general, vgo_carrier, vgo_finance, vgo_overflow_detector, vgo_d2c, vgo_hvf, vgo_recommender, observability, vgo_recommerce",9,0,https://github.com/vinted/dataverse-vintedgo-dbt/pull/5834,248,2025-10,2025,10,Q4 2025,False,True,False
5835,"chore: privacy_review_at tags for anomaly, duplicate, relabelling, unmatched invoice rows",dataverse-vintedgo-dbt,vinted/dataverse-vintedgo-dbt,merged,jeremychia,2025-10-15 07:14:28+00:00,2025-10-15 07:57:12+00:00,2025-10-15 07:57:11+00:00,3,vgo_finance,1,0,https://github.com/vinted/dataverse-vintedgo-dbt/pull/5835,104,2025-10,2025,10,Q4 2025,True,False,False
5836,chore: remove reference to responsible SPM,dataverse-vintedgo-dbt,vinted/dataverse-vintedgo-dbt,merged,jeremychia,2025-10-15 07:22:13+00:00,2025-10-15 08:07:39+00:00,2025-10-15 08:07:38+00:00,3,"vgo_finance, docs",2,0,https://github.com/vinted/dataverse-vintedgo-dbt/pull/5836,4038,2025-10,2025,10,Q4 2025,True,False,False
5839,chore: add docs for mart_prep_with_spec_file_credit_note_route_granularity,dataverse-vintedgo-dbt,vinted/dataverse-vintedgo-dbt,merged,jeremychia,2025-10-15 07:45:32+00:00,2025-10-15 18:06:44+00:00,2025-10-15 18:06:42+00:00,3,"vgo_finance, docs",2,0,https://github.com/vinted/dataverse-vintedgo-dbt/pull/5839,109,2025-10,2025,10,Q4 2025,True,False,False
5857,chore: change revenue recognition date to deemed delivery date,dataverse-vintedgo-dbt,vinted/dataverse-vintedgo-dbt,merged,jeremychia,2025-10-15 18:08:36+00:00,2025-10-16 07:11:01+00:00,2025-10-16 07:10:59+00:00,3,"vgo_finance, docs",2,0,https://github.com/vinted/dataverse-vintedgo-dbt/pull/5857,4570,2025-10,2025,10,Q4 2025,True,False,False
5858,chore: unit test stg_carrier_invoices__chronopost,dataverse-vintedgo-dbt,vinted/dataverse-vintedgo-dbt,merged,jeremychia,2025-10-16 05:41:19+00:00,2025-10-16 11:21:01+00:00,2025-10-16 11:20:59+00:00,3,vgo_finance,1,0,https://github.com/vinted/dataverse-vintedgo-dbt/pull/5858,42,2025-10,2025,10,Q4 2025,True,False,False
5859,chore: unit test stg_carrier_invoices__colis_prive,dataverse-vintedgo-dbt,vinted/dataverse-vintedgo-dbt,merged,jeremychia,2025-10-16 05:44:09+00:00,2025-10-16 11:33:02+00:00,2025-10-16 11:33:01+00:00,3,vgo_finance,1,0,https://github.com/vinted/dataverse-vintedgo-dbt/pull/5859,43,2025-10,2025,10,Q4 2025,True,False,False
5860,chore: unit test stg_carrier_invoices__correos_direct,dataverse-vintedgo-dbt,vinted/dataverse-vintedgo-dbt,merged,jeremychia,2025-10-16 05:49:01+00:00,2025-10-16 11:45:21+00:00,2025-10-16 11:45:20+00:00,3,vgo_finance,1,0,https://github.com/vinted/dataverse-vintedgo-dbt/pull/5860,46,2025-10,2025,10,Q4 2025,True,False,False
5861,chore: unit test stg_carrier_invoices__cp,dataverse-vintedgo-dbt,vinted/dataverse-vintedgo-dbt,merged,jeremychia,2025-10-16 05:56:27+00:00,2025-10-16 11:57:24+00:00,2025-10-16 11:57:23+00:00,3,vgo_finance,1,0,https://github.com/vinted/dataverse-vintedgo-dbt/pull/5861,34,2025-10,2025,10,Q4 2025,True,False,False
5862,chore: unit test stg_carrier_invoices__croatian_post,dataverse-vintedgo-dbt,vinted/dataverse-vintedgo-dbt,merged,jeremychia,2025-10-16 06:05:44+00:00,2025-10-16 12:09:44+00:00,2025-10-16 12:09:42+00:00,3,vgo_finance,1,0,https://github.com/vinted/dataverse-vintedgo-dbt/pull/5862,45,2025-10,2025,10,Q4 2025,True,False,False
5864,chore: unit test stg_carrier_invoices__ctt,dataverse-vintedgo-dbt,vinted/dataverse-vintedgo-dbt,merged,jeremychia,2025-10-16 06:18:33+00:00,2025-10-16 12:22:28+00:00,2025-10-16 12:22:27+00:00,3,vgo_finance,1,0,https://github.com/vinted/dataverse-vintedgo-dbt/pull/5864,35,2025-10,2025,10,Q4 2025,True,False,False
5865,chore: unit test stg_carrier_invoices__dao_dk,dataverse-vintedgo-dbt,vinted/dataverse-vintedgo-dbt,merged,jeremychia,2025-10-16 06:30:42+00:00,2025-10-16 12:57:30+00:00,2025-10-16 12:57:29+00:00,3,vgo_finance,1,0,https://github.com/vinted/dataverse-vintedgo-dbt/pull/5865,38,2025-10,2025,10,Q4 2025,True,False,False
5866,chore: unit test stg_carrier_invoices__depo,dataverse-vintedgo-dbt,vinted/dataverse-vintedgo-dbt,merged,jeremychia,2025-10-16 06:39:11+00:00,2025-10-16 15:36:45+00:00,2025-10-16 15:36:44+00:00,3,vgo_finance,1,0,https://github.com/vinted/dataverse-vintedgo-dbt/pull/5866,36,2025-10,2025,10,Q4 2025,True,False,False
5867,chore: unit test stg_carrier_invoices__dhl_nl,dataverse-vintedgo-dbt,vinted/dataverse-vintedgo-dbt,merged,jeremychia,2025-10-16 06:45:33+00:00,2025-10-16 15:56:34+00:00,2025-10-16 15:56:33+00:00,3,vgo_finance,1,0,https://github.com/vinted/dataverse-vintedgo-dbt/pull/5867,38,2025-10,2025,10,Q4 2025,True,False,False
5868,chore: unit test stg_carrier_invoices__dhl_pl,dataverse-vintedgo-dbt,vinted/dataverse-vintedgo-dbt,merged,jeremychia,2025-10-16 06:49:27+00:00,2025-10-16 13:10:42+00:00,2025-10-16 13:10:40+00:00,3,vgo_finance,1,0,https://github.com/vinted/dataverse-vintedgo-dbt/pull/5868,38,2025-10,2025,10,Q4 2025,True,False,False
5871,chore: retake snapshot for carrier mapping,dataverse-vintedgo-dbt,vinted/dataverse-vintedgo-dbt,merged,jeremychia,2025-10-16 09:52:02+00:00,2025-10-16 13:45:24+00:00,2025-10-16 13:45:24+00:00,1,vgo_finance,1,0,https://github.com/vinted/dataverse-vintedgo-dbt/pull/5871,42,2025-10,2025,10,Q4 2025,True,False,False
5873,chore: add exclusions to carrier name mapping,dataverse-vintedgo-dbt,vinted/dataverse-vintedgo-dbt,merged,jeremychia,2025-10-16 13:03:59+00:00,2025-10-16 13:44:26+00:00,2025-10-16 13:44:24+00:00,3,vgo_finance,1,0,https://github.com/vinted/dataverse-vintedgo-dbt/pull/5873,130,2025-10,2025,10,Q4 2025,True,False,False
5881,feat: new revenue recognition model for vgo as an invoicing entity,dataverse-vintedgo-dbt,vinted/dataverse-vintedgo-dbt,merged,jeremychia,2025-10-16 16:05:53+00:00,2025-10-27 17:36:17+00:00,2025-10-27 17:36:16+00:00,3,vgo_finance,1,11,https://github.com/vinted/dataverse-vintedgo-dbt/pull/5881,6585,2025-10,2025,10,Q4 2025,True,False,False
5886,chore: update materialisation for mart_vcarrier_3rd_party_customer_billing,dataverse-vintedgo-dbt,vinted/dataverse-vintedgo-dbt,merged,jeremychia,2025-10-17 08:40:20+00:00,2025-10-17 09:42:13+00:00,2025-10-17 09:42:12+00:00,3,vgo_carrier,1,0,https://github.com/vinted/dataverse-vintedgo-dbt/pull/5886,4463,2025-10,2025,10,Q4 2025,True,False,False
3001,"feat: 3rd party billing - add parameter, measures",dataverse-vintedgo-looker,vinted/dataverse-vintedgo-looker,merged,jeremychia,2025-10-17 11:15:54+00:00,2025-10-17 13:25:13+00:00,2025-10-17 13:25:11+00:00,0,"views, vgo_carrier",2,0,https://github.com/vinted/dataverse-vintedgo-looker/pull/3001,507,2025-10,2025,10,Q4 2025,True,False,False
5897,chore: unit test stg_carrier_invoices__dpd_at,dataverse-vintedgo-dbt,vinted/dataverse-vintedgo-dbt,merged,jeremychia,2025-10-20 04:44:39+00:00,2025-10-20 07:54:09+00:00,2025-10-20 07:54:08+00:00,3,vgo_finance,1,0,https://github.com/vinted/dataverse-vintedgo-dbt/pull/5897,40,2025-10,2025,10,Q4 2025,True,False,False
5898,chore: unit test stg_carrier_invoices__dpd_be,dataverse-vintedgo-dbt,vinted/dataverse-vintedgo-dbt,merged,jeremychia,2025-10-20 04:50:33+00:00,2025-10-31 07:55:48+00:00,2025-10-31 07:55:47+00:00,3,vgo_finance,1,11,https://github.com/vinted/dataverse-vintedgo-dbt/pull/5898,40,2025-10,2025,10,Q4 2025,True,False,False
5899,chore: unit test stg_carrier_invoices__dpd_cz,dataverse-vintedgo-dbt,vinted/dataverse-vintedgo-dbt,merged,jeremychia,2025-10-20 04:54:27+00:00,2025-10-20 15:45:41+00:00,2025-10-20 15:45:40+00:00,3,vgo_finance,1,0,https://github.com/vinted/dataverse-vintedgo-dbt/pull/5899,38,2025-10,2025,10,Q4 2025,True,False,False
5900,chore: unit test stg_carrier_invoices__dpd_de,dataverse-vintedgo-dbt,vinted/dataverse-vintedgo-dbt,merged,jeremychia,2025-10-20 04:59:00+00:00,2025-10-20 14:02:39+00:00,2025-10-20 14:02:38+00:00,3,vgo_finance,1,0,https://github.com/vinted/dataverse-vintedgo-dbt/pull/5900,38,2025-10,2025,10,Q4 2025,True,False,False
5901,chore: unit test stg_carrier_invoices__dpd_lt,dataverse-vintedgo-dbt,vinted/dataverse-vintedgo-dbt,merged,jeremychia,2025-10-20 05:02:32+00:00,2025-10-20 16:23:53+00:00,2025-10-20 16:23:52+00:00,3,vgo_finance,1,0,https://github.com/vinted/dataverse-vintedgo-dbt/pull/5901,38,2025-10,2025,10,Q4 2025,True,False,False
5902,chore: unit test stg_carrier_invoices__dpd_nl,dataverse-vintedgo-dbt,vinted/dataverse-vintedgo-dbt,merged,jeremychia,2025-10-20 05:26:11+00:00,2025-10-20 14:14:52+00:00,2025-10-20 14:14:50+00:00,3,vgo_finance,1,0,https://github.com/vinted/dataverse-vintedgo-dbt/pull/5902,38,2025-10,2025,10,Q4 2025,True,False,False
5903,chore: unit test stg_carrier_invoices__dpd_nl_returns,dataverse-vintedgo-dbt,vinted/dataverse-vintedgo-dbt,merged,jeremychia,2025-10-20 05:39:51+00:00,2025-10-20 16:36:23+00:00,2025-10-20 16:36:22+00:00,3,vgo_finance,1,0,https://github.com/vinted/dataverse-vintedgo-dbt/pull/5903,46,2025-10,2025,10,Q4 2025,True,False,False
5904,chore: unit test stg_carrier_invoices__dpd_nl_logic_v2,dataverse-vintedgo-dbt,vinted/dataverse-vintedgo-dbt,merged,jeremychia,2025-10-20 05:46:23+00:00,2025-10-20 14:27:02+00:00,2025-10-20 14:27:01+00:00,3,vgo_finance,1,0,https://github.com/vinted/dataverse-vintedgo-dbt/pull/5904,47,2025-10,2025,10,Q4 2025,True,False,False
5905,chore: unit test stg_carrier_invoices__dpd_pt,dataverse-vintedgo-dbt,vinted/dataverse-vintedgo-dbt,merged,jeremychia,2025-10-20 05:59:59+00:00,2025-10-20 15:22:44+00:00,2025-10-20 15:22:43+00:00,3,vgo_finance,1,0,https://github.com/vinted/dataverse-vintedgo-dbt/pull/5905,38,2025-10,2025,10,Q4 2025,True,False,False
5906,chore: unit test stg_carrier_invoices__dpd_sk,dataverse-vintedgo-dbt,vinted/dataverse-vintedgo-dbt,merged,jeremychia,2025-10-20 06:05:35+00:00,2025-10-20 14:47:25+00:00,2025-10-20 14:47:24+00:00,3,vgo_finance,1,0,https://github.com/vinted/dataverse-vintedgo-dbt/pull/5906,38,2025-10,2025,10,Q4 2025,True,False,False
5907,chore: unit test stg_carrier_invoices__dpd_uk,dataverse-vintedgo-dbt,vinted/dataverse-vintedgo-dbt,merged,jeremychia,2025-10-20 06:12:40+00:00,2025-10-20 12:38:58+00:00,2025-10-20 12:38:57+00:00,3,vgo_finance,1,0,https://github.com/vinted/dataverse-vintedgo-dbt/pull/5907,38,2025-10,2025,10,Q4 2025,True,False,False
5932,feat: expected costs = 0 for better trucks,dataverse-vintedgo-dbt,vinted/dataverse-vintedgo-dbt,merged,jeremychia,2025-10-22 07:20:07+00:00,2025-10-22 07:38:14+00:00,2025-10-22 07:38:13+00:00,3,vgo_finance,1,0,https://github.com/vinted/dataverse-vintedgo-dbt/pull/5932,4181,2025-10,2025,10,Q4 2025,True,False,False
5947,chore: unit test carrier invoices (e-f),dataverse-vintedgo-dbt,vinted/dataverse-vintedgo-dbt,merged,jeremychia,2025-10-23 04:28:36+00:00,2025-10-23 06:13:39+00:00,2025-10-23 06:13:38+00:00,3,"vgo_finance, docs",2,0,https://github.com/vinted/dataverse-vintedgo-dbt/pull/5947,511,2025-10,2025,10,Q4 2025,True,False,False
5948,chore: unit test carrier invoices (g-h),dataverse-vintedgo-dbt,vinted/dataverse-vintedgo-dbt,merged,jeremychia,2025-10-23 05:40:53+00:00,2025-10-23 07:14:54+00:00,2025-10-23 07:14:53+00:00,3,vgo_finance,1,0,https://github.com/vinted/dataverse-vintedgo-dbt/pull/5948,365,2025-10,2025,10,Q4 2025,True,False,False
5950,chore: unit test carrier invoices (i-o),dataverse-vintedgo-dbt,vinted/dataverse-vintedgo-dbt,merged,jeremychia,2025-10-23 07:49:18+00:00,2025-10-23 14:34:59+00:00,2025-10-23 14:34:58+00:00,3,vgo_finance,1,0,https://github.com/vinted/dataverse-vintedgo-dbt/pull/5950,526,2025-10,2025,10,Q4 2025,True,False,False
5970,fix: invoice date parsing for anpost-ie,dataverse-vintedgo-dbt,vinted/dataverse-vintedgo-dbt,merged,jeremychia,2025-10-23 14:18:41+00:00,2025-10-23 14:55:29+00:00,2025-10-23 14:55:28+00:00,3,vgo_finance,1,0,https://github.com/vinted/dataverse-vintedgo-dbt/pull/5970,3851,2025-10,2025,10,Q4 2025,True,False,False
5987,chore: unit test carrier invoices (p-r),dataverse-vintedgo-dbt,vinted/dataverse-vintedgo-dbt,merged,jeremychia,2025-10-24 09:17:36+00:00,2025-10-24 13:46:37+00:00,2025-10-24 13:46:36+00:00,3,vgo_finance,1,0,https://github.com/vinted/dataverse-vintedgo-dbt/pull/5987,463,2025-10,2025,10,Q4 2025,True,False,False
5994,chore: unit test carrier invoices (s),dataverse-vintedgo-dbt,vinted/dataverse-vintedgo-dbt,merged,jeremychia,2025-10-24 12:41:50+00:00,2025-10-24 13:59:04+00:00,2025-10-24 13:59:03+00:00,3,vgo_finance,1,0,https://github.com/vinted/dataverse-vintedgo-dbt/pull/5994,276,2025-10,2025,10,Q4 2025,True,False,False
6004,chore: unit test carrier invoices (u-z),dataverse-vintedgo-dbt,vinted/dataverse-vintedgo-dbt,merged,jeremychia,2025-10-27 06:37:24+00:00,2025-10-27 08:22:24+00:00,2025-10-27 08:22:23+00:00,3,vgo_finance,1,0,https://github.com/vinted/dataverse-vintedgo-dbt/pull/6004,553,2025-10,2025,10,Q4 2025,True,False,False
6027,"feat: add balance_type, transitioning_balance to checkout balance reports",dataverse-vintedgo-dbt,vinted/dataverse-vintedgo-dbt,merged,jeremychia,2025-10-27 17:32:56+00:00,2025-10-28 08:51:32+00:00,2025-10-28 08:51:31+00:00,3,"vgo_finance, docs",2,0,https://github.com/vinted/dataverse-vintedgo-dbt/pull/6027,4141,2025-10,2025,10,Q4 2025,True,False,False
6028,chore: unit test cdc models (vgo_finance),dataverse-vintedgo-dbt,vinted/dataverse-vintedgo-dbt,merged,jeremychia,2025-10-27 20:58:09+00:00,2025-10-28 08:42:50+00:00,2025-10-28 08:42:49+00:00,3,vgo_finance,1,0,https://github.com/vinted/dataverse-vintedgo-dbt/pull/6028,353,2025-10,2025,10,Q4 2025,True,False,False
6030,chore: define soft dependencies for prep_revenue_recognition_carrier_legs,dataverse-vintedgo-dbt,vinted/dataverse-vintedgo-dbt,merged,jeremychia,2025-10-28 05:52:17+00:00,2025-10-28 06:12:46+00:00,2025-10-28 06:12:45+00:00,3,vgo_finance,1,0,https://github.com/vinted/dataverse-vintedgo-dbt/pull/6030,183,2025-10,2025,10,Q4 2025,True,False,False
6064,chore: unit test dimensions (vgo-finance),dataverse-vintedgo-dbt,vinted/dataverse-vintedgo-dbt,merged,jeremychia,2025-10-28 15:38:32+00:00,2025-10-28 22:56:58+00:00,2025-10-28 22:56:57+00:00,4,vgo_finance,1,0,https://github.com/vinted/dataverse-vintedgo-dbt/pull/6064,189,2025-10,2025,10,Q4 2025,True,False,False
6065,chore: include manual override for VINTED GO/VINTED GO IBERIA,dataverse-vintedgo-dbt,vinted/dataverse-vintedgo-dbt,merged,jeremychia,2025-10-28 15:46:12+00:00,2025-10-28 17:42:28+00:00,2025-10-28 17:42:27+00:00,3,vgo_finance,1,0,https://github.com/vinted/dataverse-vintedgo-dbt/pull/6065,3894,2025-10,2025,10,Q4 2025,True,False,False
6072,chore: M011 add privacy_review_at tags for vgo_finance,dataverse-vintedgo-dbt,vinted/dataverse-vintedgo-dbt,merged,jeremychia,2025-10-28 17:24:11+00:00,2025-10-28 17:52:53+00:00,2025-10-28 17:52:52+00:00,3,vgo_finance,1,0,https://github.com/vinted/dataverse-vintedgo-dbt/pull/6072,1972,2025-10,2025,10,Q4 2025,True,False,False
6075,chore: M006 (vgo_finance),dataverse-vintedgo-dbt,vinted/dataverse-vintedgo-dbt,merged,jeremychia,2025-10-28 17:53:46+00:00,2025-10-29 08:01:08+00:00,2025-10-29 08:01:07+00:00,3,"vgo_finance, docs",2,0,https://github.com/vinted/dataverse-vintedgo-dbt/pull/6075,7838,2025-10,2025,10,Q4 2025,True,False,False
6076,chore: reintroduce invoice_client_country_code,dataverse-vintedgo-dbt,vinted/dataverse-vintedgo-dbt,merged,jeremychia,2025-10-29 07:23:38+00:00,2025-10-29 07:38:01+00:00,2025-10-29 07:38:00+00:00,3,vgo_d2c,1,0,https://github.com/vinted/dataverse-vintedgo-dbt/pull/6076,313,2025-10,2025,10,Q4 2025,True,False,False
1142,chore: update options in dashboards for looker models,dataverse-groupfunctions-looker,vinted/dataverse-groupfunctions-looker,merged,jeremychia,2025-10-29 14:13:03+00:00,2025-10-29 14:22:14+00:00,2025-10-29 14:22:13+00:00,0,,0,0,https://github.com/vinted/dataverse-groupfunctions-looker/pull/1142,268,2025-10,2025,10,Q4 2025,True,False,False
12381,chore: reinclude USPS in estimated costs,dataverse-marketplace-dbt,vinted/dataverse-marketplace-dbt,merged,jeremychia,2025-10-29 15:59:08+00:00,2025-10-29 21:18:44+00:00,2025-10-29 21:18:42+00:00,3,,0,0,https://github.com/vinted/dataverse-marketplace-dbt/pull/12381,292,2025-10,2025,10,Q4 2025,True,False,False
470,chore: shift working hours,dataverse-cli,vinted/dataverse-cli,merged,jeremychia,2025-10-30 05:48:04+00:00,2025-10-30 08:13:28+00:00,2025-10-30 08:13:27+00:00,1,,0,0,https://github.com/vinted/dataverse-cli/pull/470,100,2025-10,2025,10,Q4 2025,True,False,False
6106,feat: expose available on UTC in checkout financial actions reports,dataverse-vintedgo-dbt,vinted/dataverse-vintedgo-dbt,merged,jeremychia,2025-10-30 09:23:52+00:00,2025-10-30 09:48:29+00:00,2025-10-30 09:48:28+00:00,3,vgo_finance,1,0,https://github.com/vinted/dataverse-vintedgo-dbt/pull/6106,4485,2025-10,2025,10,Q4 2025,True,False,False
6109,feat: increase historic snapshots for vgo shipping,dataverse-vintedgo-dbt,vinted/dataverse-vintedgo-dbt,merged,jeremychia,2025-10-30 10:22:19+00:00,2025-10-30 11:33:17+00:00,2025-10-30 11:33:16+00:00,3,vgo_finance,1,0,https://github.com/vinted/dataverse-vintedgo-dbt/pull/6109,3904,2025-10,2025,10,Q4 2025,True,False,False
6146,chore: unit test (marts based on invoice rows),dataverse-vintedgo-dbt,vinted/dataverse-vintedgo-dbt,merged,jeremychia,2025-11-03 08:00:08+00:00,2025-11-04 12:30:21+00:00,2025-11-04 12:30:19+00:00,3,vgo_finance,1,1,https://github.com/vinted/dataverse-vintedgo-dbt/pull/6146,77,2025-11,2025,11,Q4 2025,True,False,False
6147,fix: left join on addresses (mart_retail_orders),dataverse-vintedgo-dbt,vinted/dataverse-vintedgo-dbt,closed,jeremychia,2025-11-03 08:18:34+00:00,2025-11-03 08:25:07+00:00,2025-11-03 08:23:54+00:00,3,vgo_d2c,1,0,https://github.com/vinted/dataverse-vintedgo-dbt/pull/6147,3729,2025-11,2025,11,Q4 2025,False,True,False
6148,fix: preference order from invoices (retail orders),dataverse-vintedgo-dbt,vinted/dataverse-vintedgo-dbt,merged,jeremychia,2025-11-03 08:48:16+00:00,2025-11-03 09:06:59+00:00,2025-11-03 09:06:58+00:00,3,vgo_d2c,1,0,https://github.com/vinted/dataverse-vintedgo-dbt/pull/6148,4812,2025-11,2025,11,Q4 2025,True,False,False
6150,fix: change reference to credit invoices,dataverse-vintedgo-dbt,vinted/dataverse-vintedgo-dbt,merged,jeremychia,2025-11-03 10:00:27+00:00,2025-11-03 10:20:37+00:00,2025-11-03 10:20:36+00:00,3,vgo_d2c,1,0,https://github.com/vinted/dataverse-vintedgo-dbt/pull/6150,124,2025-11,2025,11,Q4 2025,True,False,False
6159,feat: set revenue recognition time to 60 days after in cases where there is no resolution,dataverse-vintedgo-dbt,vinted/dataverse-vintedgo-dbt,merged,jeremychia,2025-11-03 17:03:07+00:00,2025-11-03 21:42:34+00:00,2025-11-03 21:42:33+00:00,3,vgo_carrier,1,0,https://github.com/vinted/dataverse-vintedgo-dbt/pull/6159,4463,2025-11,2025,11,Q4 2025,True,False,False
6160,chore: rename available_on_utc to available_on,dataverse-vintedgo-dbt,vinted/dataverse-vintedgo-dbt,merged,jeremychia,2025-11-03 17:09:43+00:00,2025-11-03 21:33:45+00:00,2025-11-03 21:33:44+00:00,3,vgo_finance,1,0,https://github.com/vinted/dataverse-vintedgo-dbt/pull/6160,3951,2025-11,2025,11,Q4 2025,True,False,False
6166,feat: include overweight charges from 20 oct royal mail,dataverse-vintedgo-dbt,vinted/dataverse-vintedgo-dbt,merged,jeremychia,2025-11-04 10:26:46+00:00,2025-11-04 12:57:39+00:00,2025-11-04 12:57:38+00:00,3,vgo_finance,1,0,https://github.com/vinted/dataverse-vintedgo-dbt/pull/6166,4277,2025-11,2025,11,Q4 2025,True,False,False
6171,chore: expose all historic models to looker,dataverse-vintedgo-dbt,vinted/dataverse-vintedgo-dbt,merged,jeremychia,2025-11-04 12:16:18+00:00,2025-11-11 08:28:10+00:00,2025-11-11 08:28:09+00:00,6,vgo_finance,1,6,https://github.com/vinted/dataverse-vintedgo-dbt/pull/6171,160,2025-11,2025,11,Q4 2025,True,False,False
3166,chore: change range for graph from 1000 to 1200 in quality metrics dashboard,dataverse-vintedgo-looker,vinted/dataverse-vintedgo-looker,merged,jeremychia,2025-11-04 12:25:08+00:00,2025-11-04 12:31:56+00:00,2025-11-04 12:31:55+00:00,0,,0,0,https://github.com/vinted/dataverse-vintedgo-looker/pull/3166,398,2025-11,2025,11,Q4 2025,True,False,False
6185,chore: add valid combination of DE|ES,dataverse-vintedgo-dbt,vinted/dataverse-vintedgo-dbt,merged,jeremychia,2025-11-05 07:09:46+00:00,2025-11-05 07:27:36+00:00,2025-11-05 07:27:35+00:00,3,vgo_finance,1,0,https://github.com/vinted/dataverse-vintedgo-dbt/pull/6185,3769,2025-11,2025,11,Q4 2025,True,False,False
6218,refactor: replace test with incremental model to reduce warning alerts,dataverse-vintedgo-dbt,vinted/dataverse-vintedgo-dbt,merged,jeremychia,2025-11-06 08:17:30+00:00,2025-11-06 13:45:54+00:00,2025-11-06 13:45:53+00:00,3,"vgo_finance, scheduler",2,0,https://github.com/vinted/dataverse-vintedgo-dbt/pull/6218,4565,2025-11,2025,11,Q4 2025,True,False,False
6230,chore: upgrade poetry lock,dataverse-vintedgo-dbt,vinted/dataverse-vintedgo-dbt,merged,jeremychia,2025-11-06 14:03:33+00:00,2025-11-06 14:24:15+00:00,2025-11-06 14:24:14+00:00,3,vgo_finance,1,0,https://github.com/vinted/dataverse-vintedgo-dbt/pull/6230,28,2025-11,2025,11,Q4 2025,True,False,False
6268,chore: GLS-HU remove leading zero from carrier files for shipment matching,dataverse-vintedgo-dbt,vinted/dataverse-vintedgo-dbt,merged,jeremychia,2025-11-10 14:14:16+00:00,2025-11-10 15:33:37+00:00,2025-11-10 15:33:36+00:00,3,vgo_finance,1,0,https://github.com/vinted/dataverse-vintedgo-dbt/pull/6268,5996,2025-11,2025,11,Q4 2025,True,False,False
6269,feat: use last day as invoice date for UPS-HR invoices,dataverse-vintedgo-dbt,vinted/dataverse-vintedgo-dbt,merged,jeremychia,2025-11-10 14:47:05+00:00,2025-11-10 16:43:36+00:00,2025-11-10 16:43:34+00:00,3,vgo_finance,1,0,https://github.com/vinted/dataverse-vintedgo-dbt/pull/6269,4555,2025-11,2025,11,Q4 2025,True,False,False
6281,chore: unit test mart aggregates (vgo_finance),dataverse-vintedgo-dbt,vinted/dataverse-vintedgo-dbt,merged,jeremychia,2025-11-11 13:17:54+00:00,2025-11-11 14:07:41+00:00,2025-11-11 14:07:39+00:00,3,vgo_finance,1,0,https://github.com/vinted/dataverse-vintedgo-dbt/pull/6281,65,2025-11,2025,11,Q4 2025,True,False,False
6283,fix: missing reporting carrier in carrier invoice totals,dataverse-vintedgo-dbt,vinted/dataverse-vintedgo-dbt,merged,jeremychia,2025-11-11 13:47:25+00:00,2025-11-11 14:16:28+00:00,2025-11-11 14:16:27+00:00,3,vgo_finance,1,0,https://github.com/vinted/dataverse-vintedgo-dbt/pull/6283,4868,2025-11,2025,11,Q4 2025,True,False,False
6289,chore: adjust threshold for warning - for not-null test in prep invoice rows wide categories (VGOFIN-1310),dataverse-vintedgo-dbt,vinted/dataverse-vintedgo-dbt,merged,jeremychia,2025-11-11 15:29:31+00:00,2025-11-11 16:02:23+00:00,2025-11-11 16:02:22+00:00,3,vgo_finance,1,0,https://github.com/vinted/dataverse-vintedgo-dbt/pull/6289,225,2025-11,2025,11,Q4 2025,True,False,False
6294,feat: expose carrier services as a dimension,dataverse-vintedgo-dbt,vinted/dataverse-vintedgo-dbt,merged,jeremychia,2025-11-11 16:47:49+00:00,2025-11-11 17:07:53+00:00,2025-11-11 17:07:52+00:00,4,vgo_general,1,0,https://github.com/vinted/dataverse-vintedgo-dbt/pull/6294,1060,2025-11,2025,11,Q4 2025,True,False,False
6297,chore: replace source of shipment configurations with carrier services directly,dataverse-vintedgo-dbt,vinted/dataverse-vintedgo-dbt,merged,jeremychia,2025-11-12 08:25:46+00:00,2025-11-12 09:04:56+00:00,2025-11-12 09:04:55+00:00,6,"vgo_general, vgo_finance",2,0,https://github.com/vinted/dataverse-vintedgo-dbt/pull/6297,4205,2025-11,2025,11,Q4 2025,True,False,False
6301,fix: add balance type to list of unique columns for checkout balance statements,dataverse-vintedgo-dbt,vinted/dataverse-vintedgo-dbt,merged,jeremychia,2025-11-12 09:23:04+00:00,2025-11-12 13:34:13+00:00,2025-11-12 13:34:12+00:00,3,vgo_finance,1,0,https://github.com/vinted/dataverse-vintedgo-dbt/pull/6301,4240,2025-11,2025,11,Q4 2025,True,False,False
6308,chore: prepare contract carrier prices for production add tests materialise as table,dataverse-vintedgo-dbt,vinted/dataverse-vintedgo-dbt,merged,jeremychia,2025-11-12 15:33:23+00:00,2025-11-13 06:10:48+00:00,2025-11-13 06:10:47+00:00,3,vgo_finance,1,0,https://github.com/vinted/dataverse-vintedgo-dbt/pull/6308,156,2025-11,2025,11,Q4 2025,True,False,False
6310,docs: update in-line comment for dim_carrier_services,dataverse-vintedgo-dbt,vinted/dataverse-vintedgo-dbt,merged,jeremychia,2025-11-12 15:46:31+00:00,2025-11-12 17:10:25+00:00,2025-11-12 17:10:24+00:00,3,vgo_general,1,0,https://github.com/vinted/dataverse-vintedgo-dbt/pull/6310,75,2025-11,2025,11,Q4 2025,True,False,False
6313,chore: account for the fact that there is more than one payout per settlement,dataverse-vintedgo-dbt,vinted/dataverse-vintedgo-dbt,merged,jeremychia,2025-11-12 16:17:55+00:00,2025-11-13 08:38:55+00:00,2025-11-13 08:38:54+00:00,4,vgo_finance,1,0,https://github.com/vinted/dataverse-vintedgo-dbt/pull/6313,4135,2025-11,2025,11,Q4 2025,True,False,False
12745,chore: exclude anyvan from having estimated costs,dataverse-marketplace-dbt,vinted/dataverse-marketplace-dbt,merged,jeremychia,2025-11-13 08:20:51+00:00,2025-11-13 10:36:57+00:00,2025-11-13 10:36:56+00:00,3,,0,0,https://github.com/vinted/dataverse-marketplace-dbt/pull/12745,1299,2025-11,2025,11,Q4 2025,True,False,False
6317,chore: add missing delivery codes in mapping,dataverse-vintedgo-dbt,vinted/dataverse-vintedgo-dbt,merged,jeremychia,2025-11-13 09:21:08+00:00,2025-11-13 09:56:29+00:00,2025-11-13 09:56:28+00:00,3,vgo_finance,1,0,https://github.com/vinted/dataverse-vintedgo-dbt/pull/6317,40224,2025-11,2025,11,Q4 2025,True,False,False
6319,feat: add missing mapping for GLS-CEE -> GLS-HU,dataverse-vintedgo-dbt,vinted/dataverse-vintedgo-dbt,merged,jeremychia,2025-11-13 10:08:03+00:00,2025-11-13 10:57:37+00:00,2025-11-13 10:57:36+00:00,4,vgo_finance,1,0,https://github.com/vinted/dataverse-vintedgo-dbt/pull/6319,122,2025-11,2025,11,Q4 2025,True,False,False
6326,feat: make int_carrier_legs_estimated_costs_v1 incremental,dataverse-vintedgo-dbt,vinted/dataverse-vintedgo-dbt,merged,jeremychia,2025-11-13 12:49:59+00:00,2025-11-17 17:34:36+00:00,2025-11-17 17:34:35+00:00,3,vgo_finance,1,4,https://github.com/vinted/dataverse-vintedgo-dbt/pull/6326,4141,2025-11,2025,11,Q4 2025,True,False,False
6333,feat: incorporate new data from int carrier legs estimated costs v1 into shipment carrier legs,dataverse-vintedgo-dbt,vinted/dataverse-vintedgo-dbt,merged,jeremychia,2025-11-13 15:11:59+00:00,2025-11-20 13:26:23+00:00,2025-11-20 13:26:22+00:00,3,vgo_finance,1,6,https://github.com/vinted/dataverse-vintedgo-dbt/pull/6333,4072,2025-11,2025,11,Q4 2025,True,False,False
6345,hotfix: raise threshold for duplicates - UPS,dataverse-vintedgo-dbt,vinted/dataverse-vintedgo-dbt,merged,jeremychia,2025-11-14 07:25:11+00:00,2025-11-14 07:43:07+00:00,2025-11-14 07:43:06+00:00,3,vgo_finance,1,0,https://github.com/vinted/dataverse-vintedgo-dbt/pull/6345,4220,2025-11,2025,11,Q4 2025,True,False,False
6347,hotfix: more hotfix to raise threshold,dataverse-vintedgo-dbt,vinted/dataverse-vintedgo-dbt,merged,jeremychia,2025-11-14 08:21:31+00:00,2025-11-14 08:48:38+00:00,2025-11-14 08:48:36+00:00,3,vgo_finance,1,0,https://github.com/vinted/dataverse-vintedgo-dbt/pull/6347,60,2025-11,2025,11,Q4 2025,True,False,False
6370,chore: exposed asset - prep_revenue_recognition_carrier_legs,dataverse-vintedgo-dbt,vinted/dataverse-vintedgo-dbt,merged,jeremychia,2025-11-17 09:56:49+00:00,2025-11-17 10:45:51+00:00,2025-11-17 10:45:50+00:00,3,"vgo_finance, scheduler",2,0,https://github.com/vinted/dataverse-vintedgo-dbt/pull/6370,4072,2025-11,2025,11,Q4 2025,True,False,False
6379,fix: include daily models in execution metrics,dataverse-vintedgo-dbt,vinted/dataverse-vintedgo-dbt,open,jeremychia,2025-11-17 16:30:21+00:00,2025-11-26 16:16:50+00:00,0001-01-01 00:00:00+00:00,3,observability,1,-739572,https://github.com/vinted/dataverse-vintedgo-dbt/pull/6379,5230,2025-11,2025,11,Q4 2025,False,False,True
6382,chore: access level vinted for prep_revenue_recognition_carrier_legs,dataverse-vintedgo-dbt,vinted/dataverse-vintedgo-dbt,merged,jeremychia,2025-11-18 09:26:18+00:00,2025-11-18 09:43:22+00:00,2025-11-18 09:43:21+00:00,3,vgo_finance,1,0,https://github.com/vinted/dataverse-vintedgo-dbt/pull/6382,541,2025-11,2025,11,Q4 2025,True,False,False
6388,chore: need for tag (ptn),dataverse-vintedgo-dbt,vinted/dataverse-vintedgo-dbt,merged,jeremychia,2025-11-18 10:54:02+00:00,2025-11-18 11:18:14+00:00,2025-11-18 11:18:13+00:00,3,vgo_finance,1,0,https://github.com/vinted/dataverse-vintedgo-dbt/pull/6388,89,2025-11,2025,11,Q4 2025,True,False,False
6396,chore: make grain of `mart_prep_carrier_invoices_shipment_leg_granularity` the `shipment_carrier_leg_id`,dataverse-vintedgo-dbt,vinted/dataverse-vintedgo-dbt,merged,jeremychia,2025-11-18 14:13:21+00:00,2025-11-19 16:37:38+00:00,2025-11-19 16:37:37+00:00,3,vgo_finance,1,1,https://github.com/vinted/dataverse-vintedgo-dbt/pull/6396,6187,2025-11,2025,11,Q4 2025,True,False,False
6424,chore: clean-up custom queries (vgo-finance),dataverse-vintedgo-dbt,vinted/dataverse-vintedgo-dbt,merged,jeremychia,2025-11-19 14:34:44+00:00,2025-11-19 15:36:02+00:00,2025-11-19 15:36:01+00:00,0,vgo_finance,1,0,https://github.com/vinted/dataverse-vintedgo-dbt/pull/6424,52,2025-11,2025,11,Q4 2025,True,False,False
6426,feat: retake snapshot of revenue recognition using insert into,dataverse-vintedgo-dbt,vinted/dataverse-vintedgo-dbt,merged,jeremychia,2025-11-19 14:52:21+00:00,2025-11-19 15:37:52+00:00,2025-11-19 15:37:51+00:00,0,vgo_finance,1,0,https://github.com/vinted/dataverse-vintedgo-dbt/pull/6426,46,2025-11,2025,11,Q4 2025,True,False,False
6433,chore: more snapshot queries,dataverse-vintedgo-dbt,vinted/dataverse-vintedgo-dbt,merged,jeremychia,2025-11-19 15:45:25+00:00,2025-11-19 15:55:15+00:00,2025-11-19 15:55:14+00:00,0,vgo_finance,1,0,https://github.com/vinted/dataverse-vintedgo-dbt/pull/6433,54,2025-11,2025,11,Q4 2025,True,False,False
6435,chore: minor correction,dataverse-vintedgo-dbt,vinted/dataverse-vintedgo-dbt,merged,jeremychia,2025-11-19 16:56:57+00:00,2025-11-19 17:00:12+00:00,2025-11-19 17:00:11+00:00,0,vgo_finance,1,0,https://github.com/vinted/dataverse-vintedgo-dbt/pull/6435,6,2025-11,2025,11,Q4 2025,True,False,False
6442,chore: snapshot mart_historic_carrier_invoices_totals & dim_carrier_contract_prices,dataverse-vintedgo-dbt,vinted/dataverse-vintedgo-dbt,merged,jeremychia,2025-11-20 13:10:59+00:00,2025-11-20 13:35:01+00:00,2025-11-20 13:35:00+00:00,0,vgo_finance,1,0,https://github.com/vinted/dataverse-vintedgo-dbt/pull/6442,69,2025-11,2025,11,Q4 2025,True,False,False
6451,chore: change data type to numeric,dataverse-vintedgo-dbt,vinted/dataverse-vintedgo-dbt,merged,jeremychia,2025-11-21 07:57:11+00:00,2025-11-21 08:17:34+00:00,2025-11-21 08:17:33+00:00,3,vgo_finance,1,0,https://github.com/vinted/dataverse-vintedgo-dbt/pull/6451,627,2025-11,2025,11,Q4 2025,True,False,False
6452,fix: downstream usage of `prep_enriched_transactions`,dataverse-vintedgo-dbt,vinted/dataverse-vintedgo-dbt,merged,jeremychia,2025-11-21 08:13:39+00:00,2025-11-21 08:51:50+00:00,2025-11-21 08:51:49+00:00,4,vgo_general,1,0,https://github.com/vinted/dataverse-vintedgo-dbt/pull/6452,46,2025-11,2025,11,Q4 2025,True,False,False
6457,chore: aggregate transfers into one line,dataverse-vintedgo-dbt,vinted/dataverse-vintedgo-dbt,merged,jeremychia,2025-11-21 12:55:43+00:00,2025-11-21 15:41:11+00:00,2025-11-21 15:41:10+00:00,3,vgo_finance,1,0,https://github.com/vinted/dataverse-vintedgo-dbt/pull/6457,155,2025-11,2025,11,Q4 2025,True,False,False
6464,feat: amend mart agg carrier costs to include transaction count,dataverse-vintedgo-dbt,vinted/dataverse-vintedgo-dbt,merged,jeremychia,2025-11-21 14:58:04+00:00,2025-11-21 15:49:09+00:00,2025-11-21 15:49:08+00:00,3,vgo_finance,1,0,https://github.com/vinted/dataverse-vintedgo-dbt/pull/6464,140,2025-11,2025,11,Q4 2025,True,False,False
6511,chore: change access to int_carrier_contract_prices_v1,dataverse-vintedgo-dbt,vinted/dataverse-vintedgo-dbt,merged,jeremychia,2025-11-26 16:34:12+00:00,2025-11-26 17:30:11+00:00,2025-11-26 17:30:10+00:00,3,vgo_finance,1,0,https://github.com/vinted/dataverse-vintedgo-dbt/pull/6511,351,2025-11,2025,11,Q4 2025,True,False,False
6533,fix: change service type name price list to a leg level,dataverse-vintedgo-dbt,vinted/dataverse-vintedgo-dbt,merged,jeremychia,2025-11-27 20:08:40+00:00,2025-11-28 08:54:00+00:00,2025-11-28 08:53:57+00:00,3,vgo_finance,1,0,https://github.com/vinted/dataverse-vintedgo-dbt/pull/6533,2412,2025-11,2025,11,Q4 2025,True,False,False
8,feat: add amex rose metal staging,personal-finances-dbt,jeremychia/personal-finances-dbt,merged,jeremychia,2025-11-30 16:35:25+00:00,2025-11-30 16:37:19+00:00,2025-11-30 16:37:18+00:00,0,,0,0,https://github.com/jeremychia/personal-finances-dbt/pull/8,578,2025-11,2025,11,Q4 2025,True,False,False
6550,fix: adjust time periods for vgo_checkout_api_ingestion,dataverse-vintedgo-dbt,vinted/dataverse-vintedgo-dbt,merged,jeremychia,2025-12-01 10:20:48+00:00,2025-12-01 10:49:09+00:00,2025-12-01 10:49:08+00:00,3,"vgo_finance, scheduler",2,0,https://github.com/vinted/dataverse-vintedgo-dbt/pull/6550,1125,2025-12,2025,12,Q4 2025,True,False,False
6555,chore: delete snapshots for 2025-12-01 (they will be retaken),dataverse-vintedgo-dbt,vinted/dataverse-vintedgo-dbt,merged,jeremychia,2025-12-01 11:15:54+00:00,2025-12-01 12:12:56+00:00,2025-12-01 12:12:55+00:00,0,vgo_finance,1,0,https://github.com/vinted/dataverse-vintedgo-dbt/pull/6555,218,2025-12,2025,12,Q4 2025,True,False,False
6556,chore: retake snapshot for mart_historic_shipment_legs_customer_invoices,dataverse-vintedgo-dbt,vinted/dataverse-vintedgo-dbt,merged,jeremychia,2025-12-01 11:36:35+00:00,2025-12-01 12:23:47+00:00,2025-12-01 12:23:45+00:00,0,vgo_finance,1,0,https://github.com/vinted/dataverse-vintedgo-dbt/pull/6556,216,2025-12,2025,12,Q4 2025,True,False,False
6558,fix: date casting of revenue recognition date in mart vcarrier 3rd party customer billing,dataverse-vintedgo-dbt,vinted/dataverse-vintedgo-dbt,merged,jeremychia,2025-12-01 11:58:26+00:00,2025-12-01 12:35:14+00:00,2025-12-01 12:35:13+00:00,3,vgo_carrier,1,0,https://github.com/vinted/dataverse-vintedgo-dbt/pull/6558,628,2025-12,2025,12,Q4 2025,True,False,False
6560,fix: timeframes in mart_vcarrier_3rd_party_customer_billing,dataverse-vintedgo-dbt,vinted/dataverse-vintedgo-dbt,merged,jeremychia,2025-12-01 12:56:45+00:00,2025-12-01 14:45:52+00:00,2025-12-01 14:45:51+00:00,3,vgo_carrier,1,0,https://github.com/vinted/dataverse-vintedgo-dbt/pull/6560,169,2025-12,2025,12,Q4 2025,True,False,False
2857,chore: raise limit to M vgo_finance,terraform-dataverse,vinted/terraform-dataverse,merged,jeremychia,2025-12-01 15:13:26+00:00,2025-12-01 15:36:22+00:00,2025-12-01 15:36:21+00:00,3,,0,0,https://github.com/vinted/terraform-dataverse/pull/2857,194,2025-12,2025,12,Q4 2025,True,False,False
6567,chore: change to use current_date rather than the data interval start for tracking statuses,dataverse-vintedgo-dbt,vinted/dataverse-vintedgo-dbt,merged,jeremychia,2025-12-01 15:56:17+00:00,2025-12-02 10:22:30+00:00,2025-12-02 10:22:29+00:00,4,vgo_finance,1,0,https://github.com/vinted/dataverse-vintedgo-dbt/pull/6567,493,2025-12,2025,12,Q4 2025,True,False,False
13147,feat: add package type to shipping profit & loss analysis,dataverse-marketplace-dbt,vinted/dataverse-marketplace-dbt,merged,jeremychia,2025-12-02 15:11:11+00:00,2025-12-03 10:12:24+00:00,2025-12-03 10:12:22+00:00,4,,0,0,https://github.com/vinted/dataverse-marketplace-dbt/pull/13147,910,2025-12,2025,12,Q4 2025,True,False,False
6582,feat: add revenue recognition date 2026 method column to mart shipment legs invoice cost and revenue,dataverse-vintedgo-dbt,vinted/dataverse-vintedgo-dbt,merged,jeremychia,2025-12-02 16:54:29+00:00,2025-12-03 09:18:52+00:00,2025-12-03 09:18:51+00:00,3,vgo_finance,1,0,https://github.com/vinted/dataverse-vintedgo-dbt/pull/6582,770,2025-12,2025,12,Q4 2025,True,False,False
182,chore: change owner for earlybird to vytaute.pilkyte,dataverse-vintedgo-finance,vinted/dataverse-vintedgo-finance,merged,jeremychia,2025-12-03 07:48:11+00:00,2025-12-03 07:58:22+00:00,2025-12-03 07:58:20+00:00,0,,0,0,https://github.com/vinted/dataverse-vintedgo-finance/pull/182,184,2025-12,2025,12,Q4 2025,True,False,False
6591,feat: new tests on min and max weight from drop off options parcel,dataverse-vintedgo-dbt,vinted/dataverse-vintedgo-dbt,merged,jeremychia,2025-12-03 10:16:36+00:00,2025-12-03 14:05:09+00:00,2025-12-03 14:05:08+00:00,3,"vgo_general, vgo_finance",2,0,https://github.com/vinted/dataverse-vintedgo-dbt/pull/6591,451,2025-12,2025,12,Q4 2025,True,False,False
6594,feat: introduce dim_shipping_routes,dataverse-vintedgo-dbt,vinted/dataverse-vintedgo-dbt,merged,jeremychia,2025-12-03 10:57:19+00:00,2025-12-03 13:45:32+00:00,2025-12-03 13:45:31+00:00,4,vgo_general,1,0,https://github.com/vinted/dataverse-vintedgo-dbt/pull/6594,893,2025-12,2025,12,Q4 2025,True,False,False
13167,refactor: use jinja for mrt_shipping_profit_loss_by_carrier_route + unit test,dataverse-marketplace-dbt,vinted/dataverse-marketplace-dbt,merged,jeremychia,2025-12-03 11:38:06+00:00,2025-12-03 15:29:32+00:00,2025-12-03 15:29:31+00:00,6,,0,0,https://github.com/vinted/dataverse-marketplace-dbt/pull/13167,293,2025-12,2025,12,Q4 2025,True,False,False
6595,feat: introduce revenue recognition derivation method to help understand how the revenue recognition date was derived,dataverse-vintedgo-dbt,vinted/dataverse-vintedgo-dbt,merged,jeremychia,2025-12-03 12:59:37+00:00,2025-12-03 14:13:54+00:00,2025-12-03 14:13:53+00:00,3,vgo_finance,1,0,https://github.com/vinted/dataverse-vintedgo-dbt/pull/6595,485,2025-12,2025,12,Q4 2025,True,False,False
6601,chore: replace carrier contracts to use dim_shipping_routes,dataverse-vintedgo-dbt,vinted/dataverse-vintedgo-dbt,merged,jeremychia,2025-12-03 15:29:08+00:00,2025-12-04 10:16:29+00:00,2025-12-04 10:16:28+00:00,3,vgo_finance,1,0,https://github.com/vinted/dataverse-vintedgo-dbt/pull/6601,1037,2025-12,2025,12,Q4 2025,True,False,False
6602,"feat: add new fields introduced, into historic snapshots",dataverse-vintedgo-dbt,vinted/dataverse-vintedgo-dbt,merged,jeremychia,2025-12-03 16:09:12+00:00,2025-12-05 08:12:39+00:00,2025-12-05 08:12:38+00:00,3,vgo_finance,1,1,https://github.com/vinted/dataverse-vintedgo-dbt/pull/6602,212,2025-12,2025,12,Q4 2025,True,False,False
1175,chore: use fields from mart_shipment_legs_invoice_cost_and_revenue,dataverse-finance,vinted/dataverse-finance,merged,jeremychia,2025-12-03 16:20:34+00:00,2025-12-12 11:38:34+00:00,2025-12-12 11:38:33+00:00,3,,0,8,https://github.com/vinted/dataverse-finance/pull/1175,151,2025-12,2025,12,Q4 2025,True,False,False
6612,chore: add new category to test in chronopost,dataverse-vintedgo-dbt,vinted/dataverse-vintedgo-dbt,merged,jeremychia,2025-12-04 10:23:12+00:00,2025-12-04 13:14:35+00:00,2025-12-04 13:14:34+00:00,3,vgo_finance,1,0,https://github.com/vinted/dataverse-vintedgo-dbt/pull/6612,637,2025-12,2025,12,Q4 2025,True,False,False
6615,"refactor: generalise test, but also only test for not nulls if there are no values in another columns",dataverse-vintedgo-dbt,vinted/dataverse-vintedgo-dbt,merged,jeremychia,2025-12-04 13:19:33+00:00,2025-12-05 08:02:54+00:00,2025-12-05 08:02:53+00:00,3,"vgo_finance, docs",2,0,https://github.com/vinted/dataverse-vintedgo-dbt/pull/6615,486,2025-12,2025,12,Q4 2025,True,False,False
6616,"feat: new valid combination ""AT|NL"" for reporting routes",dataverse-vintedgo-dbt,vinted/dataverse-vintedgo-dbt,merged,jeremychia,2025-12-04 13:27:03+00:00,2025-12-05 09:38:42+00:00,2025-12-05 09:38:41+00:00,3,vgo_finance,1,0,https://github.com/vinted/dataverse-vintedgo-dbt/pull/6616,815,2025-12,2025,12,Q4 2025,True,False,False
6621,chore: only test for reporting carrier nulls in invoice rows wide categories if there is something missing,dataverse-vintedgo-dbt,vinted/dataverse-vintedgo-dbt,merged,jeremychia,2025-12-05 09:42:36+00:00,2025-12-05 10:17:20+00:00,2025-12-05 10:17:19+00:00,3,vgo_finance,1,0,https://github.com/vinted/dataverse-vintedgo-dbt/pull/6621,326,2025-12,2025,12,Q4 2025,True,False,False
184,feat: add check on invoice_id for completeness alerts,dataverse-vintedgo-finance,vinted/dataverse-vintedgo-finance,merged,jeremychia,2025-12-05 12:16:49+00:00,2025-12-05 13:56:17+00:00,2025-12-05 13:56:14+00:00,0,,0,0,https://github.com/vinted/dataverse-vintedgo-finance/pull/184,369,2025-12,2025,12,Q4 2025,True,False,False
6628,refactor: move contract prices to an upstream price list v0 model,dataverse-vintedgo-dbt,vinted/dataverse-vintedgo-dbt,merged,jeremychia,2025-12-05 12:56:28+00:00,2025-12-05 14:08:09+00:00,2025-12-05 14:08:08+00:00,3,vgo_finance,1,0,https://github.com/vinted/dataverse-vintedgo-dbt/pull/6628,549,2025-12,2025,12,Q4 2025,True,False,False
6629,fix: split processing logic: only do something if there are multiple currencies,dataverse-vintedgo-dbt,vinted/dataverse-vintedgo-dbt,merged,jeremychia,2025-12-05 15:48:53+00:00,2025-12-08 07:34:01+00:00,2025-12-08 07:34:00+00:00,3,vgo_finance,1,2,https://github.com/vinted/dataverse-vintedgo-dbt/pull/6629,982,2025-12,2025,12,Q4 2025,True,False,False
13254,feat: add measures for count transactions and carrier legs,dataverse-marketplace-dbt,vinted/dataverse-marketplace-dbt,merged,jeremychia,2025-12-05 17:02:41+00:00,2025-12-06 10:10:20+00:00,2025-12-06 10:10:18+00:00,3,,0,0,https://github.com/vinted/dataverse-marketplace-dbt/pull/13254,225,2025-12,2025,12,Q4 2025,True,False,False
6630,fix: exclude specification modelling test,dataverse-vintedgo-dbt,vinted/dataverse-vintedgo-dbt,merged,jeremychia,2025-12-06 07:59:45+00:00,2025-12-06 11:03:27+00:00,2025-12-06 11:03:26+00:00,3,vgo_finance,1,0,https://github.com/vinted/dataverse-vintedgo-dbt/pull/6630,131,2025-12,2025,12,Q4 2025,True,False,False
6631,chore: exclude tests,dataverse-vintedgo-dbt,vinted/dataverse-vintedgo-dbt,merged,jeremychia,2025-12-07 08:24:03+00:00,2025-12-08 07:21:38+00:00,2025-12-08 07:21:36+00:00,3,vgo_finance,1,0,https://github.com/vinted/dataverse-vintedgo-dbt/pull/6631,391,2025-12,2025,12,Q4 2025,True,False,False
185,chore: change HOMERR owner to greta.skripskaite,dataverse-vintedgo-finance,vinted/dataverse-vintedgo-finance,merged,jeremychia,2025-12-08 15:35:24+00:00,2025-12-08 15:41:36+00:00,2025-12-08 15:41:33+00:00,0,,0,0,https://github.com/vinted/dataverse-vintedgo-finance/pull/185,271,2025-12,2025,12,Q4 2025,True,False,False
6641,"fix: if delivered is null, do not show any derivation method + refactoring",dataverse-vintedgo-dbt,vinted/dataverse-vintedgo-dbt,merged,jeremychia,2025-12-08 19:34:58+00:00,2025-12-09 07:08:28+00:00,2025-12-09 07:08:27+00:00,3,vgo_finance,1,0,https://github.com/vinted/dataverse-vintedgo-dbt/pull/6641,351,2025-12,2025,12,Q4 2025,True,False,False
6657,feat: add coefficients to carrier contract prices (v1),dataverse-vintedgo-dbt,vinted/dataverse-vintedgo-dbt,merged,jeremychia,2025-12-09 14:58:37+00:00,2025-12-11 09:36:02+00:00,2025-12-11 09:36:00+00:00,3,vgo_finance,1,1,https://github.com/vinted/dataverse-vintedgo-dbt/pull/6657,1422,2025-12,2025,12,Q4 2025,True,False,False
6687,fix: cast calculated values to numeric,dataverse-vintedgo-dbt,vinted/dataverse-vintedgo-dbt,merged,jeremychia,2025-12-12 08:11:28+00:00,2025-12-12 08:31:26+00:00,2025-12-12 08:31:25+00:00,3,vgo_finance,1,0,https://github.com/vinted/dataverse-vintedgo-dbt/pull/6687,65,2025-12,2025,12,Q4 2025,True,False,False
186,chore: change source to the pii_int model,dataverse-vintedgo-finance,vinted/dataverse-vintedgo-finance,merged,jeremychia,2025-12-12 10:39:13+00:00,2026-03-02 12:43:49+00:00,2026-03-02 12:43:47+00:00,0,,0,80,https://github.com/vinted/dataverse-vintedgo-finance/pull/186,262,2025-12,2025,12,Q4 2025,True,False,False
6708,chore: change start-date of when price-list from admin tool becomes effective to 2025-12-01,dataverse-vintedgo-dbt,vinted/dataverse-vintedgo-dbt,merged,jeremychia,2025-12-15 16:56:49+00:00,2025-12-19 13:17:11+00:00,2025-12-19 13:17:10+00:00,3,vgo_finance,1,3,https://github.com/vinted/dataverse-vintedgo-dbt/pull/6708,0,2025-12,2025,12,Q4 2025,True,False,False
187,chore: update finops_owner for HOMERR invoices,dataverse-vintedgo-finance,vinted/dataverse-vintedgo-finance,merged,jeremychia,2025-12-16 07:41:20+00:00,2025-12-16 08:36:59+00:00,2025-12-16 08:36:56+00:00,0,,0,0,https://github.com/vinted/dataverse-vintedgo-finance/pull/187,0,2025-12,2025,12,Q4 2025,True,False,False
6722,chore: change materialisation to table,dataverse-vintedgo-dbt,vinted/dataverse-vintedgo-dbt,merged,jeremychia,2025-12-17 15:00:48+00:00,2025-12-17 15:21:51+00:00,2025-12-17 15:21:50+00:00,3,vgo_finance,1,0,https://github.com/vinted/dataverse-vintedgo-dbt/pull/6722,103,2025-12,2025,12,Q4 2025,True,False,False
6745,feat: merge v0 & v1 for price lists in dim_carrier_contract_prices,dataverse-vintedgo-dbt,vinted/dataverse-vintedgo-dbt,merged,jeremychia,2025-12-18 20:36:38+00:00,2025-12-19 12:22:10+00:00,2025-12-19 12:22:08+00:00,3,"vgo_finance, docs",2,0,https://github.com/vinted/dataverse-vintedgo-dbt/pull/6745,715,2025-12,2025,12,Q4 2025,True,False,False
6753,chore: acknowledge new route combination for vcarrier,dataverse-vintedgo-dbt,vinted/dataverse-vintedgo-dbt,merged,jeremychia,2025-12-19 12:49:29+00:00,2025-12-19 13:56:34+00:00,2025-12-19 13:56:33+00:00,3,vgo_finance,1,0,https://github.com/vinted/dataverse-vintedgo-dbt/pull/6753,865,2025-12,2025,12,Q4 2025,True,False,False
6754,feat: add DPD-LU to mapping,dataverse-vintedgo-dbt,vinted/dataverse-vintedgo-dbt,merged,jeremychia,2025-12-19 13:24:13+00:00,2025-12-19 14:28:30+00:00,2025-12-19 14:28:28+00:00,3,vgo_finance,1,0,https://github.com/vinted/dataverse-vintedgo-dbt/pull/6754,60,2025-12,2025,12,Q4 2025,True,False,False
6756,feat: introduce exclusions from admin price list seeds,dataverse-vintedgo-dbt,vinted/dataverse-vintedgo-dbt,merged,jeremychia,2025-12-19 15:29:26+00:00,2025-12-19 17:11:39+00:00,2025-12-19 17:11:38+00:00,3,vgo_finance,1,0,https://github.com/vinted/dataverse-vintedgo-dbt/pull/6756,224,2025-12,2025,12,Q4 2025,True,False,False
6759,"fix: for incremental load, only take from 2025-12-01 for estimated costs",dataverse-vintedgo-dbt,vinted/dataverse-vintedgo-dbt,merged,jeremychia,2025-12-22 07:53:18+00:00,2025-12-22 08:32:15+00:00,2025-12-22 08:32:14+00:00,3,vgo_finance,1,0,https://github.com/vinted/dataverse-vintedgo-dbt/pull/6759,291,2025-12,2025,12,Q4 2025,True,False,False
6760,chore: add new carrier code gls dk to accepted values,dataverse-vintedgo-dbt,vinted/dataverse-vintedgo-dbt,merged,jeremychia,2025-12-22 08:50:23+00:00,2025-12-22 09:12:15+00:00,2025-12-22 09:12:14+00:00,3,vgo_finance,1,0,https://github.com/vinted/dataverse-vintedgo-dbt/pull/6760,666,2025-12,2025,12,Q4 2025,True,False,False
6764,chore: drop column from historic carrier contract prices,dataverse-vintedgo-dbt,vinted/dataverse-vintedgo-dbt,merged,jeremychia,2025-12-22 13:38:26+00:00,2025-12-22 13:56:41+00:00,2025-12-22 13:56:40+00:00,0,vgo_finance,1,0,https://github.com/vinted/dataverse-vintedgo-dbt/pull/6764,301,2025-12,2025,12,Q4 2025,True,False,False
6766,feat: 3rd party billing updates,dataverse-vintedgo-dbt,vinted/dataverse-vintedgo-dbt,merged,jeremychia,2025-12-22 13:52:02+00:00,2025-12-22 14:38:43+00:00,2025-12-22 14:38:42+00:00,3,vgo_carrier,1,0,https://github.com/vinted/dataverse-vintedgo-dbt/pull/6766,386,2025-12,2025,12,Q4 2025,True,False,False
6767,chore: fix syntax issue,dataverse-vintedgo-dbt,vinted/dataverse-vintedgo-dbt,merged,jeremychia,2025-12-22 14:43:08+00:00,2025-12-22 14:48:24+00:00,2025-12-22 14:48:23+00:00,0,vgo_finance,1,0,https://github.com/vinted/dataverse-vintedgo-dbt/pull/6767,27,2025-12,2025,12,Q4 2025,True,False,False
6768,feat: manual override for pro-carrier US>UK / UK>US,dataverse-vintedgo-dbt,vinted/dataverse-vintedgo-dbt,merged,jeremychia,2025-12-22 15:08:53+00:00,2025-12-22 15:33:29+00:00,2025-12-22 15:33:28+00:00,3,vgo_finance,1,0,https://github.com/vinted/dataverse-vintedgo-dbt/pull/6768,291,2025-12,2025,12,Q4 2025,True,False,False
6772,fix: normalise keys for GLS-HU when joining keys,dataverse-vintedgo-dbt,vinted/dataverse-vintedgo-dbt,merged,jeremychia,2025-12-22 16:15:25+00:00,2025-12-22 16:58:33+00:00,2025-12-22 16:58:32+00:00,3,vgo_finance,1,0,https://github.com/vinted/dataverse-vintedgo-dbt/pull/6772,1766,2025-12,2025,12,Q4 2025,True,False,False
13565,fix: cast null to original data type sin fct_braze_currents_events,dataverse-marketplace-dbt,vinted/dataverse-marketplace-dbt,merged,jeremychia,2025-12-23 06:47:05+00:00,2025-12-23 07:16:13+00:00,2025-12-23 07:16:11+00:00,3,marketing,1,0,https://github.com/vinted/dataverse-marketplace-dbt/pull/13565,477,2025-12,2025,12,Q4 2025,True,False,False
2925,chore: raise runner account budget to L for vgo_finance,terraform-dataverse,vinted/terraform-dataverse,merged,jeremychia,2025-12-23 07:39:38+00:00,2025-12-23 07:49:43+00:00,2025-12-23 07:49:42+00:00,2,,0,0,https://github.com/vinted/terraform-dataverse/pull/2925,0,2025-12,2025,12,Q4 2025,True,False,False
6774,feat: additional columns for shipping report,dataverse-vintedgo-dbt,vinted/dataverse-vintedgo-dbt,merged,jeremychia,2025-12-23 09:00:58+00:00,2025-12-23 13:52:13+00:00,2025-12-23 13:52:13+00:00,4,vgo_finance,1,0,https://github.com/vinted/dataverse-vintedgo-dbt/pull/6774,1035,2025-12,2025,12,Q4 2025,True,False,False
189,chore: remove additional ) in config,dataverse-vintedgo-finance,vinted/dataverse-vintedgo-finance,merged,jeremychia,2025-12-23 09:56:34+00:00,2025-12-23 10:03:00+00:00,2025-12-23 10:02:58+00:00,0,,0,0,https://github.com/vinted/dataverse-vintedgo-finance/pull/189,158,2025-12,2025,12,Q4 2025,True,False,False
6778,feat: carrier codes in carrier contract prices,dataverse-vintedgo-dbt,vinted/dataverse-vintedgo-dbt,merged,jeremychia,2025-12-23 14:03:25+00:00,2025-12-23 14:21:46+00:00,2025-12-23 14:21:45+00:00,3,vgo_finance,1,0,https://github.com/vinted/dataverse-vintedgo-dbt/pull/6778,70,2025-12,2025,12,Q4 2025,True,False,False
3514,chore: updates to dim_contract_carrier_prices dashboard,dataverse-vintedgo-looker,vinted/dataverse-vintedgo-looker,merged,jeremychia,2025-12-24 08:56:07+00:00,2025-12-24 09:06:13+00:00,2025-12-24 09:06:11+00:00,0,vgo_finance,1,0,https://github.com/vinted/dataverse-vintedgo-looker/pull/3514,172,2025-12,2025,12,Q4 2025,True,False,False
6782,chore: remove carrier name from carrier contract prices,dataverse-vintedgo-dbt,vinted/dataverse-vintedgo-dbt,merged,jeremychia,2025-12-24 09:02:54+00:00,2025-12-24 09:47:21+00:00,2025-12-24 09:47:21+00:00,3,vgo_finance,1,0,https://github.com/vinted/dataverse-vintedgo-dbt/pull/6782,96,2025-12,2025,12,Q4 2025,True,False,False
147,docs: improve error message for validation issues,dataverse-lookml-generator,vinted/dataverse-lookml-generator,merged,jeremychia,2025-12-24 10:45:54+00:00,2026-01-07 08:21:19+00:00,2026-01-07 08:21:19+00:00,1,,0,13,https://github.com/vinted/dataverse-lookml-generator/pull/147,258,2025-12,2025,12,Q4 2025,True,False,False
6783,chore: use most material information for reporting information,dataverse-vintedgo-dbt,vinted/dataverse-vintedgo-dbt,merged,jeremychia,2025-12-29 09:13:39+00:00,2025-12-29 09:36:20+00:00,2025-12-29 09:36:19+00:00,3,vgo_finance,1,0,https://github.com/vinted/dataverse-vintedgo-dbt/pull/6783,240,2025-12,2025,12,Q4 2025,True,False,False
6788,"feat: add reporting carriers ""filling"" logic to credit notes prep wide",dataverse-vintedgo-dbt,vinted/dataverse-vintedgo-dbt,merged,jeremychia,2025-12-29 13:24:49+00:00,2026-01-05 08:58:53+00:00,2026-01-05 08:58:52+00:00,3,vgo_finance,1,6,https://github.com/vinted/dataverse-vintedgo-dbt/pull/6788,484,2025-12,2025,12,Q4 2025,True,False,False
6811,chore: update currency for gls-dk,dataverse-vintedgo-dbt,vinted/dataverse-vintedgo-dbt,merged,jeremychia,2026-01-05 09:49:33+00:00,2026-01-05 12:01:45+00:00,2026-01-05 12:01:44+00:00,3,vgo_finance,1,0,https://github.com/vinted/dataverse-vintedgo-dbt/pull/6811,532,2026-01,2026,1,Q1 2026,True,False,False
6815,chore: add field to unique test,dataverse-vintedgo-dbt,vinted/dataverse-vintedgo-dbt,merged,jeremychia,2026-01-05 13:43:19+00:00,2026-01-05 14:02:24+00:00,2026-01-05 14:02:23+00:00,3,vgo_finance,1,0,https://github.com/vinted/dataverse-vintedgo-dbt/pull/6815,227,2026-01,2026,1,Q1 2026,True,False,False
6817,chore: fix unit test references (from carrier_invoices to raw_carrier_invoices),dataverse-vintedgo-dbt,vinted/dataverse-vintedgo-dbt,merged,jeremychia,2026-01-05 13:59:30+00:00,2026-01-05 15:40:16+00:00,2026-01-05 15:40:14+00:00,3,vgo_finance,1,0,https://github.com/vinted/dataverse-vintedgo-dbt/pull/6817,113,2026-01,2026,1,Q1 2026,True,False,False
3559,chore: update limit to 5000 rows for dashboard,dataverse-vintedgo-looker,vinted/dataverse-vintedgo-looker,merged,jeremychia,2026-01-06 09:40:24+00:00,2026-01-06 13:03:46+00:00,2026-01-06 13:03:45+00:00,0,vgo_finance,1,0,https://github.com/vinted/dataverse-vintedgo-looker/pull/3559,55,2026-01,2026,1,Q1 2026,True,False,False
6851,feat: create fact for expected credit notes,dataverse-vintedgo-dbt,vinted/dataverse-vintedgo-dbt,merged,jeremychia,2026-01-07 16:03:50+00:00,2026-01-08 10:52:43+00:00,2026-01-08 10:52:42+00:00,3,vgo_finance,1,0,https://github.com/vinted/dataverse-vintedgo-dbt/pull/6851,385,2026-01,2026,1,Q1 2026,True,False,False
6860,feat: add columns for derivation of deemed delivery date for comparison,dataverse-vintedgo-dbt,vinted/dataverse-vintedgo-dbt,merged,jeremychia,2026-01-08 12:24:25+00:00,2026-01-08 13:28:42+00:00,2026-01-08 13:28:41+00:00,3,vgo_finance,1,0,https://github.com/vinted/dataverse-vintedgo-dbt/pull/6860,270,2026-01,2026,1,Q1 2026,True,False,False
6864,fix: source path missing `gs://`,dataverse-vintedgo-dbt,vinted/dataverse-vintedgo-dbt,merged,jeremychia,2026-01-08 16:07:14+00:00,2026-01-08 16:56:04+00:00,2026-01-08 16:56:03+00:00,3,vgo_finance,1,0,https://github.com/vinted/dataverse-vintedgo-dbt/pull/6864,0,2026-01,2026,1,Q1 2026,True,False,False
6865,feat: introduce change in determining when the risk was transferred,dataverse-vintedgo-dbt,vinted/dataverse-vintedgo-dbt,merged,jeremychia,2026-01-08 17:21:01+00:00,2026-01-16 08:38:57+00:00,2026-01-16 08:38:56+00:00,4,"vgo_finance, docs",2,7,https://github.com/vinted/dataverse-vintedgo-dbt/pull/6865,5908,2026-01,2026,1,Q1 2026,True,False,False
6866,fix: test fails because there are null values in the carrier leg and description,dataverse-vintedgo-dbt,vinted/dataverse-vintedgo-dbt,merged,jeremychia,2026-01-08 18:05:37+00:00,2026-01-08 19:05:46+00:00,2026-01-08 19:05:44+00:00,3,vgo_finance,1,0,https://github.com/vinted/dataverse-vintedgo-dbt/pull/6866,289,2026-01,2026,1,Q1 2026,True,False,False
6867,feat: expose expected credit notes to mart_shipment_legs_invoice_cost_and_revenue,dataverse-vintedgo-dbt,vinted/dataverse-vintedgo-dbt,merged,jeremychia,2026-01-08 18:56:50+00:00,2026-01-09 12:51:55+00:00,2026-01-09 12:51:54+00:00,3,vgo_finance,1,0,https://github.com/vinted/dataverse-vintedgo-dbt/pull/6867,294,2026-01,2026,1,Q1 2026,True,False,False
6868,chore: unit test prep_expected_credit_note_rows_wide_categories and prep_expected_credit_notes_shipment_leg_granularity,dataverse-vintedgo-dbt,vinted/dataverse-vintedgo-dbt,merged,jeremychia,2026-01-08 19:02:17+00:00,2026-01-09 08:47:19+00:00,2026-01-09 08:47:18+00:00,3,vgo_finance,1,0,https://github.com/vinted/dataverse-vintedgo-dbt/pull/6868,48,2026-01,2026,1,Q1 2026,True,False,False
6869,chore: remove routes from exclusions,dataverse-vintedgo-dbt,vinted/dataverse-vintedgo-dbt,merged,jeremychia,2026-01-08 19:38:07+00:00,2026-01-09 08:36:44+00:00,2026-01-09 08:36:42+00:00,3,vgo_finance,1,0,https://github.com/vinted/dataverse-vintedgo-dbt/pull/6869,359,2026-01,2026,1,Q1 2026,True,False,False
6876,chore: include only credit note date 2025-11-01 for reporting,dataverse-vintedgo-dbt,vinted/dataverse-vintedgo-dbt,merged,jeremychia,2026-01-09 11:39:03+00:00,2026-01-12 13:25:06+00:00,2026-01-12 13:25:04+00:00,3,vgo_finance,1,3,https://github.com/vinted/dataverse-vintedgo-dbt/pull/6876,1069,2026-01,2026,1,Q1 2026,True,False,False
6880,chore: change reference to marketplace intelligence,dataverse-vintedgo-dbt,vinted/dataverse-vintedgo-dbt,merged,jeremychia,2026-01-09 12:18:45+00:00,2026-01-14 12:14:08+00:00,2026-01-14 12:14:07+00:00,3,vgo_finance,1,4,https://github.com/vinted/dataverse-vintedgo-dbt/pull/6880,887,2026-01,2026,1,Q1 2026,True,False,False
6892,feat: new test for identifying missing invoice patterns for mondial invoices,dataverse-vintedgo-dbt,vinted/dataverse-vintedgo-dbt,merged,jeremychia,2026-01-12 10:34:41+00:00,2026-01-12 11:55:55+00:00,2026-01-12 11:55:54+00:00,3,vgo_finance,1,0,https://github.com/vinted/dataverse-vintedgo-dbt/pull/6892,850,2026-01,2026,1,Q1 2026,True,False,False
6893,fix: use any_value() to handle case where there are nulls,dataverse-vintedgo-dbt,vinted/dataverse-vintedgo-dbt,merged,jeremychia,2026-01-12 11:20:27+00:00,2026-01-12 12:12:12+00:00,2026-01-12 12:12:11+00:00,3,vgo_finance,1,0,https://github.com/vinted/dataverse-vintedgo-dbt/pull/6893,555,2026-01,2026,1,Q1 2026,True,False,False
6896,chore: change project reference for dev_compile_prod target,dataverse-vintedgo-dbt,vinted/dataverse-vintedgo-dbt,merged,jeremychia,2026-01-12 13:45:58+00:00,2026-01-13 21:29:12+00:00,2026-01-13 21:29:11+00:00,12,"vgo_carrier, vgo_finance, vgo_d2c, vgo_hvf",4,1,https://github.com/vinted/dataverse-vintedgo-dbt/pull/6896,189,2026-01,2026,1,Q1 2026,True,False,False
6897,chore: M005 for mart_invoice_totals_verificiation,dataverse-vintedgo-dbt,vinted/dataverse-vintedgo-dbt,closed,jeremychia,2026-01-12 18:07:52+00:00,2026-01-12 20:43:30+00:00,2026-01-12 20:43:30+00:00,3,vgo_finance,1,0,https://github.com/vinted/dataverse-vintedgo-dbt/pull/6897,172,2026-01,2026,1,Q1 2026,False,True,False
192,chore: change reference for bigquery queries to vi-dv-prod-data for invoice completeness alerts,dataverse-vintedgo-finance,vinted/dataverse-vintedgo-finance,merged,jeremychia,2026-01-14 10:18:38+00:00,2026-01-14 11:58:26+00:00,2026-01-14 11:58:24+00:00,0,,0,0,https://github.com/vinted/dataverse-vintedgo-finance/pull/192,711,2026-01,2026,1,Q1 2026,True,False,False
193,refactor: add readme and entrypoint configurations for mondial relay downloader (in case projects change),dataverse-vintedgo-finance,vinted/dataverse-vintedgo-finance,merged,jeremychia,2026-01-14 10:19:14+00:00,2026-01-14 11:58:36+00:00,2026-01-14 11:58:34+00:00,0,,0,0,https://github.com/vinted/dataverse-vintedgo-finance/pull/193,378,2026-01,2026,1,Q1 2026,True,False,False
194,docs: update docs for royalmail_api_reconciliation_report_dockerfile,dataverse-vintedgo-finance,vinted/dataverse-vintedgo-finance,merged,jeremychia,2026-01-14 10:24:24+00:00,2026-01-14 11:58:55+00:00,2026-01-14 11:58:53+00:00,0,,0,0,https://github.com/vinted/dataverse-vintedgo-finance/pull/194,0,2026-01,2026,1,Q1 2026,True,False,False
195,chore: define project names for shipment_joins_failure_alerts_dockerfile,dataverse-vintedgo-finance,vinted/dataverse-vintedgo-finance,merged,jeremychia,2026-01-14 11:01:14+00:00,2026-01-14 11:58:46+00:00,2026-01-14 11:58:44+00:00,0,,0,0,https://github.com/vinted/dataverse-vintedgo-finance/pull/195,711,2026-01,2026,1,Q1 2026,True,False,False
196,docs: readme for ups_ftp_dockerfile,dataverse-vintedgo-finance,vinted/dataverse-vintedgo-finance,merged,jeremychia,2026-01-14 11:11:06+00:00,2026-01-14 11:59:03+00:00,2026-01-14 11:59:01+00:00,0,,0,0,https://github.com/vinted/dataverse-vintedgo-finance/pull/196,0,2026-01,2026,1,Q1 2026,True,False,False
197,chore: royal mail only download last n working days,dataverse-vintedgo-finance,vinted/dataverse-vintedgo-finance,merged,jeremychia,2026-01-14 13:16:43+00:00,2026-01-15 12:06:33+00:00,2026-01-15 12:06:30+00:00,0,,0,0,https://github.com/vinted/dataverse-vintedgo-finance/pull/197,321,2026-01,2026,1,Q1 2026,True,False,False
6916,feat: more rigorous testing on reporting carrier in unmatched invoice rows,dataverse-vintedgo-dbt,vinted/dataverse-vintedgo-dbt,merged,jeremychia,2026-01-14 14:00:21+00:00,2026-01-15 10:43:58+00:00,2026-01-15 10:43:57+00:00,3,vgo_finance,1,0,https://github.com/vinted/dataverse-vintedgo-dbt/pull/6916,143,2026-01,2026,1,Q1 2026,True,False,False
6923,chore: change to soft dependencies dim__transaction_verticals,dataverse-vintedgo-dbt,vinted/dataverse-vintedgo-dbt,merged,jeremychia,2026-01-15 08:51:27+00:00,2026-01-15 09:21:04+00:00,2026-01-15 09:21:03+00:00,3,vgo_finance,1,0,https://github.com/vinted/dataverse-vintedgo-dbt/pull/6923,64,2026-01,2026,1,Q1 2026,True,False,False
6941,feat: introduce flag for is currently valid for contract carrier prices from the admin tool,dataverse-vintedgo-dbt,vinted/dataverse-vintedgo-dbt,merged,jeremychia,2026-01-15 17:10:31+00:00,2026-01-16 07:57:52+00:00,2026-01-16 07:57:51+00:00,3,vgo_finance,1,0,https://github.com/vinted/dataverse-vintedgo-dbt/pull/6941,240,2026-01,2026,1,Q1 2026,True,False,False
3649,feat: introduce flag for is currently valid for contract carrier prices from the admin tool,dataverse-vintedgo-looker,vinted/dataverse-vintedgo-looker,merged,jeremychia,2026-01-15 17:16:43+00:00,2026-01-16 07:29:53+00:00,2026-01-16 07:29:52+00:00,0,vgo_finance,1,0,https://github.com/vinted/dataverse-vintedgo-looker/pull/3649,199,2026-01,2026,1,Q1 2026,True,False,False
6949,chore: change references to vi-dv-prod-data in custom queries,dataverse-vintedgo-dbt,vinted/dataverse-vintedgo-dbt,merged,jeremychia,2026-01-16 10:19:17+00:00,2026-01-16 11:09:25+00:00,2026-01-16 11:09:24+00:00,0,vgo_finance,1,0,https://github.com/vinted/dataverse-vintedgo-dbt/pull/6949,751,2026-01,2026,1,Q1 2026,True,False,False
6958,chore: include vintedgo iberia for forced remapping,dataverse-vintedgo-dbt,vinted/dataverse-vintedgo-dbt,merged,jeremychia,2026-01-16 14:21:55+00:00,2026-01-16 16:04:56+00:00,2026-01-16 16:04:54+00:00,3,vgo_finance,1,0,https://github.com/vinted/dataverse-vintedgo-dbt/pull/6958,279,2026-01,2026,1,Q1 2026,True,False,False
6960,fix: invoice ID parsing for HR-POST,dataverse-vintedgo-dbt,vinted/dataverse-vintedgo-dbt,merged,jeremychia,2026-01-16 14:44:41+00:00,2026-01-20 10:45:36+00:00,2026-01-20 10:45:35+00:00,3,vgo_finance,1,3,https://github.com/vinted/dataverse-vintedgo-dbt/pull/6960,527,2026-01,2026,1,Q1 2026,True,False,False
2984,chore: grant view access vi-dv-prod-data to starlink-recommender-sync,terraform-dataverse,vinted/terraform-dataverse,merged,jeremychia,2026-01-16 15:02:10+00:00,2026-01-16 15:27:47+00:00,2026-01-16 15:27:45+00:00,2,,0,0,https://github.com/vinted/terraform-dataverse/pull/2984,169,2026-01,2026,1,Q1 2026,True,False,False
6961,chore: change execution format due to access issues,dataverse-vintedgo-dbt,vinted/dataverse-vintedgo-dbt,merged,jeremychia,2026-01-16 15:59:41+00:00,2026-01-20 12:44:24+00:00,2026-01-20 12:44:23+00:00,3,"vgo_finance, scheduler",2,3,https://github.com/vinted/dataverse-vintedgo-dbt/pull/6961,148,2026-01,2026,1,Q1 2026,True,False,False
204,chore: use impersonation and run with another SA (shipment joins failures),dataverse-vintedgo-finance,vinted/dataverse-vintedgo-finance,merged,jeremychia,2026-01-16 16:12:47+00:00,2026-01-20 07:44:14+00:00,2026-01-20 07:44:12+00:00,0,,0,3,https://github.com/vinted/dataverse-vintedgo-finance/pull/204,44,2026-01,2026,1,Q1 2026,True,False,False
6976,feat: include drop off options parcels carrier services,dataverse-vintedgo-dbt,vinted/dataverse-vintedgo-dbt,merged,jeremychia,2026-01-20 08:47:34+00:00,2026-01-21 12:51:08+00:00,2026-01-20 14:15:18+00:00,3,vgo_finance,1,0,https://github.com/vinted/dataverse-vintedgo-dbt/pull/6976,4072,2026-01,2026,1,Q1 2026,True,False,False
154,feat: add label support for dimension and measures,dataverse-lookml-generator,vinted/dataverse-lookml-generator,merged,jeremychia,2026-01-20 09:56:07+00:00,2026-01-22 09:43:29+00:00,2026-01-22 09:43:28+00:00,1,,0,1,https://github.com/vinted/dataverse-lookml-generator/pull/154,1074,2026-01,2026,1,Q1 2026,True,False,False
6982,chore: change unmatched invoice rows back to table,dataverse-vintedgo-dbt,vinted/dataverse-vintedgo-dbt,merged,jeremychia,2026-01-20 12:25:47+00:00,2026-01-20 14:00:32+00:00,2026-01-20 14:00:30+00:00,3,vgo_finance,1,0,https://github.com/vinted/dataverse-vintedgo-dbt/pull/6982,1124,2026-01,2026,1,Q1 2026,True,False,False
6986,chore: change invoice_id from relais colis all to upper-case,dataverse-vintedgo-dbt,vinted/dataverse-vintedgo-dbt,merged,jeremychia,2026-01-20 14:55:52+00:00,2026-01-21 09:16:49+00:00,2026-01-21 09:16:48+00:00,3,vgo_finance,1,0,https://github.com/vinted/dataverse-vintedgo-dbt/pull/6986,3431,2026-01,2026,1,Q1 2026,True,False,False
6987,chore: clean unicodes from invoice number in invoice review main file,dataverse-vintedgo-dbt,vinted/dataverse-vintedgo-dbt,merged,jeremychia,2026-01-20 15:08:19+00:00,2026-01-21 09:34:21+00:00,2026-01-21 09:34:19+00:00,3,vgo_finance,1,0,https://github.com/vinted/dataverse-vintedgo-dbt/pull/6987,3815,2026-01,2026,1,Q1 2026,True,False,False
6988,chore: standardise invoice ID for postnord-dk to remove leading zeroes,dataverse-vintedgo-dbt,vinted/dataverse-vintedgo-dbt,merged,jeremychia,2026-01-20 15:13:51+00:00,2026-01-21 11:08:35+00:00,2026-01-21 11:08:34+00:00,3,vgo_finance,1,0,https://github.com/vinted/dataverse-vintedgo-dbt/pull/6988,3827,2026-01,2026,1,Q1 2026,True,False,False
6990,"feat: create mart for no detail files, which joins information from dim carrier invoice upload to produce invoice from/to mapping",dataverse-vintedgo-dbt,vinted/dataverse-vintedgo-dbt,merged,jeremychia,2026-01-20 15:44:53+00:00,2026-01-22 10:39:49+00:00,2026-01-22 10:39:48+00:00,3,vgo_finance,1,1,https://github.com/vinted/dataverse-vintedgo-dbt/pull/6990,2930,2026-01,2026,1,Q1 2026,True,False,False
7001,feat: introduce intermediate model for package types,dataverse-vintedgo-dbt,vinted/dataverse-vintedgo-dbt,merged,jeremychia,2026-01-21 13:15:14+00:00,2026-01-21 13:58:04+00:00,2026-01-21 13:58:03+00:00,3,vgo_finance,1,0,https://github.com/vinted/dataverse-vintedgo-dbt/pull/7001,309,2026-01,2026,1,Q1 2026,True,False,False
7007,feat: introduce package sizes into the price lists + unit tests,dataverse-vintedgo-dbt,vinted/dataverse-vintedgo-dbt,merged,jeremychia,2026-01-21 16:33:35+00:00,2026-01-27 13:50:12+00:00,2026-01-27 13:50:11+00:00,3,vgo_finance,1,5,https://github.com/vinted/dataverse-vintedgo-dbt/pull/7007,472,2026-01,2026,1,Q1 2026,True,False,False
206,fix: permission error on the DAG,dataverse-vintedgo-finance,vinted/dataverse-vintedgo-finance,merged,jeremychia,2026-01-21 20:03:08+00:00,2026-01-22 10:19:58+00:00,2026-01-22 10:19:56+00:00,0,,0,0,https://github.com/vinted/dataverse-vintedgo-finance/pull/206,351,2026-01,2026,1,Q1 2026,True,False,False
7020,feat: add parcel dimension configurations to each shipment,dataverse-vintedgo-dbt,vinted/dataverse-vintedgo-dbt,merged,jeremychia,2026-01-22 13:49:57+00:00,2026-01-22 15:38:00+00:00,2026-01-22 15:37:59+00:00,3,vgo_finance,1,0,https://github.com/vinted/dataverse-vintedgo-dbt/pull/7020,226,2026-01,2026,1,Q1 2026,True,False,False
7029,chore: add DHL-EXPRESS to carrier_codes mapping,dataverse-vintedgo-dbt,vinted/dataverse-vintedgo-dbt,merged,jeremychia,2026-01-23 07:59:58+00:00,2026-01-23 08:34:08+00:00,2026-01-23 08:34:07+00:00,3,vgo_finance,1,0,https://github.com/vinted/dataverse-vintedgo-dbt/pull/7029,382,2026-01,2026,1,Q1 2026,True,False,False
7032,feat: add return to sender timestamps for flagging,dataverse-vintedgo-dbt,vinted/dataverse-vintedgo-dbt,merged,jeremychia,2026-01-23 10:40:59+00:00,2026-01-23 11:35:05+00:00,2026-01-23 11:35:04+00:00,3,vgo_finance,1,0,https://github.com/vinted/dataverse-vintedgo-dbt/pull/7032,259,2026-01,2026,1,Q1 2026,True,False,False
1303,feat: introduce two flags to mrt shipping results,dataverse-finance,vinted/dataverse-finance,merged,jeremychia,2026-01-26 06:03:15+00:00,2026-01-30 06:22:36+00:00,2026-01-30 06:22:35+00:00,3,,0,4,https://github.com/vinted/dataverse-finance/pull/1303,2382,2026-01,2026,1,Q1 2026,True,False,False
7047,chore: change join used for `mart_retail_orders`,dataverse-vintedgo-dbt,vinted/dataverse-vintedgo-dbt,merged,jeremychia,2026-01-26 11:21:55+00:00,2026-01-26 11:44:13+00:00,2026-01-26 11:44:12+00:00,3,vgo_d2c,1,0,https://github.com/vinted/dataverse-vintedgo-dbt/pull/7047,3191,2026-01,2026,1,Q1 2026,True,False,False
7049,chore: increase scope of addresses in mart_retail_orders,dataverse-vintedgo-dbt,vinted/dataverse-vintedgo-dbt,merged,jeremychia,2026-01-26 12:08:33+00:00,2026-01-26 12:24:07+00:00,2026-01-26 12:24:06+00:00,3,vgo_d2c,1,0,https://github.com/vinted/dataverse-vintedgo-dbt/pull/7049,2783,2026-01,2026,1,Q1 2026,True,False,False
7068,feat: use disabled_at to discern what to filter for package configs,dataverse-vintedgo-dbt,vinted/dataverse-vintedgo-dbt,merged,jeremychia,2026-01-27 10:45:57+00:00,2026-01-27 11:33:10+00:00,2026-01-27 11:33:09+00:00,3,vgo_finance,1,0,https://github.com/vinted/dataverse-vintedgo-dbt/pull/7068,1070,2026-01,2026,1,Q1 2026,True,False,False
7091,"Revert ""chore: increase scope of addresses in mart_retail_orders""",dataverse-vintedgo-dbt,vinted/dataverse-vintedgo-dbt,merged,jeremychia,2026-01-28 10:11:12+00:00,2026-01-28 10:25:25+00:00,2026-01-28 10:25:23+00:00,3,vgo_d2c,1,0,https://github.com/vinted/dataverse-vintedgo-dbt/pull/7091,153,2026-01,2026,1,Q1 2026,True,False,False
7116,"chore: add visibility: public for prep_marketplace_shipments_and_statuses, used cross-project",dataverse-vintedgo-dbt,vinted/dataverse-vintedgo-dbt,merged,jeremychia,2026-01-29 05:05:19+00:00,2026-01-29 07:16:56+00:00,2026-01-29 07:16:55+00:00,3,vgo_general,1,0,https://github.com/vinted/dataverse-vintedgo-dbt/pull/7116,280,2026-01,2026,1,Q1 2026,True,False,False
7117,chore: adjust last modified models,dataverse-vintedgo-dbt,vinted/dataverse-vintedgo-dbt,merged,jeremychia,2026-01-29 05:18:20+00:00,2026-01-29 11:17:39+00:00,2026-01-29 11:17:38+00:00,3,vgo_finance,1,0,https://github.com/vinted/dataverse-vintedgo-dbt/pull/7117,437,2026-01,2026,1,Q1 2026,True,False,False
1310,chore: change SLO for fct_eur_exchange_rates,dataverse-finance,vinted/dataverse-finance,merged,jeremychia,2026-01-29 05:42:17+00:00,2026-01-30 06:45:06+00:00,2026-01-30 06:45:05+00:00,3,,0,1,https://github.com/vinted/dataverse-finance/pull/1310,744,2026-01,2026,1,Q1 2026,True,False,False
7120,feat: parse through dimension field in drop_off_option_parcels,dataverse-vintedgo-dbt,vinted/dataverse-vintedgo-dbt,merged,jeremychia,2026-01-29 07:55:55+00:00,2026-01-29 11:06:20+00:00,2026-01-29 11:06:19+00:00,3,vgo_finance,1,0,https://github.com/vinted/dataverse-vintedgo-dbt/pull/7120,1316,2026-01,2026,1,Q1 2026,True,False,False
7133,feat: Add Retail Order Address Models with PII Management and Retention Policies,dataverse-vintedgo-dbt,vinted/dataverse-vintedgo-dbt,merged,jeremychia,2026-01-29 14:26:23+00:00,2026-01-30 06:51:50+00:00,2026-01-30 06:51:49+00:00,3,"vgo_d2c, docs",2,0,https://github.com/vinted/dataverse-vintedgo-dbt/pull/7133,1252,2026-01,2026,1,Q1 2026,True,False,False
3060,chore: create dataset schemas in vgo-gen,terraform-dataverse,vinted/terraform-dataverse,merged,jeremychia,2026-01-30 06:04:46+00:00,2026-01-30 09:10:56+00:00,2026-01-30 09:10:55+00:00,2,,0,0,https://github.com/vinted/terraform-dataverse/pull/3060,423,2026-01,2026,1,Q1 2026,True,False,False
7136,fix: unique key because of nulls in int_carrier_contract_prices_v1,dataverse-vintedgo-dbt,vinted/dataverse-vintedgo-dbt,merged,jeremychia,2026-01-30 08:00:10+00:00,2026-01-30 08:56:39+00:00,2026-01-30 08:56:38+00:00,3,vgo_finance,1,0,https://github.com/vinted/dataverse-vintedgo-dbt/pull/7136,225,2026-01,2026,1,Q1 2026,True,False,False
7141,feat: introduce mart which is on a carrier leg and invoice granularity,dataverse-vintedgo-dbt,vinted/dataverse-vintedgo-dbt,merged,jeremychia,2026-01-30 10:08:01+00:00,2026-02-05 09:07:44+00:00,2026-02-05 09:07:43+00:00,3,vgo_finance,1,5,https://github.com/vinted/dataverse-vintedgo-dbt/pull/7141,3587,2026-01,2026,1,Q1 2026,True,False,False
7145,chore: swap sources of address data for retail orders,dataverse-vintedgo-dbt,vinted/dataverse-vintedgo-dbt,merged,jeremychia,2026-01-30 11:10:05+00:00,2026-02-02 01:47:24+00:00,2026-02-02 01:47:23+00:00,3,vgo_d2c,1,2,https://github.com/vinted/dataverse-vintedgo-dbt/pull/7145,303,2026-01,2026,1,Q1 2026,True,False,False
7161,chore: correct name for slack tag (deivydas.stancikas),dataverse-vintedgo-dbt,vinted/dataverse-vintedgo-dbt,merged,jeremychia,2026-02-02 03:05:04+00:00,2026-02-02 07:01:12+00:00,2026-02-02 07:01:11+00:00,3,"vgo_recommender, scheduler",2,0,https://github.com/vinted/dataverse-vintedgo-dbt/pull/7161,992,2026-02,2026,2,Q1 2026,True,False,False
7162,feat: prep_retail_order_addresses to combine new and old address sources,dataverse-vintedgo-dbt,vinted/dataverse-vintedgo-dbt,merged,jeremychia,2026-02-02 05:57:18+00:00,2026-02-02 07:37:44+00:00,2026-02-02 07:37:43+00:00,4,vgo_d2c,1,0,https://github.com/vinted/dataverse-vintedgo-dbt/pull/7162,1429,2026-02,2026,2,Q1 2026,True,False,False
7163,chore: add columns for new schema in historic carrier contract prices,dataverse-vintedgo-dbt,vinted/dataverse-vintedgo-dbt,merged,jeremychia,2026-02-02 07:43:44+00:00,2026-02-02 07:51:53+00:00,2026-02-02 07:51:52+00:00,0,vgo_finance,1,0,https://github.com/vinted/dataverse-vintedgo-dbt/pull/7163,465,2026-02,2026,2,Q1 2026,True,False,False
7164,chore: add columns for new schema mart_historic_shipment_legs_revenue_recognition,dataverse-vintedgo-dbt,vinted/dataverse-vintedgo-dbt,merged,jeremychia,2026-02-02 07:51:07+00:00,2026-02-02 07:57:11+00:00,2026-02-02 07:57:10+00:00,0,vgo_finance,1,0,https://github.com/vinted/dataverse-vintedgo-dbt/pull/7164,373,2026-02,2026,2,Q1 2026,True,False,False
7168,chore: retake snapshot for revenue recognition,dataverse-vintedgo-dbt,vinted/dataverse-vintedgo-dbt,merged,jeremychia,2026-02-02 09:26:29+00:00,2026-02-02 09:29:25+00:00,2026-02-02 09:29:24+00:00,0,vgo_finance,1,0,https://github.com/vinted/dataverse-vintedgo-dbt/pull/7168,133,2026-02,2026,2,Q1 2026,True,False,False
7169,chore: drop from other tables (duplicates),dataverse-vintedgo-dbt,vinted/dataverse-vintedgo-dbt,merged,jeremychia,2026-02-02 09:37:18+00:00,2026-02-02 09:44:54+00:00,2026-02-02 09:44:53+00:00,0,vgo_finance,1,0,https://github.com/vinted/dataverse-vintedgo-dbt/pull/7169,60,2026-02,2026,2,Q1 2026,True,False,False
7174,chore: use current_date() instead of data interval end,dataverse-vintedgo-dbt,vinted/dataverse-vintedgo-dbt,merged,jeremychia,2026-02-02 13:59:24+00:00,2026-02-02 14:52:18+00:00,2026-02-02 14:52:16+00:00,3,vgo_finance,1,0,https://github.com/vinted/dataverse-vintedgo-dbt/pull/7174,214,2026-02,2026,2,Q1 2026,True,False,False
7177,chore: drop from carrier invoices total,dataverse-vintedgo-dbt,vinted/dataverse-vintedgo-dbt,closed,jeremychia,2026-02-02 15:31:27+00:00,2026-02-02 15:45:18+00:00,2026-02-02 15:45:18+00:00,0,vgo_finance,1,0,https://github.com/vinted/dataverse-vintedgo-dbt/pull/7177,0,2026-02,2026,2,Q1 2026,False,True,False
210,fix: MEC cutoff logic erroneously skips weekends,dataverse-vintedgo-finance,vinted/dataverse-vintedgo-finance,merged,jeremychia,2026-02-03 01:26:14+00:00,2026-02-03 07:03:32+00:00,2026-02-03 07:03:30+00:00,0,,0,0,https://github.com/vinted/dataverse-vintedgo-finance/pull/210,2957,2026-02,2026,2,Q1 2026,True,False,False
211,fix: hardcode seconds to 00 for royal mail API compatibility,dataverse-vintedgo-finance,vinted/dataverse-vintedgo-finance,merged,jeremychia,2026-02-03 01:55:53+00:00,2026-02-03 07:03:27+00:00,2026-02-03 07:03:24+00:00,0,,0,0,https://github.com/vinted/dataverse-vintedgo-finance/pull/211,1298,2026-02,2026,2,Q1 2026,True,False,False
7183,chore: deprecate carrier contract prices changes,dataverse-vintedgo-dbt,vinted/dataverse-vintedgo-dbt,merged,jeremychia,2026-02-03 05:16:25+00:00,2026-02-03 07:49:27+00:00,2026-02-03 07:49:26+00:00,3,vgo_finance,1,0,https://github.com/vinted/dataverse-vintedgo-dbt/pull/7183,276,2026-02,2026,2,Q1 2026,True,False,False
3738,chore: deprecate carrier contract prices and dashboard,dataverse-vintedgo-looker,vinted/dataverse-vintedgo-looker,merged,jeremychia,2026-02-03 05:19:17+00:00,2026-02-03 07:07:19+00:00,2026-02-03 07:07:18+00:00,0,"views, vgo_finance, models",3,0,https://github.com/vinted/dataverse-vintedgo-looker/pull/3738,345,2026-02,2026,2,Q1 2026,True,False,False
7184,refactor: replace DATA_INTERVAL_END with current_date() in incremental model business logic (vgo_finance),dataverse-vintedgo-dbt,vinted/dataverse-vintedgo-dbt,open,jeremychia,2026-02-03 06:28:11+00:00,2026-03-09 16:44:32+00:00,0001-01-01 00:00:00+00:00,4,vgo_finance,1,-739650,https://github.com/vinted/dataverse-vintedgo-dbt/pull/7184,5288,2026-02,2026,2,Q1 2026,False,False,True
7185,chore: add AT-POST to carrier mapping,dataverse-vintedgo-dbt,vinted/dataverse-vintedgo-dbt,merged,jeremychia,2026-02-03 06:35:52+00:00,2026-02-03 08:33:51+00:00,2026-02-03 08:33:50+00:00,3,vgo_finance,1,0,https://github.com/vinted/dataverse-vintedgo-dbt/pull/7185,391,2026-02,2026,2,Q1 2026,True,False,False
212,feat: Add --execute_as_at parameter for MEC cutoff logic to enable Airflow backfills,dataverse-vintedgo-finance,vinted/dataverse-vintedgo-finance,merged,jeremychia,2026-02-03 08:10:34+00:00,2026-02-03 08:18:58+00:00,2026-02-03 08:14:11+00:00,0,,0,0,https://github.com/vinted/dataverse-vintedgo-finance/pull/212,2196,2026-02,2026,2,Q1 2026,True,False,False
7186,fix: royal mail ingestor for backfills,dataverse-vintedgo-dbt,vinted/dataverse-vintedgo-dbt,merged,jeremychia,2026-02-03 08:11:01+00:00,2026-02-03 08:52:25+00:00,2026-02-03 08:52:24+00:00,3,"vgo_finance, scheduler",2,0,https://github.com/vinted/dataverse-vintedgo-dbt/pull/7186,70,2026-02,2026,2,Q1 2026,True,False,False
213,fix: time-zone aware cases,dataverse-vintedgo-finance,vinted/dataverse-vintedgo-finance,merged,jeremychia,2026-02-03 09:26:17+00:00,2026-02-03 09:31:01+00:00,2026-02-03 09:31:00+00:00,0,,0,0,https://github.com/vinted/dataverse-vintedgo-finance/pull/213,132,2026-02,2026,2,Q1 2026,True,False,False
6136,chore: elevate permissions for dataverse-vintedgo-finance for vintedgo-ae,terraform-github,vinted/terraform-github,merged,jeremychia,2026-02-03 09:41:28+00:00,2026-02-03 09:48:32+00:00,2026-02-03 09:48:31+00:00,3,,0,0,https://github.com/vinted/terraform-github/pull/6136,429,2026-02,2026,2,Q1 2026,True,False,False
438,feat: map new item condition 'wie neu' in momox fashion,dataverse-competitive-intelligence,vinted/dataverse-competitive-intelligence,merged,jeremychia,2026-02-04 06:03:55+00:00,2026-02-04 06:15:43+00:00,2026-02-04 06:15:41+00:00,3,,0,0,https://github.com/vinted/dataverse-competitive-intelligence/pull/438,871,2026-02,2026,2,Q1 2026,True,False,False
7198,chore: remove jeremy.chia from alerts,dataverse-vintedgo-dbt,vinted/dataverse-vintedgo-dbt,merged,jeremychia,2026-02-04 06:34:50+00:00,2026-02-04 07:23:36+00:00,2026-02-04 07:23:35+00:00,9,"vgo_carrier, vgo_finance, vgo_d2c, scheduler",4,0,https://github.com/vinted/dataverse-vintedgo-dbt/pull/7198,181,2026-02,2026,2,Q1 2026,True,False,False
215,chore: replace jeremy.chia in alerts with georgi.evlogiev,dataverse-vintedgo-finance,vinted/dataverse-vintedgo-finance,merged,jeremychia,2026-02-04 06:38:56+00:00,2026-02-04 07:11:58+00:00,2026-02-04 07:11:56+00:00,0,,0,0,https://github.com/vinted/dataverse-vintedgo-finance/pull/215,179,2026-02,2026,2,Q1 2026,True,False,False
7199,feat: propogate invoice_id by file for postnord-se,dataverse-vintedgo-dbt,vinted/dataverse-vintedgo-dbt,open,jeremychia,2026-02-04 07:43:41+00:00,2026-03-02 12:44:47+00:00,0001-01-01 00:00:00+00:00,1,vgo_finance,1,-739651,https://github.com/vinted/dataverse-vintedgo-dbt/pull/7199,534,2026-02,2026,2,Q1 2026,False,False,True
7200,chore: new service names for postnord-SE,dataverse-vintedgo-dbt,vinted/dataverse-vintedgo-dbt,open,jeremychia,2026-02-04 08:04:23+00:00,2026-03-02 12:45:17+00:00,0001-01-01 00:00:00+00:00,3,vgo_finance,1,-739651,https://github.com/vinted/dataverse-vintedgo-dbt/pull/7200,432,2026-02,2026,2,Q1 2026,False,False,True
219,docs: include readmes,dataverse-vintedgo-finance,vinted/dataverse-vintedgo-finance,open,jeremychia,2026-03-04 10:16:52+00:00,2026-03-05 06:55:45+00:00,0001-01-01 00:00:00+00:00,0,,0,-739679,https://github.com/vinted/dataverse-vintedgo-finance/pull/219,28,2026-03,2026,3,Q1 2026,False,False,True
7524,chore: include mapping for new backend carrier code VINTEDGO-IBERIA,dataverse-vintedgo-dbt,vinted/dataverse-vintedgo-dbt,merged,jeremychia,2026-03-05 07:06:37+00:00,2026-03-05 07:56:36+00:00,2026-03-05 07:56:35+00:00,3,vgo_finance,1,0,https://github.com/vinted/dataverse-vintedgo-dbt/pull/7524,227,2026-03,2026,3,Q1 2026,True,False,False
7525,chore: include new service_name for postnord_se in accepted values,dataverse-vintedgo-dbt,vinted/dataverse-vintedgo-dbt,merged,jeremychia,2026-03-05 07:07:03+00:00,2026-03-05 08:14:39+00:00,2026-03-05 08:14:38+00:00,3,vgo_finance,1,0,https://github.com/vinted/dataverse-vintedgo-dbt/pull/7525,91,2026-03,2026,3,Q1 2026,True,False,False
7526,chore: include AT|BE in routes accepted,dataverse-vintedgo-dbt,vinted/dataverse-vintedgo-dbt,merged,jeremychia,2026-03-05 07:09:02+00:00,2026-03-06 08:44:18+00:00,2026-03-06 08:44:17+00:00,3,vgo_finance,1,1,https://github.com/vinted/dataverse-vintedgo-dbt/pull/7526,362,2026-03,2026,3,Q1 2026,True,False,False
220,docs: better logging for easypost ingestor,dataverse-vintedgo-finance,vinted/dataverse-vintedgo-finance,open,jeremychia,2026-03-05 07:46:04+00:00,2026-03-05 07:46:05+00:00,0001-01-01 00:00:00+00:00,0,,0,-739680,https://github.com/vinted/dataverse-vintedgo-finance/pull/220,0,2026-03,2026,3,Q1 2026,False,False,True
7550,feat: implement global scheduler configuration for vgo_finance,dataverse-vintedgo-dbt,vinted/dataverse-vintedgo-dbt,merged,jeremychia,2026-03-06 08:18:02+00:00,2026-03-09 07:24:57+00:00,2026-03-09 07:24:56+00:00,3,vgo_finance,1,2,https://github.com/vinted/dataverse-vintedgo-dbt/pull/7550,579,2026-03,2026,3,Q1 2026,True,False,False
7551,chore: include config for excluding tests,dataverse-vintedgo-dbt,vinted/dataverse-vintedgo-dbt,merged,jeremychia,2026-03-06 08:51:16+00:00,2026-03-06 09:10:41+00:00,2026-03-06 09:10:40+00:00,3,vgo_finance,1,0,https://github.com/vinted/dataverse-vintedgo-dbt/pull/7551,132,2026-03,2026,3,Q1 2026,True,False,False
223,docs: improve docs on completeness alert,dataverse-vintedgo-finance,vinted/dataverse-vintedgo-finance,open,jeremychia,2026-03-06 09:15:02+00:00,2026-03-10 12:54:23+00:00,0001-01-01 00:00:00+00:00,0,,0,-739681,https://github.com/vinted/dataverse-vintedgo-finance/pull/223,0,2026-03,2026,3,Q1 2026,False,False,True
6525,chore: add cursor app to dataverse - vintedgo repositories,terraform-github,vinted/terraform-github,merged,jeremychia,2026-03-10 12:58:42+00:00,2026-03-10 13:50:06+00:00,2026-03-10 13:50:05+00:00,7,,0,0,https://github.com/vinted/terraform-github/pull/6525,1024,2026-03,2026,3,Q1 2026,True,False,False
7591,feat: introduce cursor bugbot instructions,dataverse-vintedgo-dbt,vinted/dataverse-vintedgo-dbt,merged,jeremychia,2026-03-10 13:55:00+00:00,2026-03-10 14:07:57+00:00,2026-03-10 14:07:55+00:00,0,docs,1,0,https://github.com/vinted/dataverse-vintedgo-dbt/pull/7591,379,2026-03,2026,3,Q1 2026,True,False,False
7597,chore: add DE|PT as a valid combination,dataverse-vintedgo-dbt,vinted/dataverse-vintedgo-dbt,merged,jeremychia,2026-03-11 07:08:15+00:00,2026-03-11 07:29:46+00:00,2026-03-11 07:29:45+00:00,3,vgo_finance,1,0,https://github.com/vinted/dataverse-vintedgo-dbt/pull/7597,299,2026-03,2026,3,Q1 2026,True,False,False
7602,Missing clustering statement,dataverse-vintedgo-dbt,vinted/dataverse-vintedgo-dbt,closed,jeremychia,2026-03-11 13:21:05+00:00,2026-03-11 13:21:34+00:00,2026-03-11 13:21:34+00:00,1,,0,0,https://github.com/vinted/dataverse-vintedgo-dbt/pull/7602,3415,2026-03,2026,3,Q1 2026,False,True,False
294,"docs: post - test smarter, not harder",vinted.github.io,vinted/vinted.github.io,merged,jeremychia,2026-03-11 14:26:08+00:00,2026-03-11 15:31:37+00:00,2026-03-11 15:31:35+00:00,0,,0,0,https://github.com/vinted/vinted.github.io/pull/294,469,2026-03,2026,3,Q1 2026,True,False,False
295,chore: adjust comments rendering on page,vinted.github.io,vinted/vinted.github.io,merged,jeremychia,2026-03-11 15:40:10+00:00,2026-03-11 15:41:07+00:00,2026-03-11 15:41:05+00:00,0,,0,0,https://github.com/vinted/vinted.github.io/pull/295,15,2026-03,2026,3,Q1 2026,True,False,False
296,chore: amend opening of #294,vinted.github.io,vinted/vinted.github.io,merged,jeremychia,2026-03-11 16:05:03+00:00,2026-03-11 16:05:12+00:00,2026-03-11 16:05:10+00:00,0,,0,0,https://github.com/vinted/vinted.github.io/pull/296,21,2026-03,2026,3,Q1 2026,True,False,False
6534,Disable code owner reviews for dataverse-vintedgo-finance repository,terraform-github,vinted/terraform-github,open,jeremychia,2026-03-11 16:13:42+00:00,2026-03-12 07:15:37+00:00,0001-01-01 00:00:00+00:00,6,,0,-739686,https://github.com/vinted/terraform-github/pull/6534,44,2026-03,2026,3,Q1 2026,False,False,True
